----------------------------------------
Exception occurred during processing of request from ('10.200.2.1', 35092)
----------------------------------------
----------------------------------------
Exception occurred during processing of request from ('10.200.2.1', 35132)
----------------------------------------
----------------------------------------
----------------------------------------
----------------------------------------
----------------------------------------
----------------------------------------
----------------------------------------
----------------------------------------
----------------------------------------
----------------------------------------
----------------------------------------
----------------------------------------
----------------------------------------
----------------------------------------
----------------------------------------
----------------------------------------
Exception occurred during processing of request from ('10.200.2.1', 35082)
----------------------------------------
Exception occurred during processing of request from ('10.200.2.1', 34944)
----------------------------------------
----------------------------------------
Exception occurred during processing of request from ('10.200.2.1', 35044)
----------------------------------------
----------------------------------------
----------------------------------------
----------------------------------------
----------------------------------------
----------------------------------------
Exception occurred during processing of request from ('10.200.2.1', 35030)
----------------------------------------
Exception occurred during processing of request from ('10.200.2.1', 34920)
Exception occurred during processing of request from ('10.200.2.1', 34904)
Exception occurred during processing of request from ('10.200.2.1', 35034)
Exception occurred during processing of request from ('10.200.2.1', 35068)
----------------------------------------
Exception occurred during processing of request from ('10.200.2.1', 35090)
Exception occurred during processing of request from ('10.200.2.1', 34930)
Exception occurred during processing of request from ('10.200.2.1', 35112)
Exception occurred during processing of request from ('10.200.2.1', 34966)
Exception occurred during processing of request from ('10.200.2.1', 35098)
Exception occurred during processing of request from ('10.200.2.1', 34938)
Exception occurred during processing of request from ('10.200.2.1', 35150)
Exception occurred during processing of request from ('10.200.2.1', 35018)
Exception occurred during processing of request from ('10.200.2.1', 34980)
Exception occurred during processing of request from ('10.200.2.1', 35116)
Exception occurred during processing of request from ('10.200.2.1', 35052)
Exception occurred during processing of request from ('10.200.2.1', 35122)
Exception occurred during processing of request from ('10.200.2.1', 34958)
Exception occurred during processing of request from ('10.200.2.1', 35136)
Exception occurred during processing of request from ('10.200.2.1', 34968)
Exception occurred during processing of request from ('10.200.2.1', 35140)
Exception occurred during processing of request from ('10.200.2.1', 35062)
----------------------------------------
Exception occurred during processing of request from ('10.200.2.1', 35156)
Exception occurred during processing of request from ('10.200.2.1', 34994)
Exception occurred during processing of request from ('10.200.2.1', 35118)
Exception occurred during processing of request from ('10.200.2.1', 35058)
Traceback (most recent call last):
Traceback (most recent call last):
Traceback (most recent call last):
Traceback (most recent call last):
Traceback (most recent call last):
Traceback (most recent call last):
Traceback (most recent call last):
Traceback (most recent call last):
Traceback (most recent call last):
Traceback (most recent call last):
  File "/usr/lib/python3.10/socketserver.py", line 683, in process_request_thread
    self.finish_request(request, client_address)
  File "/usr/lib/python3.10/socketserver.py", line 360, in finish_request
    self.RequestHandlerClass(request, client_address, self)
Traceback (most recent call last):
Traceback (most recent call last):
Traceback (most recent call last):
Traceback (most recent call last):
Traceback (most recent call last):
  File "/usr/lib/python3.10/socketserver.py", line 683, in process_request_thread
    self.finish_request(request, client_address)
Traceback (most recent call last):
Traceback (most recent call last):
  File "/usr/lib/python3.10/socketserver.py", line 683, in process_request_thread
    self.finish_request(request, client_address)
Traceback (most recent call last):
Traceback (most recent call last):
Traceback (most recent call last):
Traceback (most recent call last):
Traceback (most recent call last):
Traceback (most recent call last):
Traceback (most recent call last):
  File "/usr/lib/python3.10/socketserver.py", line 683, in process_request_thread
    self.finish_request(request, client_address)
  File "/usr/lib/python3.10/socketserver.py", line 683, in process_request_thread
    self.finish_request(request, client_address)
  File "/usr/lib/python3.10/socketserver.py", line 683, in process_request_thread
    self.finish_request(request, client_address)
  File "/usr/lib/python3.10/socketserver.py", line 683, in process_request_thread
    self.finish_request(request, client_address)
  File "/usr/lib/python3.10/socketserver.py", line 683, in process_request_thread
    self.finish_request(request, client_address)
  File "/usr/lib/python3.10/socketserver.py", line 360, in finish_request
    self.RequestHandlerClass(request, client_address, self)
  File "/usr/lib/python3.10/socketserver.py", line 747, in __init__
    self.handle()
  File "/usr/lib/python3.10/http/server.py", line 435, in handle
    self.handle_one_request()
Traceback (most recent call last):
  File "/usr/lib/python3.10/socketserver.py", line 683, in process_request_thread
    self.finish_request(request, client_address)
  File "/usr/lib/python3.10/socketserver.py", line 683, in process_request_thread
    self.finish_request(request, client_address)
  File "/usr/lib/python3.10/socketserver.py", line 683, in process_request_thread
    self.finish_request(request, client_address)
  File "/usr/lib/python3.10/socketserver.py", line 360, in finish_request
    self.RequestHandlerClass(request, client_address, self)
  File "/usr/lib/python3.10/socketserver.py", line 683, in process_request_thread
    self.finish_request(request, client_address)
  File "/usr/lib/python3.10/socketserver.py", line 683, in process_request_thread
    self.finish_request(request, client_address)
  File "/usr/lib/python3.10/socketserver.py", line 683, in process_request_thread
    self.finish_request(request, client_address)
  File "/usr/lib/python3.10/socketserver.py", line 683, in process_request_thread
    self.finish_request(request, client_address)
  File "/usr/lib/python3.10/socketserver.py", line 360, in finish_request
    self.RequestHandlerClass(request, client_address, self)
  File "/usr/lib/python3.10/socketserver.py", line 683, in process_request_thread
    self.finish_request(request, client_address)
Traceback (most recent call last):
Traceback (most recent call last):
Traceback (most recent call last):
  File "/usr/lib/python3.10/socketserver.py", line 683, in process_request_thread
    self.finish_request(request, client_address)
  File "/usr/lib/python3.10/socketserver.py", line 360, in finish_request
    self.RequestHandlerClass(request, client_address, self)
Traceback (most recent call last):
  File "/usr/lib/python3.10/socketserver.py", line 360, in finish_request
    self.RequestHandlerClass(request, client_address, self)
  File "/usr/lib/python3.10/socketserver.py", line 747, in __init__
    self.handle()
  File "/usr/lib/python3.10/http/server.py", line 435, in handle
    self.handle_one_request()
  File "/usr/lib/python3.10/socketserver.py", line 683, in process_request_thread
    self.finish_request(request, client_address)
  File "/usr/lib/python3.10/socketserver.py", line 360, in finish_request
    self.RequestHandlerClass(request, client_address, self)
  File "/usr/lib/python3.10/socketserver.py", line 683, in process_request_thread
    self.finish_request(request, client_address)
  File "/usr/lib/python3.10/socketserver.py", line 360, in finish_request
    self.RequestHandlerClass(request, client_address, self)
  File "/usr/lib/python3.10/socketserver.py", line 683, in process_request_thread
    self.finish_request(request, client_address)
  File "/usr/lib/python3.10/socketserver.py", line 360, in finish_request
    self.RequestHandlerClass(request, client_address, self)
  File "/usr/lib/python3.10/socketserver.py", line 360, in finish_request
    self.RequestHandlerClass(request, client_address, self)
  File "/usr/lib/python3.10/socketserver.py", line 360, in finish_request
    self.RequestHandlerClass(request, client_address, self)
  File "/usr/lib/python3.10/socketserver.py", line 747, in __init__
    self.handle()
Traceback (most recent call last):
  File "/usr/lib/python3.10/socketserver.py", line 360, in finish_request
    self.RequestHandlerClass(request, client_address, self)
  File "/usr/lib/python3.10/socketserver.py", line 360, in finish_request
    self.RequestHandlerClass(request, client_address, self)
  File "/usr/lib/python3.10/socketserver.py", line 360, in finish_request
    self.RequestHandlerClass(request, client_address, self)
  File "/usr/lib/python3.10/socketserver.py", line 683, in process_request_thread
    self.finish_request(request, client_address)
  File "/usr/lib/python3.10/http/server.py", line 401, in handle_one_request
    self.raw_requestline = self.rfile.readline(65537)
  File "/usr/lib/python3.10/socket.py", line 705, in readinto
    return self._sock.recv_into(b)
  File "/usr/lib/python3.10/socketserver.py", line 683, in process_request_thread
    self.finish_request(request, client_address)
  File "/usr/lib/python3.10/socketserver.py", line 360, in finish_request
    self.RequestHandlerClass(request, client_address, self)
  File "/usr/lib/python3.10/socketserver.py", line 683, in process_request_thread
    self.finish_request(request, client_address)
  File "/usr/lib/python3.10/socketserver.py", line 683, in process_request_thread
    self.finish_request(request, client_address)
  File "/usr/lib/python3.10/socketserver.py", line 747, in __init__
    self.handle()
Traceback (most recent call last):
  File "/usr/lib/python3.10/socketserver.py", line 360, in finish_request
    self.RequestHandlerClass(request, client_address, self)
  File "/usr/lib/python3.10/socketserver.py", line 360, in finish_request
    self.RequestHandlerClass(request, client_address, self)
  File "/usr/lib/python3.10/socketserver.py", line 683, in process_request_thread
    self.finish_request(request, client_address)
  File "/usr/lib/python3.10/socketserver.py", line 360, in finish_request
    self.RequestHandlerClass(request, client_address, self)
  File "/usr/lib/python3.10/socketserver.py", line 747, in __init__
    self.handle()
  File "/usr/lib/python3.10/socketserver.py", line 683, in process_request_thread
    self.finish_request(request, client_address)
  File "/usr/lib/python3.10/socketserver.py", line 747, in __init__
    self.handle()
  File "/usr/lib/python3.10/socketserver.py", line 360, in finish_request
    self.RequestHandlerClass(request, client_address, self)
  File "/usr/lib/python3.10/socketserver.py", line 683, in process_request_thread
    self.finish_request(request, client_address)
  File "/usr/lib/python3.10/socketserver.py", line 360, in finish_request
    self.RequestHandlerClass(request, client_address, self)
  File "/usr/lib/python3.10/http/server.py", line 401, in handle_one_request
    self.raw_requestline = self.rfile.readline(65537)
  File "/usr/lib/python3.10/socketserver.py", line 747, in __init__
    self.handle()
  File "/usr/lib/python3.10/http/server.py", line 435, in handle
    self.handle_one_request()
  File "/usr/lib/python3.10/http/server.py", line 401, in handle_one_request
    self.raw_requestline = self.rfile.readline(65537)
  File "/usr/lib/python3.10/socketserver.py", line 747, in __init__
    self.handle()
  File "/usr/lib/python3.10/http/server.py", line 435, in handle
    self.handle_one_request()
  File "/usr/lib/python3.10/socketserver.py", line 747, in __init__
    self.handle()
  File "/usr/lib/python3.10/http/server.py", line 435, in handle
    self.handle_one_request()
  File "/usr/lib/python3.10/socketserver.py", line 360, in finish_request
    self.RequestHandlerClass(request, client_address, self)
  File "/usr/lib/python3.10/socketserver.py", line 683, in process_request_thread
    self.finish_request(request, client_address)
  File "/usr/lib/python3.10/http/server.py", line 435, in handle
    self.handle_one_request()
  File "/usr/lib/python3.10/socketserver.py", line 747, in __init__
    self.handle()
  File "/usr/lib/python3.10/socketserver.py", line 683, in process_request_thread
    self.finish_request(request, client_address)
  File "/usr/lib/python3.10/socketserver.py", line 360, in finish_request
    self.RequestHandlerClass(request, client_address, self)
  File "/usr/lib/python3.10/socketserver.py", line 360, in finish_request
    self.RequestHandlerClass(request, client_address, self)
  File "/usr/lib/python3.10/socket.py", line 705, in readinto
    return self._sock.recv_into(b)
  File "/usr/lib/python3.10/socketserver.py", line 360, in finish_request
    self.RequestHandlerClass(request, client_address, self)
  File "/usr/lib/python3.10/socketserver.py", line 360, in finish_request
    self.RequestHandlerClass(request, client_address, self)
  File "/usr/lib/python3.10/socketserver.py", line 747, in __init__
    self.handle()
  File "/usr/lib/python3.10/http/server.py", line 435, in handle
    self.handle_one_request()
  File "/usr/lib/python3.10/http/server.py", line 401, in handle_one_request
    self.raw_requestline = self.rfile.readline(65537)
  File "/usr/lib/python3.10/socketserver.py", line 747, in __init__
    self.handle()
  File "/usr/lib/python3.10/http/server.py", line 435, in handle
    self.handle_one_request()
  File "/usr/lib/python3.10/socketserver.py", line 747, in __init__
    self.handle()
  File "/usr/lib/python3.10/socketserver.py", line 360, in finish_request
    self.RequestHandlerClass(request, client_address, self)
  File "/usr/lib/python3.10/http/server.py", line 401, in handle_one_request
    self.raw_requestline = self.rfile.readline(65537)
  File "/usr/lib/python3.10/http/server.py", line 435, in handle
    self.handle_one_request()
  File "/usr/lib/python3.10/socketserver.py", line 360, in finish_request
    self.RequestHandlerClass(request, client_address, self)
  File "/usr/lib/python3.10/socketserver.py", line 747, in __init__
    self.handle()
  File "/usr/lib/python3.10/socketserver.py", line 747, in __init__
    self.handle()
ConnectionResetError: [Errno 104] Connection reset by peer
  File "/usr/lib/python3.10/socketserver.py", line 747, in __init__
    self.handle()
  File "/usr/lib/python3.10/socketserver.py", line 360, in finish_request
    self.RequestHandlerClass(request, client_address, self)
  File "/usr/lib/python3.10/socketserver.py", line 683, in process_request_thread
    self.finish_request(request, client_address)
  File "/usr/lib/python3.10/socketserver.py", line 747, in __init__
    self.handle()
  File "/usr/lib/python3.10/http/server.py", line 401, in handle_one_request
    self.raw_requestline = self.rfile.readline(65537)
  File "/usr/lib/python3.10/socketserver.py", line 747, in __init__
    self.handle()
  File "/usr/lib/python3.10/http/server.py", line 435, in handle
    self.handle_one_request()
  File "/usr/lib/python3.10/socketserver.py", line 747, in __init__
    self.handle()
  File "/usr/lib/python3.10/socketserver.py", line 747, in __init__
    self.handle()
  File "/usr/lib/python3.10/socket.py", line 705, in readinto
    return self._sock.recv_into(b)
  File "/usr/lib/python3.10/http/server.py", line 401, in handle_one_request
    self.raw_requestline = self.rfile.readline(65537)
  File "/usr/lib/python3.10/socketserver.py", line 747, in __init__
    self.handle()
  File "/usr/lib/python3.10/http/server.py", line 435, in handle
    self.handle_one_request()
  File "/usr/lib/python3.10/http/server.py", line 435, in handle
    self.handle_one_request()
----------------------------------------
  File "/usr/lib/python3.10/socket.py", line 705, in readinto
    return self._sock.recv_into(b)
  File "/usr/lib/python3.10/http/server.py", line 435, in handle
    self.handle_one_request()
  File "/usr/lib/python3.10/socket.py", line 705, in readinto
    return self._sock.recv_into(b)
  File "/usr/lib/python3.10/http/server.py", line 401, in handle_one_request
    self.raw_requestline = self.rfile.readline(65537)
  File "/usr/lib/python3.10/socket.py", line 705, in readinto
    return self._sock.recv_into(b)
  File "/usr/lib/python3.10/http/server.py", line 435, in handle
    self.handle_one_request()
  File "/usr/lib/python3.10/http/server.py", line 401, in handle_one_request
    self.raw_requestline = self.rfile.readline(65537)
  File "/usr/lib/python3.10/socketserver.py", line 360, in finish_request
    self.RequestHandlerClass(request, client_address, self)
  File "/usr/lib/python3.10/http/server.py", line 435, in handle
    self.handle_one_request()
  File "/usr/lib/python3.10/http/server.py", line 401, in handle_one_request
    self.raw_requestline = self.rfile.readline(65537)
ConnectionResetError: [Errno 104] Connection reset by peer
  File "/usr/lib/python3.10/socketserver.py", line 747, in __init__
    self.handle()
  File "/usr/lib/python3.10/http/server.py", line 435, in handle
    self.handle_one_request()
  File "/usr/lib/python3.10/http/server.py", line 435, in handle
    self.handle_one_request()
  File "/usr/lib/python3.10/http/server.py", line 401, in handle_one_request
    self.raw_requestline = self.rfile.readline(65537)
  File "/usr/lib/python3.10/socket.py", line 705, in readinto
    return self._sock.recv_into(b)
ConnectionResetError: [Errno 104] Connection reset by peer
  File "/usr/lib/python3.10/socketserver.py", line 747, in __init__
    self.handle()
  File "/usr/lib/python3.10/http/server.py", line 401, in handle_one_request
    self.raw_requestline = self.rfile.readline(65537)
  File "/usr/lib/python3.10/http/server.py", line 435, in handle
    self.handle_one_request()
  File "/usr/lib/python3.10/socketserver.py", line 683, in process_request_thread
    self.finish_request(request, client_address)
  File "/usr/lib/python3.10/http/server.py", line 401, in handle_one_request
    self.raw_requestline = self.rfile.readline(65537)
  File "/usr/lib/python3.10/socket.py", line 705, in readinto
    return self._sock.recv_into(b)
  File "/usr/lib/python3.10/http/server.py", line 435, in handle
    self.handle_one_request()
  File "/usr/lib/python3.10/socketserver.py", line 747, in __init__
    self.handle()
ConnectionResetError: [Errno 104] Connection reset by peer
  File "/usr/lib/python3.10/socket.py", line 705, in readinto
    return self._sock.recv_into(b)
  File "/usr/lib/python3.10/socketserver.py", line 747, in __init__
    self.handle()
  File "/usr/lib/python3.10/http/server.py", line 401, in handle_one_request
    self.raw_requestline = self.rfile.readline(65537)
  File "/usr/lib/python3.10/socketserver.py", line 747, in __init__
    self.handle()
  File "/usr/lib/python3.10/http/server.py", line 435, in handle
    self.handle_one_request()
  File "/usr/lib/python3.10/http/server.py", line 435, in handle
    self.handle_one_request()
  File "/usr/lib/python3.10/socketserver.py", line 360, in finish_request
    self.RequestHandlerClass(request, client_address, self)
ConnectionResetError: [Errno 104] Connection reset by peer
  File "/usr/lib/python3.10/http/server.py", line 401, in handle_one_request
    self.raw_requestline = self.rfile.readline(65537)
  File "/usr/lib/python3.10/socketserver.py", line 360, in finish_request
    self.RequestHandlerClass(request, client_address, self)
  File "/usr/lib/python3.10/http/server.py", line 401, in handle_one_request
    self.raw_requestline = self.rfile.readline(65537)
  File "/usr/lib/python3.10/socket.py", line 705, in readinto
    return self._sock.recv_into(b)
  File "/usr/lib/python3.10/http/server.py", line 401, in handle_one_request
    self.raw_requestline = self.rfile.readline(65537)
  File "/usr/lib/python3.10/http/server.py", line 435, in handle
    self.handle_one_request()
----------------------------------------
ConnectionResetError: [Errno 104] Connection reset by peer
  File "/usr/lib/python3.10/http/server.py", line 435, in handle
    self.handle_one_request()
  File "/usr/lib/python3.10/socketserver.py", line 747, in __init__
    self.handle()
  File "/usr/lib/python3.10/socketserver.py", line 747, in __init__
    self.handle()
ConnectionResetError: [Errno 104] Connection reset by peer
----------------------------------------
  File "/usr/lib/python3.10/socket.py", line 705, in readinto
    return self._sock.recv_into(b)
----------------------------------------
  File "/usr/lib/python3.10/socket.py", line 705, in readinto
    return self._sock.recv_into(b)
  File "/usr/lib/python3.10/socketserver.py", line 747, in __init__
    self.handle()
  File "/usr/lib/python3.10/http/server.py", line 435, in handle
    self.handle_one_request()
  File "/usr/lib/python3.10/http/server.py", line 435, in handle
    self.handle_one_request()
  File "/usr/lib/python3.10/socket.py", line 705, in readinto
    return self._sock.recv_into(b)
  File "/usr/lib/python3.10/http/server.py", line 401, in handle_one_request
    self.raw_requestline = self.rfile.readline(65537)
  File "/usr/lib/python3.10/http/server.py", line 401, in handle_one_request
    self.raw_requestline = self.rfile.readline(65537)
----------------------------------------
  File "/usr/lib/python3.10/socket.py", line 705, in readinto
    return self._sock.recv_into(b)
  File "/usr/lib/python3.10/http/server.py", line 435, in handle
    self.handle_one_request()
  File "/usr/lib/python3.10/http/server.py", line 401, in handle_one_request
    self.raw_requestline = self.rfile.readline(65537)
  File "/usr/lib/python3.10/socketserver.py", line 747, in __init__
    self.handle()
ConnectionResetError: [Errno 104] Connection reset by peer
ConnectionResetError: [Errno 104] Connection reset by peer
  File "/usr/lib/python3.10/http/server.py", line 435, in handle
    self.handle_one_request()
  File "/usr/lib/python3.10/http/server.py", line 401, in handle_one_request
    self.raw_requestline = self.rfile.readline(65537)
  File "/usr/lib/python3.10/http/server.py", line 401, in handle_one_request
    self.raw_requestline = self.rfile.readline(65537)
ConnectionResetError: [Errno 104] Connection reset by peer
  File "/usr/lib/python3.10/socket.py", line 705, in readinto
    return self._sock.recv_into(b)
  File "/usr/lib/python3.10/http/server.py", line 401, in handle_one_request
    self.raw_requestline = self.rfile.readline(65537)
  File "/usr/lib/python3.10/http/server.py", line 435, in handle
    self.handle_one_request()
  File "/usr/lib/python3.10/http/server.py", line 435, in handle
    self.handle_one_request()
----------------------------------------
  File "/usr/lib/python3.10/http/server.py", line 401, in handle_one_request
    self.raw_requestline = self.rfile.readline(65537)
  File "/usr/lib/python3.10/http/server.py", line 435, in handle
    self.handle_one_request()
  File "/usr/lib/python3.10/http/server.py", line 401, in handle_one_request
    self.raw_requestline = self.rfile.readline(65537)
  File "/usr/lib/python3.10/socket.py", line 705, in readinto
    return self._sock.recv_into(b)
ConnectionResetError: [Errno 104] Connection reset by peer
----------------------------------------
  File "/usr/lib/python3.10/socket.py", line 705, in readinto
    return self._sock.recv_into(b)
----------------------------------------
  File "/usr/lib/python3.10/socketserver.py", line 747, in __init__
    self.handle()
----------------------------------------
  File "/usr/lib/python3.10/http/server.py", line 401, in handle_one_request
    self.raw_requestline = self.rfile.readline(65537)
ConnectionResetError: [Errno 104] Connection reset by peer
  File "/usr/lib/python3.10/http/server.py", line 401, in handle_one_request
    self.raw_requestline = self.rfile.readline(65537)
  File "/usr/lib/python3.10/socket.py", line 705, in readinto
    return self._sock.recv_into(b)
  File "/usr/lib/python3.10/socket.py", line 705, in readinto
    return self._sock.recv_into(b)
  File "/usr/lib/python3.10/socket.py", line 705, in readinto
    return self._sock.recv_into(b)
  File "/usr/lib/python3.10/http/server.py", line 401, in handle_one_request
    self.raw_requestline = self.rfile.readline(65537)
ConnectionResetError: [Errno 104] Connection reset by peer
----------------------------------------
  File "/usr/lib/python3.10/http/server.py", line 435, in handle
    self.handle_one_request()
  File "/usr/lib/python3.10/http/server.py", line 401, in handle_one_request
    self.raw_requestline = self.rfile.readline(65537)
  File "/usr/lib/python3.10/socket.py", line 705, in readinto
    return self._sock.recv_into(b)
  File "/usr/lib/python3.10/http/server.py", line 401, in handle_one_request
    self.raw_requestline = self.rfile.readline(65537)
----------------------------------------
ConnectionResetError: [Errno 104] Connection reset by peer
ConnectionResetError: [Errno 104] Connection reset by peer
ConnectionResetError: [Errno 104] Connection reset by peer
ConnectionResetError: [Errno 104] Connection reset by peer
  File "/usr/lib/python3.10/socket.py", line 705, in readinto
    return self._sock.recv_into(b)
----------------------------------------
ConnectionResetError: [Errno 104] Connection reset by peer
  File "/usr/lib/python3.10/socket.py", line 705, in readinto
    return self._sock.recv_into(b)
  File "/usr/lib/python3.10/socket.py", line 705, in readinto
    return self._sock.recv_into(b)
ConnectionResetError: [Errno 104] Connection reset by peer
----------------------------------------
----------------------------------------
----------------------------------------
----------------------------------------
ConnectionResetError: [Errno 104] Connection reset by peer
  File "/usr/lib/python3.10/socket.py", line 705, in readinto
    return self._sock.recv_into(b)
ConnectionResetError: [Errno 104] Connection reset by peer
  File "/usr/lib/python3.10/http/server.py", line 401, in handle_one_request
    self.raw_requestline = self.rfile.readline(65537)
ConnectionResetError: [Errno 104] Connection reset by peer
----------------------------------------
----------------------------------------
  File "/usr/lib/python3.10/socket.py", line 705, in readinto
    return self._sock.recv_into(b)
----------------------------------------
ConnectionResetError: [Errno 104] Connection reset by peer
----------------------------------------
  File "/usr/lib/python3.10/socket.py", line 705, in readinto
    return self._sock.recv_into(b)
----------------------------------------
  File "/usr/lib/python3.10/socket.py", line 705, in readinto
    return self._sock.recv_into(b)
ConnectionResetError: [Errno 104] Connection reset by peer
----------------------------------------
  File "/usr/lib/python3.10/socket.py", line 705, in readinto
    return self._sock.recv_into(b)
ConnectionResetError: [Errno 104] Connection reset by peer
----------------------------------------
  File "/usr/lib/python3.10/socket.py", line 705, in readinto
    return self._sock.recv_into(b)
ConnectionResetError: [Errno 104] Connection reset by peer
  File "/usr/lib/python3.10/socket.py", line 705, in readinto
    return self._sock.recv_into(b)
----------------------------------------
ConnectionResetError: [Errno 104] Connection reset by peer
ConnectionResetError: [Errno 104] Connection reset by peer
----------------------------------------
ConnectionResetError: [Errno 104] Connection reset by peer
----------------------------------------
----------------------------------------
ConnectionResetError: [Errno 104] Connection reset by peer
----------------------------------------
----------------------------------------
ConnectionResetError: [Errno 104] Connection reset by peer
----------------------------------------
----------------------------------------
----------------------------------------
Exception occurred during processing of request from ('10.200.2.1', 43220)
----------------------------------------
----------------------------------------
----------------------------------------
----------------------------------------
Exception occurred during processing of request from ('10.200.2.1', 43250)
----------------------------------------
----------------------------------------
----------------------------------------
----------------------------------------
----------------------------------------
----------------------------------------
----------------------------------------
----------------------------------------
Exception occurred during processing of request from ('10.200.2.1', 43140)
----------------------------------------
----------------------------------------
----------------------------------------
----------------------------------------
----------------------------------------
----------------------------------------
----------------------------------------
----------------------------------------
----------------------------------------
----------------------------------------
----------------------------------------
----------------------------------------
----------------------------------------
----------------------------------------
----------------------------------------
----------------------------------------
Exception occurred during processing of request from ('10.200.2.1', 43084)
Exception occurred during processing of request from ('10.200.2.1', 43072)
Exception occurred during processing of request from ('10.200.2.1', 43382)
Exception occurred during processing of request from ('10.200.2.1', 42952)
Exception occurred during processing of request from ('10.200.2.1', 43398)
Exception occurred during processing of request from ('10.200.2.1', 43062)
----------------------------------------
Exception occurred during processing of request from ('10.200.2.1', 43240)
Traceback (most recent call last):
Exception occurred during processing of request from ('10.200.2.1', 43180)
Exception occurred during processing of request from ('10.200.2.1', 43236)
Exception occurred during processing of request from ('10.200.2.1', 43094)
Exception occurred during processing of request from ('10.200.2.1', 43008)
Exception occurred during processing of request from ('10.200.2.1', 43242)
Exception occurred during processing of request from ('10.200.2.1', 43334)
Exception occurred during processing of request from ('10.200.2.1', 43036)
Exception occurred during processing of request from ('10.200.2.1', 43420)
Exception occurred during processing of request from ('10.200.2.1', 43122)
Exception occurred during processing of request from ('10.200.2.1', 43052)
Exception occurred during processing of request from ('10.200.2.1', 43020)
Exception occurred during processing of request from ('10.200.2.1', 43106)
Exception occurred during processing of request from ('10.200.2.1', 43088)
Exception occurred during processing of request from ('10.200.2.1', 43350)
----------------------------------------
----------------------------------------
----------------------------------------
Traceback (most recent call last):
Traceback (most recent call last):
----------------------------------------
Traceback (most recent call last):
----------------------------------------
  File "/usr/lib/python3.10/socketserver.py", line 683, in process_request_thread
    self.finish_request(request, client_address)
  File "/usr/lib/python3.10/socketserver.py", line 360, in finish_request
    self.RequestHandlerClass(request, client_address, self)
  File "/usr/lib/python3.10/socketserver.py", line 747, in __init__
    self.handle()
----------------------------------------
----------------------------------------
----------------------------------------
----------------------------------------
----------------------------------------
Exception occurred during processing of request from ('10.200.2.1', 43192)
Exception occurred during processing of request from ('10.200.2.1', 43124)
Traceback (most recent call last):
Traceback (most recent call last):
Traceback (most recent call last):
Traceback (most recent call last):
Exception occurred during processing of request from ('10.200.2.1', 43318)
Traceback (most recent call last):
Traceback (most recent call last):
Traceback (most recent call last):
----------------------------------------
----------------------------------------
Traceback (most recent call last):
  File "/usr/lib/python3.10/socketserver.py", line 683, in process_request_thread
    self.finish_request(request, client_address)
----------------------------------------
Exception occurred during processing of request from ('10.200.2.1', 43090)
----------------------------------------
----------------------------------------
Traceback (most recent call last):
Traceback (most recent call last):
Traceback (most recent call last):
----------------------------------------
Exception occurred during processing of request from ('10.200.2.1', 43266)
Traceback (most recent call last):
Traceback (most recent call last):
Traceback (most recent call last):
Traceback (most recent call last):
Traceback (most recent call last):
  File "/usr/lib/python3.10/socketserver.py", line 683, in process_request_thread
    self.finish_request(request, client_address)
  File "/usr/lib/python3.10/socketserver.py", line 683, in process_request_thread
    self.finish_request(request, client_address)
  File "/usr/lib/python3.10/socketserver.py", line 683, in process_request_thread
    self.finish_request(request, client_address)
  File "/usr/lib/python3.10/socketserver.py", line 683, in process_request_thread
    self.finish_request(request, client_address)
Exception occurred during processing of request from ('10.200.2.1', 43194)
  File "/usr/lib/python3.10/socketserver.py", line 683, in process_request_thread
    self.finish_request(request, client_address)
  File "/usr/lib/python3.10/socketserver.py", line 360, in finish_request
    self.RequestHandlerClass(request, client_address, self)
  File "/usr/lib/python3.10/socketserver.py", line 747, in __init__
    self.handle()
  File "/usr/lib/python3.10/http/server.py", line 435, in handle
    self.handle_one_request()
Exception occurred during processing of request from ('10.200.2.1', 43404)
  File "/usr/lib/python3.10/socketserver.py", line 683, in process_request_thread
    self.finish_request(request, client_address)
Exception occurred during processing of request from ('10.200.2.1', 43168)
Exception occurred during processing of request from ('10.200.2.1', 43110)
Exception occurred during processing of request from ('10.200.2.1', 43292)
Exception occurred during processing of request from ('10.200.2.1', 43018)
  File "/usr/lib/python3.10/socketserver.py", line 683, in process_request_thread
    self.finish_request(request, client_address)
  File "/usr/lib/python3.10/socketserver.py", line 360, in finish_request
    self.RequestHandlerClass(request, client_address, self)
  File "/usr/lib/python3.10/socketserver.py", line 683, in process_request_thread
    self.finish_request(request, client_address)
Exception occurred during processing of request from ('10.200.2.1', 43208)
Traceback (most recent call last):
Traceback (most recent call last):
Exception occurred during processing of request from ('10.200.2.1', 42994)
Exception occurred during processing of request from ('10.200.2.1', 42978)
Exception occurred during processing of request from ('10.200.2.1', 43016)
Traceback (most recent call last):
Traceback (most recent call last):
Traceback (most recent call last):
Traceback (most recent call last):
Traceback (most recent call last):
Traceback (most recent call last):
Traceback (most recent call last):
Exception occurred during processing of request from ('10.200.2.1', 43156)
Exception occurred during processing of request from ('10.200.2.1', 43300)
Exception occurred during processing of request from ('10.200.2.1', 42968)
  File "/usr/lib/python3.10/socketserver.py", line 360, in finish_request
    self.RequestHandlerClass(request, client_address, self)
Exception occurred during processing of request from ('10.200.2.1', 43306)
Traceback (most recent call last):
Traceback (most recent call last):
----------------------------------------
Traceback (most recent call last):
Exception occurred during processing of request from ('10.200.2.1', 43322)
  File "/usr/lib/python3.10/socketserver.py", line 683, in process_request_thread
    self.finish_request(request, client_address)
Exception occurred during processing of request from ('10.200.2.1', 43046)
Traceback (most recent call last):
  File "/usr/lib/python3.10/socketserver.py", line 683, in process_request_thread
    self.finish_request(request, client_address)
  File "/usr/lib/python3.10/socketserver.py", line 683, in process_request_thread
    self.finish_request(request, client_address)
  File "/usr/lib/python3.10/socketserver.py", line 683, in process_request_thread
    self.finish_request(request, client_address)
Traceback (most recent call last):
Traceback (most recent call last):
  File "/usr/lib/python3.10/socketserver.py", line 360, in finish_request
    self.RequestHandlerClass(request, client_address, self)
  File "/usr/lib/python3.10/socketserver.py", line 360, in finish_request
    self.RequestHandlerClass(request, client_address, self)
  File "/usr/lib/python3.10/socketserver.py", line 360, in finish_request
    self.RequestHandlerClass(request, client_address, self)
  File "/usr/lib/python3.10/socketserver.py", line 360, in finish_request
    self.RequestHandlerClass(request, client_address, self)
  File "/usr/lib/python3.10/socketserver.py", line 747, in __init__
    self.handle()
----------------------------------------
  File "/usr/lib/python3.10/socketserver.py", line 683, in process_request_thread
    self.finish_request(request, client_address)
Traceback (most recent call last):
  File "/usr/lib/python3.10/socketserver.py", line 683, in process_request_thread
    self.finish_request(request, client_address)
  File "/usr/lib/python3.10/socketserver.py", line 360, in finish_request
    self.RequestHandlerClass(request, client_address, self)
Traceback (most recent call last):
Traceback (most recent call last):
----------------------------------------
  File "/usr/lib/python3.10/socketserver.py", line 683, in process_request_thread
    self.finish_request(request, client_address)
Exception occurred during processing of request from ('10.200.2.1', 43368)
  File "/usr/lib/python3.10/socketserver.py", line 683, in process_request_thread
    self.finish_request(request, client_address)
  File "/usr/lib/python3.10/socketserver.py", line 360, in finish_request
    self.RequestHandlerClass(request, client_address, self)
Exception occurred during processing of request from ('10.200.2.1', 43414)
  File "/usr/lib/python3.10/socketserver.py", line 683, in process_request_thread
    self.finish_request(request, client_address)
  File "/usr/lib/python3.10/socketserver.py", line 683, in process_request_thread
    self.finish_request(request, client_address)
  File "/usr/lib/python3.10/socketserver.py", line 360, in finish_request
    self.RequestHandlerClass(request, client_address, self)
  File "/usr/lib/python3.10/socketserver.py", line 360, in finish_request
    self.RequestHandlerClass(request, client_address, self)
  File "/usr/lib/python3.10/socketserver.py", line 360, in finish_request
    self.RequestHandlerClass(request, client_address, self)
  File "/usr/lib/python3.10/socketserver.py", line 683, in process_request_thread
    self.finish_request(request, client_address)
  File "/usr/lib/python3.10/socketserver.py", line 683, in process_request_thread
    self.finish_request(request, client_address)
  File "/usr/lib/python3.10/socketserver.py", line 683, in process_request_thread
    self.finish_request(request, client_address)
  File "/usr/lib/python3.10/socketserver.py", line 683, in process_request_thread
    self.finish_request(request, client_address)
  File "/usr/lib/python3.10/socketserver.py", line 683, in process_request_thread
    self.finish_request(request, client_address)
  File "/usr/lib/python3.10/socketserver.py", line 683, in process_request_thread
    self.finish_request(request, client_address)
  File "/usr/lib/python3.10/socketserver.py", line 683, in process_request_thread
    self.finish_request(request, client_address)
Exception occurred during processing of request from ('10.200.2.1', 43360)
  File "/usr/lib/python3.10/socketserver.py", line 360, in finish_request
    self.RequestHandlerClass(request, client_address, self)
Traceback (most recent call last):
Traceback (most recent call last):
  File "/usr/lib/python3.10/socketserver.py", line 747, in __init__
    self.handle()
  File "/usr/lib/python3.10/http/server.py", line 435, in handle
    self.handle_one_request()
  File "/usr/lib/python3.10/socketserver.py", line 683, in process_request_thread
    self.finish_request(request, client_address)
  File "/usr/lib/python3.10/socketserver.py", line 683, in process_request_thread
    self.finish_request(request, client_address)
Traceback (most recent call last):
  File "/usr/lib/python3.10/http/server.py", line 435, in handle
    self.handle_one_request()
Traceback (most recent call last):
  File "/usr/lib/python3.10/socketserver.py", line 360, in finish_request
    self.RequestHandlerClass(request, client_address, self)
  File "/usr/lib/python3.10/socketserver.py", line 747, in __init__
    self.handle()
  File "/usr/lib/python3.10/http/server.py", line 435, in handle
    self.handle_one_request()
Traceback (most recent call last):
  File "/usr/lib/python3.10/socketserver.py", line 683, in process_request_thread
    self.finish_request(request, client_address)
  File "/usr/lib/python3.10/socketserver.py", line 683, in process_request_thread
    self.finish_request(request, client_address)
Traceback (most recent call last):
  File "/usr/lib/python3.10/socketserver.py", line 747, in __init__
    self.handle()
  File "/usr/lib/python3.10/socketserver.py", line 683, in process_request_thread
    self.finish_request(request, client_address)
  File "/usr/lib/python3.10/socketserver.py", line 747, in __init__
    self.handle()
  File "/usr/lib/python3.10/socketserver.py", line 747, in __init__
    self.handle()
  File "/usr/lib/python3.10/socketserver.py", line 747, in __init__
    self.handle()
  File "/usr/lib/python3.10/socketserver.py", line 360, in finish_request
    self.RequestHandlerClass(request, client_address, self)
  File "/usr/lib/python3.10/socketserver.py", line 747, in __init__
    self.handle()
  File "/usr/lib/python3.10/socketserver.py", line 360, in finish_request
    self.RequestHandlerClass(request, client_address, self)
  File "/usr/lib/python3.10/socketserver.py", line 747, in __init__
    self.handle()
  File "/usr/lib/python3.10/http/server.py", line 435, in handle
    self.handle_one_request()
Traceback (most recent call last):
  File "/usr/lib/python3.10/socketserver.py", line 683, in process_request_thread
    self.finish_request(request, client_address)
  File "/usr/lib/python3.10/http/server.py", line 401, in handle_one_request
    self.raw_requestline = self.rfile.readline(65537)
  File "/usr/lib/python3.10/socketserver.py", line 683, in process_request_thread
    self.finish_request(request, client_address)
Exception occurred during processing of request from ('10.200.2.1', 43276)
  File "/usr/lib/python3.10/socketserver.py", line 360, in finish_request
    self.RequestHandlerClass(request, client_address, self)
  File "/usr/lib/python3.10/socketserver.py", line 747, in __init__
    self.handle()
  File "/usr/lib/python3.10/socketserver.py", line 683, in process_request_thread
    self.finish_request(request, client_address)
  File "/usr/lib/python3.10/socketserver.py", line 360, in finish_request
    self.RequestHandlerClass(request, client_address, self)
Traceback (most recent call last):
  File "/usr/lib/python3.10/socketserver.py", line 683, in process_request_thread
    self.finish_request(request, client_address)
  File "/usr/lib/python3.10/socketserver.py", line 360, in finish_request
    self.RequestHandlerClass(request, client_address, self)
  File "/usr/lib/python3.10/socketserver.py", line 360, in finish_request
    self.RequestHandlerClass(request, client_address, self)
  File "/usr/lib/python3.10/socketserver.py", line 683, in process_request_thread
    self.finish_request(request, client_address)
  File "/usr/lib/python3.10/http/server.py", line 435, in handle
    self.handle_one_request()
  File "/usr/lib/python3.10/http/server.py", line 421, in handle_one_request
    method()
  File "/usr/lib/python3.10/socketserver.py", line 360, in finish_request
    self.RequestHandlerClass(request, client_address, self)
  File "/usr/lib/python3.10/http/server.py", line 435, in handle
    self.handle_one_request()
  File "/usr/lib/python3.10/http/server.py", line 435, in handle
    self.handle_one_request()
  File "/usr/lib/python3.10/http/server.py", line 435, in handle
    self.handle_one_request()
  File "/usr/lib/python3.10/http/server.py", line 421, in handle_one_request
    method()
  File "/home/udeepa/CLB/scripts/fast_http_server.py", line 15, in do_GET
    self.wfile.write(body)
  File "/usr/lib/python3.10/socketserver.py", line 683, in process_request_thread
    self.finish_request(request, client_address)
  File "/usr/lib/python3.10/http/server.py", line 421, in handle_one_request
    method()
  File "/usr/lib/python3.10/socketserver.py", line 683, in process_request_thread
    self.finish_request(request, client_address)
  File "/usr/lib/python3.10/socketserver.py", line 683, in process_request_thread
    self.finish_request(request, client_address)
  File "/usr/lib/python3.10/socketserver.py", line 360, in finish_request
    self.RequestHandlerClass(request, client_address, self)
  File "/usr/lib/python3.10/socketserver.py", line 360, in finish_request
    self.RequestHandlerClass(request, client_address, self)
  File "/usr/lib/python3.10/socketserver.py", line 747, in __init__
    self.handle()
  File "/usr/lib/python3.10/socketserver.py", line 360, in finish_request
    self.RequestHandlerClass(request, client_address, self)
  File "/usr/lib/python3.10/socketserver.py", line 683, in process_request_thread
    self.finish_request(request, client_address)
  File "/usr/lib/python3.10/socketserver.py", line 360, in finish_request
    self.RequestHandlerClass(request, client_address, self)
  File "/usr/lib/python3.10/socketserver.py", line 747, in __init__
    self.handle()
Traceback (most recent call last):
  File "/usr/lib/python3.10/socketserver.py", line 747, in __init__
    self.handle()
Traceback (most recent call last):
  File "/usr/lib/python3.10/http/server.py", line 401, in handle_one_request
    self.raw_requestline = self.rfile.readline(65537)
  File "/usr/lib/python3.10/socket.py", line 705, in readinto
    return self._sock.recv_into(b)
  File "/usr/lib/python3.10/socketserver.py", line 683, in process_request_thread
    self.finish_request(request, client_address)
  File "/usr/lib/python3.10/socketserver.py", line 747, in __init__
    self.handle()
  File "/usr/lib/python3.10/socketserver.py", line 747, in __init__
    self.handle()
  File "/usr/lib/python3.10/http/server.py", line 435, in handle
    self.handle_one_request()
  File "/usr/lib/python3.10/socketserver.py", line 683, in process_request_thread
    self.finish_request(request, client_address)
  File "/usr/lib/python3.10/socketserver.py", line 360, in finish_request
    self.RequestHandlerClass(request, client_address, self)
  File "/home/udeepa/CLB/scripts/fast_http_server.py", line 15, in do_GET
    self.wfile.write(body)
  File "/usr/lib/python3.10/socketserver.py", line 747, in __init__
    self.handle()
  File "/usr/lib/python3.10/socketserver.py", line 360, in finish_request
    self.RequestHandlerClass(request, client_address, self)
  File "/usr/lib/python3.10/socketserver.py", line 747, in __init__
    self.handle()
  File "/usr/lib/python3.10/http/server.py", line 401, in handle_one_request
    self.raw_requestline = self.rfile.readline(65537)
  File "/usr/lib/python3.10/socketserver.py", line 747, in __init__
    self.handle()
  File "/usr/lib/python3.10/http/server.py", line 435, in handle
    self.handle_one_request()
  File "/home/udeepa/CLB/scripts/fast_http_server.py", line 15, in do_GET
    self.wfile.write(body)
  File "/usr/lib/python3.10/socketserver.py", line 826, in write
    self._sock.sendall(b)
  File "/usr/lib/python3.10/socketserver.py", line 683, in process_request_thread
    self.finish_request(request, client_address)
  File "/usr/lib/python3.10/socketserver.py", line 360, in finish_request
    self.RequestHandlerClass(request, client_address, self)
  File "/usr/lib/python3.10/socketserver.py", line 747, in __init__
    self.handle()
  File "/usr/lib/python3.10/socketserver.py", line 747, in __init__
    self.handle()
  File "/usr/lib/python3.10/http/server.py", line 435, in handle
    self.handle_one_request()
  File "/usr/lib/python3.10/http/server.py", line 401, in handle_one_request
    self.raw_requestline = self.rfile.readline(65537)
  File "/usr/lib/python3.10/socketserver.py", line 747, in __init__
    self.handle()
  File "/usr/lib/python3.10/socketserver.py", line 360, in finish_request
    self.RequestHandlerClass(request, client_address, self)
  File "/usr/lib/python3.10/socketserver.py", line 683, in process_request_thread
    self.finish_request(request, client_address)
  File "/usr/lib/python3.10/socketserver.py", line 360, in finish_request
    self.RequestHandlerClass(request, client_address, self)
  File "/usr/lib/python3.10/socketserver.py", line 360, in finish_request
    self.RequestHandlerClass(request, client_address, self)
  File "/usr/lib/python3.10/socketserver.py", line 747, in __init__
    self.handle()
  File "/usr/lib/python3.10/http/server.py", line 435, in handle
    self.handle_one_request()
  File "/usr/lib/python3.10/http/server.py", line 401, in handle_one_request
    self.raw_requestline = self.rfile.readline(65537)
  File "/usr/lib/python3.10/socketserver.py", line 360, in finish_request
    self.RequestHandlerClass(request, client_address, self)
  File "/usr/lib/python3.10/socketserver.py", line 360, in finish_request
    self.RequestHandlerClass(request, client_address, self)
  File "/usr/lib/python3.10/socketserver.py", line 747, in __init__
    self.handle()
  File "/usr/lib/python3.10/socketserver.py", line 747, in __init__
    self.handle()
  File "/usr/lib/python3.10/http/server.py", line 435, in handle
    self.handle_one_request()
  File "/usr/lib/python3.10/http/server.py", line 401, in handle_one_request
    self.raw_requestline = self.rfile.readline(65537)
  File "/usr/lib/python3.10/socket.py", line 705, in readinto
    return self._sock.recv_into(b)
  File "/usr/lib/python3.10/http/server.py", line 435, in handle
    self.handle_one_request()
  File "/usr/lib/python3.10/http/server.py", line 421, in handle_one_request
    method()
  File "/usr/lib/python3.10/http/server.py", line 435, in handle
    self.handle_one_request()
  File "/usr/lib/python3.10/socketserver.py", line 826, in write
    self._sock.sendall(b)
  File "/usr/lib/python3.10/http/server.py", line 401, in handle_one_request
    self.raw_requestline = self.rfile.readline(65537)
  File "/usr/lib/python3.10/http/server.py", line 401, in handle_one_request
    self.raw_requestline = self.rfile.readline(65537)
  File "/usr/lib/python3.10/socketserver.py", line 747, in __init__
    self.handle()
  File "/usr/lib/python3.10/http/server.py", line 435, in handle
    self.handle_one_request()
  File "/usr/lib/python3.10/socketserver.py", line 747, in __init__
    self.handle()
  File "/usr/lib/python3.10/http/server.py", line 435, in handle
    self.handle_one_request()
  File "/usr/lib/python3.10/socketserver.py", line 360, in finish_request
    self.RequestHandlerClass(request, client_address, self)
  File "/usr/lib/python3.10/socketserver.py", line 747, in __init__
    self.handle()
  File "/usr/lib/python3.10/http/server.py", line 401, in handle_one_request
    self.raw_requestline = self.rfile.readline(65537)
  File "/usr/lib/python3.10/http/server.py", line 435, in handle
    self.handle_one_request()
  File "/usr/lib/python3.10/http/server.py", line 401, in handle_one_request
    self.raw_requestline = self.rfile.readline(65537)
Traceback (most recent call last):
  File "/usr/lib/python3.10/socket.py", line 705, in readinto
    return self._sock.recv_into(b)
  File "/usr/lib/python3.10/socketserver.py", line 360, in finish_request
    self.RequestHandlerClass(request, client_address, self)
  File "/usr/lib/python3.10/socketserver.py", line 747, in __init__
    self.handle()
  File "/usr/lib/python3.10/http/server.py", line 435, in handle
    self.handle_one_request()
  File "/usr/lib/python3.10/socketserver.py", line 747, in __init__
    self.handle()
  File "/usr/lib/python3.10/socketserver.py", line 747, in __init__
    self.handle()
  File "/usr/lib/python3.10/http/server.py", line 435, in handle
    self.handle_one_request()
  File "/usr/lib/python3.10/socket.py", line 705, in readinto
    return self._sock.recv_into(b)
  File "/usr/lib/python3.10/socketserver.py", line 360, in finish_request
    self.RequestHandlerClass(request, client_address, self)
  File "/usr/lib/python3.10/socketserver.py", line 826, in write
    self._sock.sendall(b)
  File "/usr/lib/python3.10/socketserver.py", line 360, in finish_request
    self.RequestHandlerClass(request, client_address, self)
  File "/usr/lib/python3.10/socketserver.py", line 683, in process_request_thread
    self.finish_request(request, client_address)
  File "/usr/lib/python3.10/socketserver.py", line 360, in finish_request
    self.RequestHandlerClass(request, client_address, self)
  File "/usr/lib/python3.10/socketserver.py", line 747, in __init__
    self.handle()
ConnectionResetError: [Errno 104] Connection reset by peer
  File "/usr/lib/python3.10/socket.py", line 705, in readinto
    return self._sock.recv_into(b)
ConnectionResetError: [Errno 104] Connection reset by peer
  File "/usr/lib/python3.10/socket.py", line 705, in readinto
    return self._sock.recv_into(b)
  File "/usr/lib/python3.10/socketserver.py", line 360, in finish_request
    self.RequestHandlerClass(request, client_address, self)
  File "/usr/lib/python3.10/http/server.py", line 435, in handle
    self.handle_one_request()
  File "/usr/lib/python3.10/socketserver.py", line 683, in process_request_thread
    self.finish_request(request, client_address)
  File "/usr/lib/python3.10/http/server.py", line 435, in handle
    self.handle_one_request()
  File "/usr/lib/python3.10/http/server.py", line 401, in handle_one_request
    self.raw_requestline = self.rfile.readline(65537)
  File "/usr/lib/python3.10/socket.py", line 705, in readinto
    return self._sock.recv_into(b)
  File "/usr/lib/python3.10/socketserver.py", line 747, in __init__
    self.handle()
  File "/usr/lib/python3.10/http/server.py", line 435, in handle
    self.handle_one_request()
  File "/usr/lib/python3.10/socketserver.py", line 747, in __init__
    self.handle()
  File "/usr/lib/python3.10/socketserver.py", line 747, in __init__
    self.handle()
  File "/usr/lib/python3.10/socketserver.py", line 747, in __init__
    self.handle()
  File "/usr/lib/python3.10/http/server.py", line 401, in handle_one_request
    self.raw_requestline = self.rfile.readline(65537)
  File "/usr/lib/python3.10/http/server.py", line 435, in handle
    self.handle_one_request()
ConnectionResetError: [Errno 104] Connection reset by peer
  File "/usr/lib/python3.10/socketserver.py", line 360, in finish_request
    self.RequestHandlerClass(request, client_address, self)
  File "/usr/lib/python3.10/http/server.py", line 421, in handle_one_request
    method()
  File "/usr/lib/python3.10/socketserver.py", line 360, in finish_request
    self.RequestHandlerClass(request, client_address, self)
  File "/usr/lib/python3.10/socketserver.py", line 747, in __init__
    self.handle()
  File "/usr/lib/python3.10/socketserver.py", line 360, in finish_request
    self.RequestHandlerClass(request, client_address, self)
----------------------------------------
ConnectionResetError: [Errno 104] Connection reset by peer
  File "/usr/lib/python3.10/socketserver.py", line 747, in __init__
    self.handle()
  File "/usr/lib/python3.10/socketserver.py", line 747, in __init__
    self.handle()
  File "/usr/lib/python3.10/http/server.py", line 401, in handle_one_request
    self.raw_requestline = self.rfile.readline(65537)
  File "/usr/lib/python3.10/socketserver.py", line 360, in finish_request
    self.RequestHandlerClass(request, client_address, self)
ConnectionResetError: [Errno 104] Connection reset by peer
  File "/usr/lib/python3.10/http/server.py", line 435, in handle
    self.handle_one_request()
ConnectionResetError: [Errno 104] Connection reset by peer
  File "/usr/lib/python3.10/http/server.py", line 401, in handle_one_request
    self.raw_requestline = self.rfile.readline(65537)
  File "/usr/lib/python3.10/http/server.py", line 435, in handle
    self.handle_one_request()
  File "/usr/lib/python3.10/http/server.py", line 401, in handle_one_request
    self.raw_requestline = self.rfile.readline(65537)
  File "/usr/lib/python3.10/socketserver.py", line 360, in finish_request
    self.RequestHandlerClass(request, client_address, self)
  File "/usr/lib/python3.10/http/server.py", line 435, in handle
    self.handle_one_request()
ConnectionResetError: [Errno 104] Connection reset by peer
  File "/usr/lib/python3.10/socket.py", line 705, in readinto
    return self._sock.recv_into(b)
  File "/usr/lib/python3.10/socketserver.py", line 747, in __init__
    self.handle()
----------------------------------------
  File "/usr/lib/python3.10/socketserver.py", line 747, in __init__
    self.handle()
  File "/home/udeepa/CLB/scripts/fast_http_server.py", line 15, in do_GET
    self.wfile.write(body)
----------------------------------------
ConnectionResetError: [Errno 104] Connection reset by peer
----------------------------------------
  File "/usr/lib/python3.10/http/server.py", line 421, in handle_one_request
    method()
  File "/usr/lib/python3.10/http/server.py", line 435, in handle
    self.handle_one_request()
  File "/usr/lib/python3.10/http/server.py", line 435, in handle
    self.handle_one_request()
  File "/usr/lib/python3.10/http/server.py", line 435, in handle
    self.handle_one_request()
  File "/usr/lib/python3.10/socket.py", line 705, in readinto
    return self._sock.recv_into(b)
  File "/usr/lib/python3.10/socketserver.py", line 747, in __init__
    self.handle()
  File "/usr/lib/python3.10/socketserver.py", line 360, in finish_request
    self.RequestHandlerClass(request, client_address, self)
  File "/usr/lib/python3.10/http/server.py", line 401, in handle_one_request
    self.raw_requestline = self.rfile.readline(65537)
  File "/usr/lib/python3.10/socketserver.py", line 360, in finish_request
    self.RequestHandlerClass(request, client_address, self)
  File "/usr/lib/python3.10/socketserver.py", line 747, in __init__
    self.handle()
  File "/usr/lib/python3.10/http/server.py", line 435, in handle
    self.handle_one_request()
  File "/usr/lib/python3.10/http/server.py", line 401, in handle_one_request
    self.raw_requestline = self.rfile.readline(65537)
  File "/usr/lib/python3.10/http/server.py", line 435, in handle
    self.handle_one_request()
  File "/usr/lib/python3.10/socket.py", line 705, in readinto
    return self._sock.recv_into(b)
  File "/usr/lib/python3.10/http/server.py", line 435, in handle
    self.handle_one_request()
  File "/usr/lib/python3.10/http/server.py", line 435, in handle
    self.handle_one_request()
  File "/usr/lib/python3.10/http/server.py", line 421, in handle_one_request
    method()
  File "/usr/lib/python3.10/http/server.py", line 401, in handle_one_request
    self.raw_requestline = self.rfile.readline(65537)
  File "/home/udeepa/CLB/scripts/fast_http_server.py", line 15, in do_GET
    self.wfile.write(body)
  File "/usr/lib/python3.10/socketserver.py", line 826, in write
    self._sock.sendall(b)
  File "/usr/lib/python3.10/socketserver.py", line 826, in write
    self._sock.sendall(b)
  File "/usr/lib/python3.10/http/server.py", line 435, in handle
    self.handle_one_request()
  File "/usr/lib/python3.10/http/server.py", line 435, in handle
    self.handle_one_request()
  File "/usr/lib/python3.10/http/server.py", line 421, in handle_one_request
    method()
  File "/home/udeepa/CLB/scripts/fast_http_server.py", line 15, in do_GET
    self.wfile.write(body)
  File "/usr/lib/python3.10/http/server.py", line 435, in handle
    self.handle_one_request()
  File "/usr/lib/python3.10/http/server.py", line 401, in handle_one_request
    self.raw_requestline = self.rfile.readline(65537)
  File "/usr/lib/python3.10/socket.py", line 705, in readinto
    return self._sock.recv_into(b)
  File "/usr/lib/python3.10/http/server.py", line 421, in handle_one_request
    method()
----------------------------------------
ConnectionResetError: [Errno 104] Connection reset by peer
  File "/usr/lib/python3.10/socketserver.py", line 747, in __init__
    self.handle()
  File "/usr/lib/python3.10/socket.py", line 705, in readinto
    return self._sock.recv_into(b)
  File "/usr/lib/python3.10/socket.py", line 705, in readinto
    return self._sock.recv_into(b)
ConnectionResetError: [Errno 104] Connection reset by peer
  File "/usr/lib/python3.10/http/server.py", line 421, in handle_one_request
    method()
  File "/home/udeepa/CLB/scripts/fast_http_server.py", line 15, in do_GET
    self.wfile.write(body)
  File "/usr/lib/python3.10/socketserver.py", line 826, in write
    self._sock.sendall(b)
ConnectionResetError: [Errno 104] Connection reset by peer
  File "/usr/lib/python3.10/http/server.py", line 401, in handle_one_request
    self.raw_requestline = self.rfile.readline(65537)
  File "/usr/lib/python3.10/socket.py", line 705, in readinto
    return self._sock.recv_into(b)
  File "/usr/lib/python3.10/socket.py", line 705, in readinto
    return self._sock.recv_into(b)
  File "/usr/lib/python3.10/http/server.py", line 435, in handle
    self.handle_one_request()
  File "/usr/lib/python3.10/http/server.py", line 421, in handle_one_request
    method()
  File "/usr/lib/python3.10/socket.py", line 705, in readinto
    return self._sock.recv_into(b)
  File "/usr/lib/python3.10/http/server.py", line 421, in handle_one_request
    method()
----------------------------------------
  File "/usr/lib/python3.10/http/server.py", line 401, in handle_one_request
    self.raw_requestline = self.rfile.readline(65537)
  File "/usr/lib/python3.10/http/server.py", line 401, in handle_one_request
    self.raw_requestline = self.rfile.readline(65537)
  File "/home/udeepa/CLB/scripts/fast_http_server.py", line 15, in do_GET
    self.wfile.write(body)
ConnectionResetError: [Errno 104] Connection reset by peer
  File "/usr/lib/python3.10/socketserver.py", line 683, in process_request_thread
    self.finish_request(request, client_address)
  File "/usr/lib/python3.10/http/server.py", line 435, in handle
    self.handle_one_request()
  File "/usr/lib/python3.10/http/server.py", line 401, in handle_one_request
    self.raw_requestline = self.rfile.readline(65537)
  File "/usr/lib/python3.10/http/server.py", line 435, in handle
    self.handle_one_request()
  File "/usr/lib/python3.10/http/server.py", line 401, in handle_one_request
    self.raw_requestline = self.rfile.readline(65537)
  File "/usr/lib/python3.10/socket.py", line 705, in readinto
    return self._sock.recv_into(b)
  File "/usr/lib/python3.10/socketserver.py", line 747, in __init__
    self.handle()
ConnectionResetError: [Errno 104] Connection reset by peer
----------------------------------------
  File "/home/udeepa/CLB/scripts/fast_http_server.py", line 15, in do_GET
    self.wfile.write(body)
ConnectionResetError: [Errno 104] Connection reset by peer
ConnectionResetError: [Errno 104] Connection reset by peer
ConnectionResetError: [Errno 104] Connection reset by peer
  File "/home/udeepa/CLB/scripts/fast_http_server.py", line 15, in do_GET
    self.wfile.write(body)
ConnectionResetError: [Errno 104] Connection reset by peer
  File "/usr/lib/python3.10/socketserver.py", line 747, in __init__
    self.handle()
  File "/usr/lib/python3.10/socketserver.py", line 826, in write
    self._sock.sendall(b)
  File "/usr/lib/python3.10/socket.py", line 705, in readinto
    return self._sock.recv_into(b)
  File "/usr/lib/python3.10/socket.py", line 705, in readinto
    return self._sock.recv_into(b)
----------------------------------------
----------------------------------------
  File "/usr/lib/python3.10/socket.py", line 705, in readinto
    return self._sock.recv_into(b)
ConnectionResetError: [Errno 104] Connection reset by peer
  File "/usr/lib/python3.10/http/server.py", line 435, in handle
    self.handle_one_request()
----------------------------------------
  File "/usr/lib/python3.10/socket.py", line 705, in readinto
    return self._sock.recv_into(b)
  File "/usr/lib/python3.10/http/server.py", line 401, in handle_one_request
    self.raw_requestline = self.rfile.readline(65537)
----------------------------------------
  File "/usr/lib/python3.10/socket.py", line 705, in readinto
    return self._sock.recv_into(b)
  File "/usr/lib/python3.10/http/server.py", line 435, in handle
    self.handle_one_request()
  File "/usr/lib/python3.10/http/server.py", line 421, in handle_one_request
    method()
  File "/usr/lib/python3.10/socketserver.py", line 683, in process_request_thread
    self.finish_request(request, client_address)
ConnectionResetError: [Errno 104] Connection reset by peer
  File "/usr/lib/python3.10/http/server.py", line 435, in handle
    self.handle_one_request()
  File "/usr/lib/python3.10/socketserver.py", line 826, in write
    self._sock.sendall(b)
----------------------------------------
  File "/usr/lib/python3.10/http/server.py", line 435, in handle
    self.handle_one_request()
BrokenPipeError: [Errno 32] Broken pipe
ConnectionResetError: [Errno 104] Connection reset by peer
ConnectionResetError: [Errno 104] Connection reset by peer
----------------------------------------
  File "/usr/lib/python3.10/socketserver.py", line 360, in finish_request
    self.RequestHandlerClass(request, client_address, self)
  File "/usr/lib/python3.10/http/server.py", line 421, in handle_one_request
    method()
ConnectionResetError: [Errno 104] Connection reset by peer
  File "/usr/lib/python3.10/http/server.py", line 435, in handle
    self.handle_one_request()
  File "/usr/lib/python3.10/http/server.py", line 421, in handle_one_request
    method()
ConnectionResetError: [Errno 104] Connection reset by peer
ConnectionResetError: [Errno 104] Connection reset by peer
  File "/usr/lib/python3.10/socketserver.py", line 826, in write
    self._sock.sendall(b)
  File "/home/udeepa/CLB/scripts/fast_http_server.py", line 15, in do_GET
    self.wfile.write(body)
  File "/usr/lib/python3.10/socketserver.py", line 360, in finish_request
    self.RequestHandlerClass(request, client_address, self)
  File "/usr/lib/python3.10/http/server.py", line 401, in handle_one_request
    self.raw_requestline = self.rfile.readline(65537)
  File "/usr/lib/python3.10/socket.py", line 705, in readinto
    return self._sock.recv_into(b)
  File "/usr/lib/python3.10/socket.py", line 705, in readinto
    return self._sock.recv_into(b)
----------------------------------------
----------------------------------------
----------------------------------------
  File "/usr/lib/python3.10/http/server.py", line 435, in handle
    self.handle_one_request()
  File "/usr/lib/python3.10/socketserver.py", line 747, in __init__
    self.handle()
  File "/home/udeepa/CLB/scripts/fast_http_server.py", line 15, in do_GET
    self.wfile.write(body)
----------------------------------------
  File "/home/udeepa/CLB/scripts/fast_http_server.py", line 15, in do_GET
    self.wfile.write(body)
  File "/usr/lib/python3.10/socket.py", line 705, in readinto
    return self._sock.recv_into(b)
ConnectionResetError: [Errno 104] Connection reset by peer
----------------------------------------
----------------------------------------
----------------------------------------
----------------------------------------
  File "/home/udeepa/CLB/scripts/fast_http_server.py", line 15, in do_GET
    self.wfile.write(body)
ConnectionResetError: [Errno 104] Connection reset by peer
ConnectionResetError: [Errno 104] Connection reset by peer
  File "/usr/lib/python3.10/http/server.py", line 401, in handle_one_request
    self.raw_requestline = self.rfile.readline(65537)
ConnectionResetError: [Errno 104] Connection reset by peer
  File "/usr/lib/python3.10/http/server.py", line 401, in handle_one_request
    self.raw_requestline = self.rfile.readline(65537)
  File "/usr/lib/python3.10/http/server.py", line 435, in handle
    self.handle_one_request()
  File "/usr/lib/python3.10/socketserver.py", line 826, in write
    self._sock.sendall(b)
  File "/usr/lib/python3.10/http/server.py", line 401, in handle_one_request
    self.raw_requestline = self.rfile.readline(65537)
----------------------------------------
ConnectionResetError: [Errno 104] Connection reset by peer
----------------------------------------
  File "/usr/lib/python3.10/socketserver.py", line 826, in write
    self._sock.sendall(b)
  File "/usr/lib/python3.10/http/server.py", line 421, in handle_one_request
    method()
BrokenPipeError: [Errno 32] Broken pipe
----------------------------------------
ConnectionResetError: [Errno 104] Connection reset by peer
  File "/usr/lib/python3.10/socketserver.py", line 826, in write
    self._sock.sendall(b)
  File "/usr/lib/python3.10/http/server.py", line 421, in handle_one_request
    method()
----------------------------------------
  File "/usr/lib/python3.10/http/server.py", line 401, in handle_one_request
    self.raw_requestline = self.rfile.readline(65537)
ConnectionResetError: [Errno 104] Connection reset by peer
  File "/usr/lib/python3.10/socketserver.py", line 826, in write
    self._sock.sendall(b)
  File "/usr/lib/python3.10/socket.py", line 705, in readinto
    return self._sock.recv_into(b)
----------------------------------------
  File "/usr/lib/python3.10/socketserver.py", line 747, in __init__
    self.handle()
  File "/usr/lib/python3.10/socketserver.py", line 826, in write
    self._sock.sendall(b)
  File "/home/udeepa/CLB/scripts/fast_http_server.py", line 15, in do_GET
    self.wfile.write(body)
  File "/usr/lib/python3.10/socket.py", line 705, in readinto
    return self._sock.recv_into(b)
----------------------------------------
ConnectionResetError: [Errno 104] Connection reset by peer
  File "/home/udeepa/CLB/scripts/fast_http_server.py", line 15, in do_GET
    self.wfile.write(body)
  File "/usr/lib/python3.10/http/server.py", line 421, in handle_one_request
    method()
ConnectionResetError: [Errno 104] Connection reset by peer
----------------------------------------
ConnectionResetError: [Errno 104] Connection reset by peer
ConnectionResetError: [Errno 104] Connection reset by peer
----------------------------------------
----------------------------------------
----------------------------------------
  File "/usr/lib/python3.10/socket.py", line 705, in readinto
    return self._sock.recv_into(b)
----------------------------------------
  File "/usr/lib/python3.10/socketserver.py", line 826, in write
    self._sock.sendall(b)
  File "/home/udeepa/CLB/scripts/fast_http_server.py", line 15, in do_GET
    self.wfile.write(body)
----------------------------------------
----------------------------------------
----------------------------------------
ConnectionResetError: [Errno 104] Connection reset by peer
  File "/usr/lib/python3.10/socketserver.py", line 826, in write
    self._sock.sendall(b)
----------------------------------------
  File "/usr/lib/python3.10/socket.py", line 705, in readinto
    return self._sock.recv_into(b)
ConnectionResetError: [Errno 104] Connection reset by peer
  File "/usr/lib/python3.10/socketserver.py", line 826, in write
    self._sock.sendall(b)
ConnectionResetError: [Errno 104] Connection reset by peer
  File "/home/udeepa/CLB/scripts/fast_http_server.py", line 15, in do_GET
    self.wfile.write(body)
ConnectionResetError: [Errno 104] Connection reset by peer
ConnectionResetError: [Errno 104] Connection reset by peer
ConnectionResetError: [Errno 104] Connection reset by peer
----------------------------------------
ConnectionResetError: [Errno 104] Connection reset by peer
----------------------------------------
  File "/usr/lib/python3.10/socketserver.py", line 826, in write
    self._sock.sendall(b)
----------------------------------------
----------------------------------------
----------------------------------------
  File "/usr/lib/python3.10/http/server.py", line 435, in handle
    self.handle_one_request()
----------------------------------------
ConnectionResetError: [Errno 104] Connection reset by peer
----------------------------------------
----------------------------------------
ConnectionResetError: [Errno 104] Connection reset by peer
  File "/usr/lib/python3.10/socket.py", line 705, in readinto
    return self._sock.recv_into(b)
  File "/usr/lib/python3.10/http/server.py", line 401, in handle_one_request
    self.raw_requestline = self.rfile.readline(65537)
----------------------------------------
ConnectionResetError: [Errno 104] Connection reset by peer
  File "/usr/lib/python3.10/socket.py", line 705, in readinto
    return self._sock.recv_into(b)
----------------------------------------
ConnectionResetError: [Errno 104] Connection reset by peer
----------------------------------------
----------------------------------------
ConnectionResetError: [Errno 104] Connection reset by peer
----------------------------------------
----------------------------------------
----------------------------------------
Exception occurred during processing of request from ('10.200.2.1', 39744)
----------------------------------------
----------------------------------------
----------------------------------------
----------------------------------------
----------------------------------------
----------------------------------------
----------------------------------------
----------------------------------------
Exception occurred during processing of request from ('10.200.2.1', 39574)
----------------------------------------
----------------------------------------
----------------------------------------
----------------------------------------
----------------------------------------
----------------------------------------
----------------------------------------
----------------------------------------
----------------------------------------
----------------------------------------
----------------------------------------
----------------------------------------
----------------------------------------
Exception occurred during processing of request from ('10.200.2.1', 39524)
Exception occurred during processing of request from ('10.200.2.1', 39854)
Exception occurred during processing of request from ('10.200.2.1', 39736)
Exception occurred during processing of request from ('10.200.2.1', 39668)
Exception occurred during processing of request from ('10.200.2.1', 38962)
Exception occurred during processing of request from ('10.200.2.1', 39496)
Exception occurred during processing of request from ('10.200.2.1', 39782)
----------------------------------------
----------------------------------------
----------------------------------------
----------------------------------------
----------------------------------------
----------------------------------------
----------------------------------------
----------------------------------------
----------------------------------------
----------------------------------------
Exception occurred during processing of request from ('10.200.2.1', 39794)
----------------------------------------
----------------------------------------
----------------------------------------
----------------------------------------
----------------------------------------
----------------------------------------
----------------------------------------
Exception occurred during processing of request from ('10.200.2.1', 39658)
Exception occurred during processing of request from ('10.200.2.1', 39878)
Exception occurred during processing of request from ('10.200.2.1', 39622)
Exception occurred during processing of request from ('10.200.2.1', 39548)
Exception occurred during processing of request from ('10.200.2.1', 39510)
Exception occurred during processing of request from ('10.200.2.1', 39634)
Exception occurred during processing of request from ('10.200.2.1', 39808)
Exception occurred during processing of request from ('10.200.2.1', 39832)
Exception occurred during processing of request from ('10.200.2.1', 39600)
Exception occurred during processing of request from ('10.200.2.1', 39822)
Exception occurred during processing of request from ('10.200.2.1', 39614)
Exception occurred during processing of request from ('10.200.2.1', 39584)
Exception occurred during processing of request from ('10.200.2.1', 39666)
----------------------------------------
----------------------------------------
----------------------------------------
----------------------------------------
Exception occurred during processing of request from ('10.200.2.1', 39704)
Exception occurred during processing of request from ('10.200.2.1', 39886)
Exception occurred during processing of request from ('10.200.2.1', 39462)
Exception occurred during processing of request from ('10.200.2.1', 39554)
Exception occurred during processing of request from ('10.200.2.1', 39540)
Exception occurred during processing of request from ('10.200.2.1', 39472)
Exception occurred during processing of request from ('10.200.2.1', 39662)
Exception occurred during processing of request from ('10.200.2.1', 39520)
Exception occurred during processing of request from ('10.200.2.1', 39644)
Exception occurred during processing of request from ('10.200.2.1', 39678)
Exception occurred during processing of request from ('10.200.2.1', 39864)
Exception occurred during processing of request from ('10.200.2.1', 39718)
Exception occurred during processing of request from ('10.200.2.1', 39772)
Exception occurred during processing of request from ('10.200.2.1', 39734)
Exception occurred during processing of request from ('10.200.2.1', 39758)
Exception occurred during processing of request from ('10.200.2.1', 39692)
Exception occurred during processing of request from ('10.200.2.1', 39486)
Exception occurred during processing of request from ('10.200.2.1', 39650)
Exception occurred during processing of request from ('10.200.2.1', 39842)
Exception occurred during processing of request from ('10.200.2.1', 39566)
Exception occurred during processing of request from ('10.200.2.1', 39628)
Traceback (most recent call last):
  File "/usr/lib/python3.10/socketserver.py", line 683, in process_request_thread
    self.finish_request(request, client_address)
Traceback (most recent call last):
Traceback (most recent call last):
Traceback (most recent call last):
Traceback (most recent call last):
Traceback (most recent call last):
Traceback (most recent call last):
Traceback (most recent call last):
Traceback (most recent call last):
Traceback (most recent call last):
Traceback (most recent call last):
Traceback (most recent call last):
  File "/usr/lib/python3.10/socketserver.py", line 360, in finish_request
    self.RequestHandlerClass(request, client_address, self)
Traceback (most recent call last):
Traceback (most recent call last):
Traceback (most recent call last):
Traceback (most recent call last):
Traceback (most recent call last):
Traceback (most recent call last):
Traceback (most recent call last):
Traceback (most recent call last):
Traceback (most recent call last):
  File "/usr/lib/python3.10/socketserver.py", line 683, in process_request_thread
    self.finish_request(request, client_address)
Traceback (most recent call last):
Traceback (most recent call last):
Traceback (most recent call last):
Traceback (most recent call last):
Traceback (most recent call last):
Traceback (most recent call last):
  File "/usr/lib/python3.10/socketserver.py", line 683, in process_request_thread
    self.finish_request(request, client_address)
Traceback (most recent call last):
Traceback (most recent call last):
Traceback (most recent call last):
Traceback (most recent call last):
Traceback (most recent call last):
Traceback (most recent call last):
Traceback (most recent call last):
Traceback (most recent call last):
Traceback (most recent call last):
Traceback (most recent call last):
Traceback (most recent call last):
Traceback (most recent call last):
Traceback (most recent call last):
Traceback (most recent call last):
  File "/usr/lib/python3.10/socketserver.py", line 683, in process_request_thread
    self.finish_request(request, client_address)
  File "/usr/lib/python3.10/socketserver.py", line 360, in finish_request
    self.RequestHandlerClass(request, client_address, self)
  File "/usr/lib/python3.10/socketserver.py", line 747, in __init__
    self.handle()
  File "/usr/lib/python3.10/socketserver.py", line 683, in process_request_thread
    self.finish_request(request, client_address)
  File "/usr/lib/python3.10/socketserver.py", line 683, in process_request_thread
    self.finish_request(request, client_address)
  File "/usr/lib/python3.10/socketserver.py", line 683, in process_request_thread
    self.finish_request(request, client_address)
  File "/usr/lib/python3.10/socketserver.py", line 360, in finish_request
    self.RequestHandlerClass(request, client_address, self)
Traceback (most recent call last):
  File "/usr/lib/python3.10/socketserver.py", line 683, in process_request_thread
    self.finish_request(request, client_address)
  File "/usr/lib/python3.10/socketserver.py", line 683, in process_request_thread
    self.finish_request(request, client_address)
  File "/usr/lib/python3.10/socketserver.py", line 683, in process_request_thread
    self.finish_request(request, client_address)
  File "/usr/lib/python3.10/socketserver.py", line 683, in process_request_thread
    self.finish_request(request, client_address)
  File "/usr/lib/python3.10/socketserver.py", line 683, in process_request_thread
    self.finish_request(request, client_address)
  File "/usr/lib/python3.10/socketserver.py", line 747, in __init__
    self.handle()
  File "/usr/lib/python3.10/socketserver.py", line 683, in process_request_thread
    self.finish_request(request, client_address)
  File "/usr/lib/python3.10/socketserver.py", line 360, in finish_request
    self.RequestHandlerClass(request, client_address, self)
  File "/usr/lib/python3.10/socketserver.py", line 683, in process_request_thread
    self.finish_request(request, client_address)
  File "/usr/lib/python3.10/socketserver.py", line 683, in process_request_thread
    self.finish_request(request, client_address)
  File "/usr/lib/python3.10/socketserver.py", line 683, in process_request_thread
    self.finish_request(request, client_address)
  File "/usr/lib/python3.10/socketserver.py", line 683, in process_request_thread
    self.finish_request(request, client_address)
  File "/usr/lib/python3.10/socketserver.py", line 360, in finish_request
    self.RequestHandlerClass(request, client_address, self)
  File "/usr/lib/python3.10/socketserver.py", line 683, in process_request_thread
    self.finish_request(request, client_address)
  File "/usr/lib/python3.10/socketserver.py", line 683, in process_request_thread
    self.finish_request(request, client_address)
  File "/usr/lib/python3.10/socketserver.py", line 360, in finish_request
    self.RequestHandlerClass(request, client_address, self)
  File "/usr/lib/python3.10/socketserver.py", line 683, in process_request_thread
    self.finish_request(request, client_address)
Traceback (most recent call last):
  File "/usr/lib/python3.10/socketserver.py", line 683, in process_request_thread
    self.finish_request(request, client_address)
Traceback (most recent call last):
  File "/usr/lib/python3.10/socketserver.py", line 360, in finish_request
    self.RequestHandlerClass(request, client_address, self)
  File "/usr/lib/python3.10/socketserver.py", line 747, in __init__
    self.handle()
  File "/usr/lib/python3.10/http/server.py", line 435, in handle
    self.handle_one_request()
  File "/usr/lib/python3.10/socketserver.py", line 683, in process_request_thread
    self.finish_request(request, client_address)
  File "/usr/lib/python3.10/socketserver.py", line 360, in finish_request
    self.RequestHandlerClass(request, client_address, self)
  File "/usr/lib/python3.10/socketserver.py", line 360, in finish_request
    self.RequestHandlerClass(request, client_address, self)
  File "/usr/lib/python3.10/socketserver.py", line 360, in finish_request
    self.RequestHandlerClass(request, client_address, self)
  File "/usr/lib/python3.10/socketserver.py", line 747, in __init__
    self.handle()
  File "/usr/lib/python3.10/socketserver.py", line 360, in finish_request
    self.RequestHandlerClass(request, client_address, self)
  File "/usr/lib/python3.10/socketserver.py", line 683, in process_request_thread
    self.finish_request(request, client_address)
  File "/usr/lib/python3.10/socketserver.py", line 683, in process_request_thread
    self.finish_request(request, client_address)
  File "/usr/lib/python3.10/socketserver.py", line 360, in finish_request
    self.RequestHandlerClass(request, client_address, self)
  File "/usr/lib/python3.10/socketserver.py", line 683, in process_request_thread
    self.finish_request(request, client_address)
  File "/usr/lib/python3.10/socketserver.py", line 683, in process_request_thread
    self.finish_request(request, client_address)
  File "/usr/lib/python3.10/socketserver.py", line 360, in finish_request
    self.RequestHandlerClass(request, client_address, self)
  File "/usr/lib/python3.10/socketserver.py", line 683, in process_request_thread
    self.finish_request(request, client_address)
  File "/usr/lib/python3.10/socketserver.py", line 683, in process_request_thread
    self.finish_request(request, client_address)
  File "/usr/lib/python3.10/socketserver.py", line 360, in finish_request
    self.RequestHandlerClass(request, client_address, self)
  File "/usr/lib/python3.10/socketserver.py", line 360, in finish_request
    self.RequestHandlerClass(request, client_address, self)
  File "/usr/lib/python3.10/socketserver.py", line 747, in __init__
    self.handle()
  File "/usr/lib/python3.10/socketserver.py", line 360, in finish_request
    self.RequestHandlerClass(request, client_address, self)
  File "/usr/lib/python3.10/socketserver.py", line 683, in process_request_thread
    self.finish_request(request, client_address)
  File "/usr/lib/python3.10/socketserver.py", line 360, in finish_request
    self.RequestHandlerClass(request, client_address, self)
  File "/usr/lib/python3.10/http/server.py", line 435, in handle
    self.handle_one_request()
  File "/usr/lib/python3.10/socketserver.py", line 683, in process_request_thread
    self.finish_request(request, client_address)
  File "/usr/lib/python3.10/socketserver.py", line 360, in finish_request
    self.RequestHandlerClass(request, client_address, self)
  File "/usr/lib/python3.10/socketserver.py", line 360, in finish_request
    self.RequestHandlerClass(request, client_address, self)
  File "/usr/lib/python3.10/socketserver.py", line 683, in process_request_thread
    self.finish_request(request, client_address)
  File "/usr/lib/python3.10/socketserver.py", line 747, in __init__
    self.handle()
  File "/usr/lib/python3.10/socketserver.py", line 360, in finish_request
    self.RequestHandlerClass(request, client_address, self)
  File "/usr/lib/python3.10/socketserver.py", line 747, in __init__
    self.handle()
  File "/usr/lib/python3.10/socketserver.py", line 747, in __init__
    self.handle()
  File "/usr/lib/python3.10/http/server.py", line 435, in handle
    self.handle_one_request()
  File "/usr/lib/python3.10/socketserver.py", line 683, in process_request_thread
    self.finish_request(request, client_address)
  File "/usr/lib/python3.10/socketserver.py", line 360, in finish_request
    self.RequestHandlerClass(request, client_address, self)
  File "/usr/lib/python3.10/socketserver.py", line 360, in finish_request
    self.RequestHandlerClass(request, client_address, self)
  File "/usr/lib/python3.10/socketserver.py", line 747, in __init__
    self.handle()
  File "/usr/lib/python3.10/socketserver.py", line 683, in process_request_thread
    self.finish_request(request, client_address)
  File "/usr/lib/python3.10/socketserver.py", line 360, in finish_request
    self.RequestHandlerClass(request, client_address, self)
  File "/usr/lib/python3.10/socketserver.py", line 747, in __init__
    self.handle()
  File "/usr/lib/python3.10/socketserver.py", line 683, in process_request_thread
    self.finish_request(request, client_address)
  File "/usr/lib/python3.10/socketserver.py", line 747, in __init__
    self.handle()
  File "/usr/lib/python3.10/socketserver.py", line 747, in __init__
    self.handle()
  File "/usr/lib/python3.10/socketserver.py", line 683, in process_request_thread
    self.finish_request(request, client_address)
  File "/usr/lib/python3.10/socketserver.py", line 360, in finish_request
    self.RequestHandlerClass(request, client_address, self)
  File "/usr/lib/python3.10/socketserver.py", line 747, in __init__
    self.handle()
  File "/usr/lib/python3.10/socketserver.py", line 683, in process_request_thread
    self.finish_request(request, client_address)
  File "/usr/lib/python3.10/socketserver.py", line 683, in process_request_thread
    self.finish_request(request, client_address)
  File "/usr/lib/python3.10/socketserver.py", line 683, in process_request_thread
    self.finish_request(request, client_address)
  File "/usr/lib/python3.10/socketserver.py", line 747, in __init__
    self.handle()
  File "/usr/lib/python3.10/socketserver.py", line 360, in finish_request
    self.RequestHandlerClass(request, client_address, self)
  File "/usr/lib/python3.10/http/server.py", line 435, in handle
    self.handle_one_request()
  File "/usr/lib/python3.10/socketserver.py", line 747, in __init__
    self.handle()
  File "/usr/lib/python3.10/http/server.py", line 435, in handle
    self.handle_one_request()
  File "/usr/lib/python3.10/http/server.py", line 435, in handle
    self.handle_one_request()
  File "/usr/lib/python3.10/http/server.py", line 435, in handle
    self.handle_one_request()
  File "/usr/lib/python3.10/socketserver.py", line 747, in __init__
    self.handle()
  File "/usr/lib/python3.10/socketserver.py", line 747, in __init__
    self.handle()
  File "/usr/lib/python3.10/http/server.py", line 435, in handle
    self.handle_one_request()
  File "/usr/lib/python3.10/socketserver.py", line 360, in finish_request
    self.RequestHandlerClass(request, client_address, self)
  File "/usr/lib/python3.10/socketserver.py", line 360, in finish_request
    self.RequestHandlerClass(request, client_address, self)
  File "/usr/lib/python3.10/socketserver.py", line 747, in __init__
    self.handle()
  File "/usr/lib/python3.10/socketserver.py", line 360, in finish_request
    self.RequestHandlerClass(request, client_address, self)
  File "/usr/lib/python3.10/socketserver.py", line 747, in __init__
    self.handle()
  File "/usr/lib/python3.10/http/server.py", line 435, in handle
    self.handle_one_request()
  File "/usr/lib/python3.10/http/server.py", line 401, in handle_one_request
    self.raw_requestline = self.rfile.readline(65537)
  File "/usr/lib/python3.10/socket.py", line 705, in readinto
    return self._sock.recv_into(b)
  File "/usr/lib/python3.10/socketserver.py", line 360, in finish_request
    self.RequestHandlerClass(request, client_address, self)
  File "/usr/lib/python3.10/socketserver.py", line 747, in __init__
    self.handle()
  File "/usr/lib/python3.10/http/server.py", line 421, in handle_one_request
    method()
  File "/usr/lib/python3.10/socketserver.py", line 747, in __init__
    self.handle()
  File "/usr/lib/python3.10/http/server.py", line 401, in handle_one_request
    self.raw_requestline = self.rfile.readline(65537)
  File "/usr/lib/python3.10/socketserver.py", line 747, in __init__
    self.handle()
  File "/usr/lib/python3.10/http/server.py", line 435, in handle
    self.handle_one_request()
  File "/usr/lib/python3.10/http/server.py", line 401, in handle_one_request
    self.raw_requestline = self.rfile.readline(65537)
  File "/usr/lib/python3.10/http/server.py", line 401, in handle_one_request
    self.raw_requestline = self.rfile.readline(65537)
  File "/usr/lib/python3.10/socket.py", line 705, in readinto
    return self._sock.recv_into(b)
  File "/usr/lib/python3.10/http/server.py", line 401, in handle_one_request
    self.raw_requestline = self.rfile.readline(65537)
  File "/usr/lib/python3.10/socketserver.py", line 747, in __init__
    self.handle()
  File "/usr/lib/python3.10/http/server.py", line 435, in handle
    self.handle_one_request()
  File "/usr/lib/python3.10/socketserver.py", line 360, in finish_request
    self.RequestHandlerClass(request, client_address, self)
  File "/usr/lib/python3.10/http/server.py", line 435, in handle
    self.handle_one_request()
  File "/usr/lib/python3.10/socketserver.py", line 683, in process_request_thread
    self.finish_request(request, client_address)
  File "/usr/lib/python3.10/http/server.py", line 435, in handle
    self.handle_one_request()
  File "/usr/lib/python3.10/http/server.py", line 401, in handle_one_request
    self.raw_requestline = self.rfile.readline(65537)
  File "/usr/lib/python3.10/socketserver.py", line 747, in __init__
    self.handle()
  File "/usr/lib/python3.10/socketserver.py", line 747, in __init__
    self.handle()
  File "/usr/lib/python3.10/http/server.py", line 435, in handle
    self.handle_one_request()
  File "/usr/lib/python3.10/socketserver.py", line 747, in __init__
    self.handle()
  File "/usr/lib/python3.10/http/server.py", line 435, in handle
    self.handle_one_request()
  File "/usr/lib/python3.10/socketserver.py", line 360, in finish_request
    self.RequestHandlerClass(request, client_address, self)
  File "/home/udeepa/CLB/scripts/fast_http_server.py", line 15, in do_GET
    self.wfile.write(body)
  File "/usr/lib/python3.10/http/server.py", line 435, in handle
    self.handle_one_request()
  File "/usr/lib/python3.10/socket.py", line 705, in readinto
    return self._sock.recv_into(b)
  File "/usr/lib/python3.10/http/server.py", line 421, in handle_one_request
    method()
  File "/usr/lib/python3.10/socketserver.py", line 683, in process_request_thread
    self.finish_request(request, client_address)
  File "/usr/lib/python3.10/http/server.py", line 401, in handle_one_request
    self.raw_requestline = self.rfile.readline(65537)
  File "/usr/lib/python3.10/socketserver.py", line 747, in __init__
    self.handle()
  File "/usr/lib/python3.10/http/server.py", line 435, in handle
    self.handle_one_request()
  File "/usr/lib/python3.10/http/server.py", line 421, in handle_one_request
    method()
  File "/usr/lib/python3.10/socketserver.py", line 360, in finish_request
    self.RequestHandlerClass(request, client_address, self)
  File "/usr/lib/python3.10/socketserver.py", line 747, in __init__
    self.handle()
  File "/usr/lib/python3.10/http/server.py", line 421, in handle_one_request
    method()
  File "/usr/lib/python3.10/socketserver.py", line 360, in finish_request
    self.RequestHandlerClass(request, client_address, self)
  File "/usr/lib/python3.10/http/server.py", line 435, in handle
    self.handle_one_request()
  File "/usr/lib/python3.10/http/server.py", line 421, in handle_one_request
    method()
  File "/usr/lib/python3.10/http/server.py", line 435, in handle
    self.handle_one_request()
  File "/usr/lib/python3.10/socketserver.py", line 360, in finish_request
    self.RequestHandlerClass(request, client_address, self)
  File "/usr/lib/python3.10/socketserver.py", line 747, in __init__
    self.handle()
  File "/usr/lib/python3.10/http/server.py", line 435, in handle
    self.handle_one_request()
  File "/usr/lib/python3.10/http/server.py", line 401, in handle_one_request
    self.raw_requestline = self.rfile.readline(65537)
  File "/usr/lib/python3.10/http/server.py", line 435, in handle
    self.handle_one_request()
  File "/usr/lib/python3.10/http/server.py", line 435, in handle
    self.handle_one_request()
  File "/usr/lib/python3.10/socketserver.py", line 747, in __init__
    self.handle()
  File "/usr/lib/python3.10/http/server.py", line 435, in handle
    self.handle_one_request()
  File "/usr/lib/python3.10/socketserver.py", line 360, in finish_request
    self.RequestHandlerClass(request, client_address, self)
ConnectionResetError: [Errno 104] Connection reset by peer
  File "/home/udeepa/CLB/scripts/fast_http_server.py", line 15, in do_GET
    self.wfile.write(body)
  File "/usr/lib/python3.10/http/server.py", line 421, in handle_one_request
    method()
  File "/usr/lib/python3.10/socket.py", line 705, in readinto
    return self._sock.recv_into(b)
  File "/usr/lib/python3.10/socket.py", line 705, in readinto
    return self._sock.recv_into(b)
  File "/usr/lib/python3.10/http/server.py", line 435, in handle
    self.handle_one_request()
  File "/usr/lib/python3.10/http/server.py", line 435, in handle
    self.handle_one_request()
  File "/home/udeepa/CLB/scripts/fast_http_server.py", line 15, in do_GET
    self.wfile.write(body)
  File "/usr/lib/python3.10/http/server.py", line 435, in handle
    self.handle_one_request()
  File "/usr/lib/python3.10/socketserver.py", line 360, in finish_request
    self.RequestHandlerClass(request, client_address, self)
  File "/home/udeepa/CLB/scripts/fast_http_server.py", line 15, in do_GET
    self.wfile.write(body)
  File "/usr/lib/python3.10/socket.py", line 705, in readinto
    return self._sock.recv_into(b)
ConnectionResetError: [Errno 104] Connection reset by peer
  File "/usr/lib/python3.10/http/server.py", line 435, in handle
    self.handle_one_request()
ConnectionResetError: [Errno 104] Connection reset by peer
  File "/usr/lib/python3.10/http/server.py", line 401, in handle_one_request
    self.raw_requestline = self.rfile.readline(65537)
  File "/usr/lib/python3.10/http/server.py", line 401, in handle_one_request
    self.raw_requestline = self.rfile.readline(65537)
  File "/usr/lib/python3.10/socketserver.py", line 826, in write
    self._sock.sendall(b)
  File "/usr/lib/python3.10/socketserver.py", line 683, in process_request_thread
    self.finish_request(request, client_address)
  File "/usr/lib/python3.10/socketserver.py", line 683, in process_request_thread
    self.finish_request(request, client_address)
  File "/usr/lib/python3.10/socketserver.py", line 360, in finish_request
    self.RequestHandlerClass(request, client_address, self)
  File "/usr/lib/python3.10/http/server.py", line 401, in handle_one_request
    self.raw_requestline = self.rfile.readline(65537)
  File "/usr/lib/python3.10/socket.py", line 705, in readinto
    return self._sock.recv_into(b)
  File "/home/udeepa/CLB/scripts/fast_http_server.py", line 15, in do_GET
    self.wfile.write(body)
ConnectionResetError: [Errno 104] Connection reset by peer
  File "/usr/lib/python3.10/http/server.py", line 435, in handle
    self.handle_one_request()
  File "/usr/lib/python3.10/http/server.py", line 421, in handle_one_request
    method()
  File "/usr/lib/python3.10/http/server.py", line 421, in handle_one_request
    method()
  File "/usr/lib/python3.10/http/server.py", line 421, in handle_one_request
    method()
  File "/usr/lib/python3.10/socketserver.py", line 747, in __init__
    self.handle()
  File "/usr/lib/python3.10/socketserver.py", line 747, in __init__
    self.handle()
  File "/usr/lib/python3.10/http/server.py", line 401, in handle_one_request
    self.raw_requestline = self.rfile.readline(65537)
  File "/usr/lib/python3.10/socketserver.py", line 747, in __init__
    self.handle()
  File "/usr/lib/python3.10/http/server.py", line 435, in handle
    self.handle_one_request()
  File "/usr/lib/python3.10/http/server.py", line 421, in handle_one_request
    method()
  File "/home/udeepa/CLB/scripts/fast_http_server.py", line 15, in do_GET
    self.wfile.write(body)
  File "/usr/lib/python3.10/http/server.py", line 401, in handle_one_request
    self.raw_requestline = self.rfile.readline(65537)
----------------------------------------
  File "/usr/lib/python3.10/socket.py", line 705, in readinto
    return self._sock.recv_into(b)
  File "/usr/lib/python3.10/socket.py", line 705, in readinto
    return self._sock.recv_into(b)
  File "/usr/lib/python3.10/http/server.py", line 401, in handle_one_request
    self.raw_requestline = self.rfile.readline(65537)
  File "/usr/lib/python3.10/socketserver.py", line 747, in __init__
    self.handle()
----------------------------------------
  File "/usr/lib/python3.10/socketserver.py", line 826, in write
    self._sock.sendall(b)
ConnectionResetError: [Errno 104] Connection reset by peer
  File "/usr/lib/python3.10/socketserver.py", line 826, in write
    self._sock.sendall(b)
----------------------------------------
  File "/home/udeepa/CLB/scripts/fast_http_server.py", line 15, in do_GET
    self.wfile.write(body)
  File "/home/udeepa/CLB/scripts/fast_http_server.py", line 15, in do_GET
    self.wfile.write(body)
  File "/usr/lib/python3.10/socketserver.py", line 826, in write
    self._sock.sendall(b)
  File "/usr/lib/python3.10/socketserver.py", line 747, in __init__
    self.handle()
  File "/usr/lib/python3.10/http/server.py", line 421, in handle_one_request
    method()
  File "/usr/lib/python3.10/socketserver.py", line 683, in process_request_thread
    self.finish_request(request, client_address)
  File "/usr/lib/python3.10/http/server.py", line 401, in handle_one_request
    self.raw_requestline = self.rfile.readline(65537)
  File "/usr/lib/python3.10/socketserver.py", line 826, in write
    self._sock.sendall(b)
  File "/usr/lib/python3.10/http/server.py", line 401, in handle_one_request
    self.raw_requestline = self.rfile.readline(65537)
  File "/usr/lib/python3.10/socketserver.py", line 826, in write
    self._sock.sendall(b)
  File "/usr/lib/python3.10/socket.py", line 705, in readinto
    return self._sock.recv_into(b)
ConnectionResetError: [Errno 104] Connection reset by peer
  File "/usr/lib/python3.10/http/server.py", line 435, in handle
    self.handle_one_request()
ConnectionResetError: [Errno 104] Connection reset by peer
  File "/usr/lib/python3.10/http/server.py", line 435, in handle
    self.handle_one_request()
  File "/usr/lib/python3.10/socket.py", line 705, in readinto
    return self._sock.recv_into(b)
BrokenPipeError: [Errno 32] Broken pipe
----------------------------------------
ConnectionResetError: [Errno 104] Connection reset by peer
  File "/home/udeepa/CLB/scripts/fast_http_server.py", line 15, in do_GET
    self.wfile.write(body)
  File "/usr/lib/python3.10/socketserver.py", line 747, in __init__
    self.handle()
  File "/usr/lib/python3.10/http/server.py", line 401, in handle_one_request
    self.raw_requestline = self.rfile.readline(65537)
  File "/usr/lib/python3.10/socket.py", line 705, in readinto
    return self._sock.recv_into(b)
  File "/usr/lib/python3.10/socketserver.py", line 826, in write
    self._sock.sendall(b)
  File "/usr/lib/python3.10/http/server.py", line 435, in handle
    self.handle_one_request()
  File "/usr/lib/python3.10/socket.py", line 705, in readinto
    return self._sock.recv_into(b)
  File "/usr/lib/python3.10/socket.py", line 705, in readinto
    return self._sock.recv_into(b)
ConnectionResetError: [Errno 104] Connection reset by peer
  File "/usr/lib/python3.10/socket.py", line 705, in readinto
    return self._sock.recv_into(b)
  File "/usr/lib/python3.10/socketserver.py", line 360, in finish_request
    self.RequestHandlerClass(request, client_address, self)
  File "/usr/lib/python3.10/http/server.py", line 421, in handle_one_request
    method()
ConnectionResetError: [Errno 104] Connection reset by peer
----------------------------------------
  File "/usr/lib/python3.10/http/server.py", line 421, in handle_one_request
    method()
----------------------------------------
  File "/usr/lib/python3.10/http/server.py", line 401, in handle_one_request
    self.raw_requestline = self.rfile.readline(65537)
ConnectionResetError: [Errno 104] Connection reset by peer
----------------------------------------
ConnectionResetError: [Errno 104] Connection reset by peer
  File "/home/udeepa/CLB/scripts/fast_http_server.py", line 15, in do_GET
    self.wfile.write(body)
  File "/usr/lib/python3.10/socketserver.py", line 826, in write
    self._sock.sendall(b)
ConnectionResetError: [Errno 104] Connection reset by peer
  File "/usr/lib/python3.10/http/server.py", line 435, in handle
    self.handle_one_request()
  File "/home/udeepa/CLB/scripts/fast_http_server.py", line 15, in do_GET
    self.wfile.write(body)
  File "/usr/lib/python3.10/socketserver.py", line 360, in finish_request
    self.RequestHandlerClass(request, client_address, self)
  File "/usr/lib/python3.10/http/server.py", line 435, in handle
    self.handle_one_request()
ConnectionResetError: [Errno 104] Connection reset by peer
----------------------------------------
  File "/usr/lib/python3.10/socket.py", line 705, in readinto
    return self._sock.recv_into(b)
ConnectionResetError: [Errno 104] Connection reset by peer
ConnectionResetError: [Errno 104] Connection reset by peer
  File "/usr/lib/python3.10/socketserver.py", line 747, in __init__
    self.handle()
  File "/usr/lib/python3.10/socket.py", line 705, in readinto
    return self._sock.recv_into(b)
  File "/home/udeepa/CLB/scripts/fast_http_server.py", line 15, in do_GET
    self.wfile.write(body)
  File "/usr/lib/python3.10/socketserver.py", line 360, in finish_request
    self.RequestHandlerClass(request, client_address, self)
  File "/usr/lib/python3.10/socketserver.py", line 360, in finish_request
    self.RequestHandlerClass(request, client_address, self)
ConnectionResetError: [Errno 104] Connection reset by peer
----------------------------------------
  File "/usr/lib/python3.10/socketserver.py", line 826, in write
    self._sock.sendall(b)
BrokenPipeError: [Errno 32] Broken pipe
  File "/usr/lib/python3.10/http/server.py", line 435, in handle
    self.handle_one_request()
ConnectionResetError: [Errno 104] Connection reset by peer
  File "/usr/lib/python3.10/http/server.py", line 421, in handle_one_request
    method()
ConnectionResetError: [Errno 104] Connection reset by peer
  File "/usr/lib/python3.10/http/server.py", line 401, in handle_one_request
    self.raw_requestline = self.rfile.readline(65537)
  File "/usr/lib/python3.10/socket.py", line 705, in readinto
    return self._sock.recv_into(b)
ConnectionResetError: [Errno 104] Connection reset by peer
----------------------------------------
  File "/usr/lib/python3.10/socketserver.py", line 683, in process_request_thread
    self.finish_request(request, client_address)
----------------------------------------
  File "/usr/lib/python3.10/socketserver.py", line 360, in finish_request
    self.RequestHandlerClass(request, client_address, self)
  File "/usr/lib/python3.10/socketserver.py", line 747, in __init__
    self.handle()
  File "/usr/lib/python3.10/socketserver.py", line 826, in write
    self._sock.sendall(b)
  File "/usr/lib/python3.10/socket.py", line 705, in readinto
    return self._sock.recv_into(b)
  File "/usr/lib/python3.10/socketserver.py", line 747, in __init__
    self.handle()
----------------------------------------
  File "/usr/lib/python3.10/http/server.py", line 435, in handle
    self.handle_one_request()
----------------------------------------
  File "/usr/lib/python3.10/http/server.py", line 401, in handle_one_request
    self.raw_requestline = self.rfile.readline(65537)
----------------------------------------
  File "/home/udeepa/CLB/scripts/fast_http_server.py", line 15, in do_GET
    self.wfile.write(body)
----------------------------------------
----------------------------------------
  File "/home/udeepa/CLB/scripts/fast_http_server.py", line 15, in do_GET
    self.wfile.write(body)
----------------------------------------
  File "/usr/lib/python3.10/socketserver.py", line 360, in finish_request
    self.RequestHandlerClass(request, client_address, self)
ConnectionResetError: [Errno 104] Connection reset by peer
  File "/usr/lib/python3.10/http/server.py", line 435, in handle
    self.handle_one_request()
  File "/usr/lib/python3.10/http/server.py", line 401, in handle_one_request
    self.raw_requestline = self.rfile.readline(65537)
----------------------------------------
ConnectionResetError: [Errno 104] Connection reset by peer
  File "/usr/lib/python3.10/socketserver.py", line 826, in write
    self._sock.sendall(b)
  File "/usr/lib/python3.10/http/server.py", line 401, in handle_one_request
    self.raw_requestline = self.rfile.readline(65537)
  File "/usr/lib/python3.10/socket.py", line 705, in readinto
    return self._sock.recv_into(b)
ConnectionResetError: [Errno 104] Connection reset by peer
----------------------------------------
  File "/usr/lib/python3.10/socket.py", line 705, in readinto
    return self._sock.recv_into(b)
  File "/usr/lib/python3.10/socketserver.py", line 826, in write
    self._sock.sendall(b)
ConnectionResetError: [Errno 104] Connection reset by peer
----------------------------------------
  File "/usr/lib/python3.10/http/server.py", line 435, in handle
    self.handle_one_request()
  File "/usr/lib/python3.10/socketserver.py", line 747, in __init__
    self.handle()
  File "/usr/lib/python3.10/socketserver.py", line 747, in __init__
    self.handle()
----------------------------------------
----------------------------------------
ConnectionResetError: [Errno 104] Connection reset by peer
  File "/usr/lib/python3.10/http/server.py", line 421, in handle_one_request
    method()
  File "/usr/lib/python3.10/socketserver.py", line 826, in write
    self._sock.sendall(b)
ConnectionResetError: [Errno 104] Connection reset by peer
ConnectionResetError: [Errno 104] Connection reset by peer
----------------------------------------
  File "/usr/lib/python3.10/socketserver.py", line 747, in __init__
    self.handle()
----------------------------------------
BrokenPipeError: [Errno 32] Broken pipe
  File "/usr/lib/python3.10/http/server.py", line 435, in handle
    self.handle_one_request()
ConnectionResetError: [Errno 104] Connection reset by peer
----------------------------------------
  File "/home/udeepa/CLB/scripts/fast_http_server.py", line 15, in do_GET
    self.wfile.write(body)
ConnectionResetError: [Errno 104] Connection reset by peer
----------------------------------------
----------------------------------------
----------------------------------------
  File "/usr/lib/python3.10/http/server.py", line 435, in handle
    self.handle_one_request()
  File "/usr/lib/python3.10/socket.py", line 705, in readinto
    return self._sock.recv_into(b)
  File "/usr/lib/python3.10/http/server.py", line 401, in handle_one_request
    self.raw_requestline = self.rfile.readline(65537)
  File "/usr/lib/python3.10/socket.py", line 705, in readinto
    return self._sock.recv_into(b)
----------------------------------------
  File "/usr/lib/python3.10/socketserver.py", line 826, in write
    self._sock.sendall(b)
----------------------------------------
  File "/usr/lib/python3.10/socketserver.py", line 826, in write
    self._sock.sendall(b)
  File "/usr/lib/python3.10/http/server.py", line 435, in handle
    self.handle_one_request()
  File "/usr/lib/python3.10/http/server.py", line 435, in handle
    self.handle_one_request()
ConnectionResetError: [Errno 104] Connection reset by peer
----------------------------------------
  File "/usr/lib/python3.10/socketserver.py", line 747, in __init__
    self.handle()
  File "/usr/lib/python3.10/http/server.py", line 435, in handle
    self.handle_one_request()
ConnectionResetError: [Errno 104] Connection reset by peer
ConnectionResetError: [Errno 104] Connection reset by peer
  File "/usr/lib/python3.10/http/server.py", line 421, in handle_one_request
    method()
  File "/home/udeepa/CLB/scripts/fast_http_server.py", line 15, in do_GET
    self.wfile.write(body)
----------------------------------------
ConnectionResetError: [Errno 104] Connection reset by peer
ConnectionResetError: [Errno 104] Connection reset by peer
----------------------------------------
----------------------------------------
  File "/usr/lib/python3.10/socketserver.py", line 826, in write
    self._sock.sendall(b)
ConnectionResetError: [Errno 104] Connection reset by peer
----------------------------------------
  File "/usr/lib/python3.10/http/server.py", line 401, in handle_one_request
    self.raw_requestline = self.rfile.readline(65537)
  File "/usr/lib/python3.10/http/server.py", line 401, in handle_one_request
    self.raw_requestline = self.rfile.readline(65537)
----------------------------------------
BrokenPipeError: [Errno 32] Broken pipe
----------------------------------------
----------------------------------------
  File "/usr/lib/python3.10/http/server.py", line 401, in handle_one_request
    self.raw_requestline = self.rfile.readline(65537)
  File "/usr/lib/python3.10/socketserver.py", line 360, in finish_request
    self.RequestHandlerClass(request, client_address, self)
  File "/usr/lib/python3.10/http/server.py", line 401, in handle_one_request
    self.raw_requestline = self.rfile.readline(65537)
  File "/usr/lib/python3.10/socket.py", line 705, in readinto
    return self._sock.recv_into(b)
----------------------------------------
  File "/usr/lib/python3.10/socket.py", line 705, in readinto
    return self._sock.recv_into(b)
  File "/usr/lib/python3.10/socket.py", line 705, in readinto
    return self._sock.recv_into(b)
  File "/usr/lib/python3.10/socketserver.py", line 747, in __init__
    self.handle()
  File "/usr/lib/python3.10/http/server.py", line 435, in handle
    self.handle_one_request()
ConnectionResetError: [Errno 104] Connection reset by peer
ConnectionResetError: [Errno 104] Connection reset by peer
ConnectionResetError: [Errno 104] Connection reset by peer
  File "/usr/lib/python3.10/socket.py", line 705, in readinto
    return self._sock.recv_into(b)
  File "/usr/lib/python3.10/http/server.py", line 401, in handle_one_request
    self.raw_requestline = self.rfile.readline(65537)
  File "/usr/lib/python3.10/socket.py", line 705, in readinto
    return self._sock.recv_into(b)
----------------------------------------
----------------------------------------
----------------------------------------
ConnectionResetError: [Errno 104] Connection reset by peer
ConnectionResetError: [Errno 104] Connection reset by peer
----------------------------------------
----------------------------------------
----------------------------------------
Exception occurred during processing of request from ('10.200.2.1', 59826)
----------------------------------------
----------------------------------------
----------------------------------------
----------------------------------------
----------------------------------------
----------------------------------------
----------------------------------------
----------------------------------------
----------------------------------------
Exception occurred during processing of request from ('10.200.2.1', 59830)
----------------------------------------
----------------------------------------
----------------------------------------
----------------------------------------
Exception occurred during processing of request from ('10.200.2.1', 59840)
Exception occurred during processing of request from ('10.200.2.1', 59812)
Exception occurred during processing of request from ('10.200.2.1', 59802)
Exception occurred during processing of request from ('10.200.2.1', 59860)
Exception occurred during processing of request from ('10.200.2.1', 59736)
Exception occurred during processing of request from ('10.200.2.1', 59750)
Exception occurred during processing of request from ('10.200.2.1', 59804)
Exception occurred during processing of request from ('10.200.2.1', 59874)
----------------------------------------
----------------------------------------
----------------------------------------
----------------------------------------
----------------------------------------
----------------------------------------
----------------------------------------
----------------------------------------
----------------------------------------
----------------------------------------
Exception occurred during processing of request from ('10.200.2.1', 59914)
Exception occurred during processing of request from ('10.200.2.1', 59854)
Exception occurred during processing of request from ('10.200.2.1', 59876)
Exception occurred during processing of request from ('10.200.2.1', 59774)
----------------------------------------
----------------------------------------
----------------------------------------
Exception occurred during processing of request from ('10.200.2.1', 59792)
----------------------------------------
Exception occurred during processing of request from ('10.200.2.1', 59766)
Exception occurred during processing of request from ('10.200.2.1', 59694)
Exception occurred during processing of request from ('10.200.2.1', 59712)
Exception occurred during processing of request from ('10.200.2.1', 59260)
Exception occurred during processing of request from ('10.200.2.1', 59676)
Exception occurred during processing of request from ('10.200.2.1', 59696)
Exception occurred during processing of request from ('10.200.2.1', 59720)
Exception occurred during processing of request from ('10.200.2.1', 59898)
Exception occurred during processing of request from ('10.200.2.1', 59838)
Exception occurred during processing of request from ('10.200.2.1', 59742)
Exception occurred during processing of request from ('10.200.2.1', 59678)
Exception occurred during processing of request from ('10.200.2.1', 59888)
Exception occurred during processing of request from ('10.200.2.1', 59710)
Traceback (most recent call last):
Traceback (most recent call last):
Traceback (most recent call last):
Traceback (most recent call last):
Traceback (most recent call last):
  File "/usr/lib/python3.10/socketserver.py", line 683, in process_request_thread
    self.finish_request(request, client_address)
  File "/usr/lib/python3.10/socketserver.py", line 360, in finish_request
    self.RequestHandlerClass(request, client_address, self)
Traceback (most recent call last):
Traceback (most recent call last):
Traceback (most recent call last):
Traceback (most recent call last):
Traceback (most recent call last):
Traceback (most recent call last):
Traceback (most recent call last):
Traceback (most recent call last):
Traceback (most recent call last):
Traceback (most recent call last):
Traceback (most recent call last):
  File "/usr/lib/python3.10/socketserver.py", line 683, in process_request_thread
    self.finish_request(request, client_address)
Traceback (most recent call last):
Traceback (most recent call last):
Traceback (most recent call last):
  File "/usr/lib/python3.10/socketserver.py", line 683, in process_request_thread
    self.finish_request(request, client_address)
  File "/usr/lib/python3.10/socketserver.py", line 683, in process_request_thread
    self.finish_request(request, client_address)
  File "/usr/lib/python3.10/socketserver.py", line 683, in process_request_thread
    self.finish_request(request, client_address)
  File "/usr/lib/python3.10/socketserver.py", line 683, in process_request_thread
    self.finish_request(request, client_address)
  File "/usr/lib/python3.10/socketserver.py", line 683, in process_request_thread
    self.finish_request(request, client_address)
Traceback (most recent call last):
  File "/usr/lib/python3.10/socketserver.py", line 683, in process_request_thread
    self.finish_request(request, client_address)
  File "/usr/lib/python3.10/socketserver.py", line 683, in process_request_thread
    self.finish_request(request, client_address)
  File "/usr/lib/python3.10/socketserver.py", line 683, in process_request_thread
    self.finish_request(request, client_address)
  File "/usr/lib/python3.10/socketserver.py", line 360, in finish_request
    self.RequestHandlerClass(request, client_address, self)
  File "/usr/lib/python3.10/socketserver.py", line 683, in process_request_thread
    self.finish_request(request, client_address)
Traceback (most recent call last):
  File "/usr/lib/python3.10/socketserver.py", line 683, in process_request_thread
    self.finish_request(request, client_address)
  File "/usr/lib/python3.10/socketserver.py", line 683, in process_request_thread
    self.finish_request(request, client_address)
Traceback (most recent call last):
Traceback (most recent call last):
  File "/usr/lib/python3.10/socketserver.py", line 683, in process_request_thread
    self.finish_request(request, client_address)
Traceback (most recent call last):
Traceback (most recent call last):
  File "/usr/lib/python3.10/socketserver.py", line 683, in process_request_thread
    self.finish_request(request, client_address)
  File "/usr/lib/python3.10/socketserver.py", line 683, in process_request_thread
    self.finish_request(request, client_address)
Traceback (most recent call last):
  File "/usr/lib/python3.10/socketserver.py", line 683, in process_request_thread
    self.finish_request(request, client_address)
Traceback (most recent call last):
  File "/usr/lib/python3.10/socketserver.py", line 360, in finish_request
    self.RequestHandlerClass(request, client_address, self)
  File "/usr/lib/python3.10/socketserver.py", line 683, in process_request_thread
    self.finish_request(request, client_address)
  File "/usr/lib/python3.10/socketserver.py", line 360, in finish_request
    self.RequestHandlerClass(request, client_address, self)
  File "/usr/lib/python3.10/socketserver.py", line 360, in finish_request
    self.RequestHandlerClass(request, client_address, self)
  File "/usr/lib/python3.10/socketserver.py", line 683, in process_request_thread
    self.finish_request(request, client_address)
  File "/usr/lib/python3.10/socketserver.py", line 360, in finish_request
    self.RequestHandlerClass(request, client_address, self)
  File "/usr/lib/python3.10/socketserver.py", line 747, in __init__
    self.handle()
  File "/usr/lib/python3.10/http/server.py", line 435, in handle
    self.handle_one_request()
  File "/usr/lib/python3.10/socketserver.py", line 683, in process_request_thread
    self.finish_request(request, client_address)
  File "/usr/lib/python3.10/socketserver.py", line 360, in finish_request
    self.RequestHandlerClass(request, client_address, self)
  File "/usr/lib/python3.10/socketserver.py", line 360, in finish_request
    self.RequestHandlerClass(request, client_address, self)
  File "/usr/lib/python3.10/socketserver.py", line 360, in finish_request
    self.RequestHandlerClass(request, client_address, self)
  File "/usr/lib/python3.10/socketserver.py", line 683, in process_request_thread
    self.finish_request(request, client_address)
  File "/usr/lib/python3.10/socketserver.py", line 360, in finish_request
    self.RequestHandlerClass(request, client_address, self)
  File "/usr/lib/python3.10/socketserver.py", line 683, in process_request_thread
    self.finish_request(request, client_address)
  File "/usr/lib/python3.10/socketserver.py", line 360, in finish_request
    self.RequestHandlerClass(request, client_address, self)
Traceback (most recent call last):
  File "/usr/lib/python3.10/socketserver.py", line 360, in finish_request
    self.RequestHandlerClass(request, client_address, self)
  File "/usr/lib/python3.10/socketserver.py", line 747, in __init__
    self.handle()
  File "/usr/lib/python3.10/http/server.py", line 435, in handle
    self.handle_one_request()
  File "/usr/lib/python3.10/socketserver.py", line 747, in __init__
    self.handle()
  File "/usr/lib/python3.10/socketserver.py", line 360, in finish_request
    self.RequestHandlerClass(request, client_address, self)
  File "/usr/lib/python3.10/socketserver.py", line 360, in finish_request
    self.RequestHandlerClass(request, client_address, self)
  File "/usr/lib/python3.10/socketserver.py", line 747, in __init__
    self.handle()
  File "/usr/lib/python3.10/socketserver.py", line 360, in finish_request
    self.RequestHandlerClass(request, client_address, self)
  File "/usr/lib/python3.10/socketserver.py", line 747, in __init__
    self.handle()
  File "/usr/lib/python3.10/socketserver.py", line 683, in process_request_thread
    self.finish_request(request, client_address)
  File "/usr/lib/python3.10/socketserver.py", line 747, in __init__
    self.handle()
  File "/usr/lib/python3.10/socketserver.py", line 360, in finish_request
    self.RequestHandlerClass(request, client_address, self)
  File "/usr/lib/python3.10/socketserver.py", line 747, in __init__
    self.handle()
  File "/usr/lib/python3.10/http/server.py", line 435, in handle
    self.handle_one_request()
  File "/usr/lib/python3.10/socketserver.py", line 747, in __init__
    self.handle()
  File "/usr/lib/python3.10/socketserver.py", line 747, in __init__
    self.handle()
  File "/usr/lib/python3.10/socketserver.py", line 683, in process_request_thread
    self.finish_request(request, client_address)
  File "/usr/lib/python3.10/socketserver.py", line 683, in process_request_thread
    self.finish_request(request, client_address)
  File "/usr/lib/python3.10/socketserver.py", line 683, in process_request_thread
    self.finish_request(request, client_address)
  File "/usr/lib/python3.10/socketserver.py", line 360, in finish_request
    self.RequestHandlerClass(request, client_address, self)
  File "/usr/lib/python3.10/http/server.py", line 435, in handle
    self.handle_one_request()
  File "/usr/lib/python3.10/socketserver.py", line 683, in process_request_thread
    self.finish_request(request, client_address)
  File "/usr/lib/python3.10/socketserver.py", line 747, in __init__
    self.handle()
  File "/usr/lib/python3.10/http/server.py", line 435, in handle
    self.handle_one_request()
  File "/usr/lib/python3.10/socketserver.py", line 747, in __init__
    self.handle()
  File "/usr/lib/python3.10/socketserver.py", line 360, in finish_request
    self.RequestHandlerClass(request, client_address, self)
  File "/usr/lib/python3.10/socketserver.py", line 747, in __init__
    self.handle()
  File "/usr/lib/python3.10/http/server.py", line 401, in handle_one_request
    self.raw_requestline = self.rfile.readline(65537)
  File "/usr/lib/python3.10/socketserver.py", line 747, in __init__
    self.handle()
  File "/usr/lib/python3.10/http/server.py", line 435, in handle
    self.handle_one_request()
  File "/usr/lib/python3.10/socketserver.py", line 683, in process_request_thread
    self.finish_request(request, client_address)
  File "/usr/lib/python3.10/socketserver.py", line 360, in finish_request
    self.RequestHandlerClass(request, client_address, self)
  File "/usr/lib/python3.10/socketserver.py", line 360, in finish_request
    self.RequestHandlerClass(request, client_address, self)
  File "/usr/lib/python3.10/socketserver.py", line 747, in __init__
    self.handle()
  File "/usr/lib/python3.10/http/server.py", line 401, in handle_one_request
    self.raw_requestline = self.rfile.readline(65537)
  File "/usr/lib/python3.10/socket.py", line 705, in readinto
    return self._sock.recv_into(b)
  File "/usr/lib/python3.10/socketserver.py", line 360, in finish_request
    self.RequestHandlerClass(request, client_address, self)
  File "/usr/lib/python3.10/socketserver.py", line 360, in finish_request
    self.RequestHandlerClass(request, client_address, self)
  File "/usr/lib/python3.10/http/server.py", line 435, in handle
    self.handle_one_request()
  File "/usr/lib/python3.10/socketserver.py", line 747, in __init__
    self.handle()
  File "/usr/lib/python3.10/socketserver.py", line 747, in __init__
    self.handle()
  File "/usr/lib/python3.10/http/server.py", line 401, in handle_one_request
    self.raw_requestline = self.rfile.readline(65537)
  File "/usr/lib/python3.10/socketserver.py", line 747, in __init__
    self.handle()
  File "/usr/lib/python3.10/http/server.py", line 401, in handle_one_request
    self.raw_requestline = self.rfile.readline(65537)
  File "/usr/lib/python3.10/socketserver.py", line 747, in __init__
    self.handle()
  File "/usr/lib/python3.10/http/server.py", line 435, in handle
    self.handle_one_request()
  File "/usr/lib/python3.10/socketserver.py", line 747, in __init__
    self.handle()
  File "/usr/lib/python3.10/http/server.py", line 401, in handle_one_request
    self.raw_requestline = self.rfile.readline(65537)
  File "/usr/lib/python3.10/socket.py", line 705, in readinto
    return self._sock.recv_into(b)
  File "/usr/lib/python3.10/socketserver.py", line 360, in finish_request
    self.RequestHandlerClass(request, client_address, self)
  File "/usr/lib/python3.10/http/server.py", line 435, in handle
    self.handle_one_request()
  File "/usr/lib/python3.10/socketserver.py", line 747, in __init__
    self.handle()
  File "/usr/lib/python3.10/http/server.py", line 401, in handle_one_request
    self.raw_requestline = self.rfile.readline(65537)
  File "/usr/lib/python3.10/http/server.py", line 435, in handle
    self.handle_one_request()
  File "/usr/lib/python3.10/socketserver.py", line 360, in finish_request
    self.RequestHandlerClass(request, client_address, self)
  File "/usr/lib/python3.10/socket.py", line 705, in readinto
    return self._sock.recv_into(b)
  File "/usr/lib/python3.10/socket.py", line 705, in readinto
    return self._sock.recv_into(b)
  File "/usr/lib/python3.10/socketserver.py", line 360, in finish_request
    self.RequestHandlerClass(request, client_address, self)
  File "/usr/lib/python3.10/socketserver.py", line 360, in finish_request
    self.RequestHandlerClass(request, client_address, self)
  File "/usr/lib/python3.10/socket.py", line 705, in readinto
    return self._sock.recv_into(b)
  File "/usr/lib/python3.10/http/server.py", line 401, in handle_one_request
    self.raw_requestline = self.rfile.readline(65537)
  File "/usr/lib/python3.10/http/server.py", line 435, in handle
    self.handle_one_request()
  File "/usr/lib/python3.10/http/server.py", line 401, in handle_one_request
    self.raw_requestline = self.rfile.readline(65537)
  File "/usr/lib/python3.10/socket.py", line 705, in readinto
    return self._sock.recv_into(b)
  File "/usr/lib/python3.10/socketserver.py", line 360, in finish_request
    self.RequestHandlerClass(request, client_address, self)
  File "/usr/lib/python3.10/http/server.py", line 435, in handle
    self.handle_one_request()
  File "/usr/lib/python3.10/http/server.py", line 435, in handle
    self.handle_one_request()
  File "/usr/lib/python3.10/http/server.py", line 401, in handle_one_request
    self.raw_requestline = self.rfile.readline(65537)
  File "/usr/lib/python3.10/socket.py", line 705, in readinto
    return self._sock.recv_into(b)
  File "/usr/lib/python3.10/socketserver.py", line 747, in __init__
    self.handle()
  File "/usr/lib/python3.10/http/server.py", line 435, in handle
    self.handle_one_request()
  File "/usr/lib/python3.10/socketserver.py", line 360, in finish_request
    self.RequestHandlerClass(request, client_address, self)
  File "/usr/lib/python3.10/http/server.py", line 435, in handle
    self.handle_one_request()
  File "/usr/lib/python3.10/socket.py", line 705, in readinto
    return self._sock.recv_into(b)
ConnectionResetError: [Errno 104] Connection reset by peer
  File "/usr/lib/python3.10/socketserver.py", line 747, in __init__
    self.handle()
  File "/usr/lib/python3.10/http/server.py", line 435, in handle
    self.handle_one_request()
  File "/usr/lib/python3.10/http/server.py", line 401, in handle_one_request
    self.raw_requestline = self.rfile.readline(65537)
  File "/usr/lib/python3.10/socketserver.py", line 747, in __init__
    self.handle()
  File "/usr/lib/python3.10/socket.py", line 705, in readinto
    return self._sock.recv_into(b)
  File "/usr/lib/python3.10/http/server.py", line 401, in handle_one_request
    self.raw_requestline = self.rfile.readline(65537)
  File "/usr/lib/python3.10/http/server.py", line 435, in handle
    self.handle_one_request()
ConnectionResetError: [Errno 104] Connection reset by peer
  File "/usr/lib/python3.10/socketserver.py", line 747, in __init__
    self.handle()
  File "/usr/lib/python3.10/http/server.py", line 435, in handle
    self.handle_one_request()
  File "/usr/lib/python3.10/http/server.py", line 401, in handle_one_request
    self.raw_requestline = self.rfile.readline(65537)
  File "/usr/lib/python3.10/socketserver.py", line 747, in __init__
    self.handle()
  File "/usr/lib/python3.10/http/server.py", line 435, in handle
    self.handle_one_request()
----------------------------------------
  File "/usr/lib/python3.10/http/server.py", line 401, in handle_one_request
    self.raw_requestline = self.rfile.readline(65537)
  File "/usr/lib/python3.10/socket.py", line 705, in readinto
    return self._sock.recv_into(b)
  File "/usr/lib/python3.10/http/server.py", line 401, in handle_one_request
    self.raw_requestline = self.rfile.readline(65537)
  File "/usr/lib/python3.10/http/server.py", line 435, in handle
    self.handle_one_request()
  File "/usr/lib/python3.10/http/server.py", line 435, in handle
    self.handle_one_request()
  File "/usr/lib/python3.10/socket.py", line 705, in readinto
    return self._sock.recv_into(b)
----------------------------------------
  File "/usr/lib/python3.10/http/server.py", line 401, in handle_one_request
    self.raw_requestline = self.rfile.readline(65537)
  File "/usr/lib/python3.10/http/server.py", line 435, in handle
    self.handle_one_request()
  File "/usr/lib/python3.10/http/server.py", line 401, in handle_one_request
    self.raw_requestline = self.rfile.readline(65537)
  File "/usr/lib/python3.10/socketserver.py", line 747, in __init__
    self.handle()
ConnectionResetError: [Errno 104] Connection reset by peer
  File "/usr/lib/python3.10/socket.py", line 705, in readinto
    return self._sock.recv_into(b)
  File "/usr/lib/python3.10/socketserver.py", line 747, in __init__
    self.handle()
  File "/usr/lib/python3.10/http/server.py", line 435, in handle
    self.handle_one_request()
ConnectionResetError: [Errno 104] Connection reset by peer
  File "/usr/lib/python3.10/http/server.py", line 401, in handle_one_request
    self.raw_requestline = self.rfile.readline(65537)
  File "/usr/lib/python3.10/socket.py", line 705, in readinto
    return self._sock.recv_into(b)
ConnectionResetError: [Errno 104] Connection reset by peer
  File "/usr/lib/python3.10/socket.py", line 705, in readinto
    return self._sock.recv_into(b)
  File "/usr/lib/python3.10/http/server.py", line 401, in handle_one_request
    self.raw_requestline = self.rfile.readline(65537)
ConnectionResetError: [Errno 104] Connection reset by peer
ConnectionResetError: [Errno 104] Connection reset by peer
ConnectionResetError: [Errno 104] Connection reset by peer
ConnectionResetError: [Errno 104] Connection reset by peer
----------------------------------------
  File "/usr/lib/python3.10/http/server.py", line 435, in handle
    self.handle_one_request()
ConnectionResetError: [Errno 104] Connection reset by peer
----------------------------------------
ConnectionResetError: [Errno 104] Connection reset by peer
  File "/usr/lib/python3.10/http/server.py", line 401, in handle_one_request
    self.raw_requestline = self.rfile.readline(65537)
  File "/usr/lib/python3.10/socket.py", line 705, in readinto
    return self._sock.recv_into(b)
----------------------------------------
----------------------------------------
----------------------------------------
  File "/usr/lib/python3.10/http/server.py", line 401, in handle_one_request
    self.raw_requestline = self.rfile.readline(65537)
  File "/usr/lib/python3.10/http/server.py", line 401, in handle_one_request
    self.raw_requestline = self.rfile.readline(65537)
  File "/usr/lib/python3.10/socket.py", line 705, in readinto
    return self._sock.recv_into(b)
----------------------------------------
----------------------------------------
----------------------------------------
  File "/usr/lib/python3.10/http/server.py", line 435, in handle
    self.handle_one_request()
  File "/usr/lib/python3.10/socketserver.py", line 747, in __init__
    self.handle()
  File "/usr/lib/python3.10/http/server.py", line 435, in handle
    self.handle_one_request()
----------------------------------------
ConnectionResetError: [Errno 104] Connection reset by peer
  File "/usr/lib/python3.10/http/server.py", line 401, in handle_one_request
    self.raw_requestline = self.rfile.readline(65537)
  File "/usr/lib/python3.10/http/server.py", line 435, in handle
    self.handle_one_request()
ConnectionResetError: [Errno 104] Connection reset by peer
  File "/usr/lib/python3.10/http/server.py", line 401, in handle_one_request
    self.raw_requestline = self.rfile.readline(65537)
  File "/usr/lib/python3.10/socket.py", line 705, in readinto
    return self._sock.recv_into(b)
  File "/usr/lib/python3.10/http/server.py", line 401, in handle_one_request
    self.raw_requestline = self.rfile.readline(65537)
  File "/usr/lib/python3.10/socket.py", line 705, in readinto
    return self._sock.recv_into(b)
  File "/usr/lib/python3.10/http/server.py", line 435, in handle
    self.handle_one_request()
  File "/usr/lib/python3.10/http/server.py", line 401, in handle_one_request
    self.raw_requestline = self.rfile.readline(65537)
  File "/usr/lib/python3.10/socket.py", line 705, in readinto
    return self._sock.recv_into(b)
  File "/usr/lib/python3.10/socket.py", line 705, in readinto
    return self._sock.recv_into(b)
----------------------------------------
ConnectionResetError: [Errno 104] Connection reset by peer
  File "/usr/lib/python3.10/socket.py", line 705, in readinto
    return self._sock.recv_into(b)
  File "/usr/lib/python3.10/http/server.py", line 401, in handle_one_request
    self.raw_requestline = self.rfile.readline(65537)
  File "/usr/lib/python3.10/http/server.py", line 401, in handle_one_request
    self.raw_requestline = self.rfile.readline(65537)
  File "/usr/lib/python3.10/socket.py", line 705, in readinto
    return self._sock.recv_into(b)
ConnectionResetError: [Errno 104] Connection reset by peer
ConnectionResetError: [Errno 104] Connection reset by peer
  File "/usr/lib/python3.10/socket.py", line 705, in readinto
    return self._sock.recv_into(b)
  File "/usr/lib/python3.10/socket.py", line 705, in readinto
    return self._sock.recv_into(b)
ConnectionResetError: [Errno 104] Connection reset by peer
  File "/usr/lib/python3.10/socket.py", line 705, in readinto
    return self._sock.recv_into(b)
ConnectionResetError: [Errno 104] Connection reset by peer
  File "/usr/lib/python3.10/socket.py", line 705, in readinto
    return self._sock.recv_into(b)
  File "/usr/lib/python3.10/http/server.py", line 401, in handle_one_request
    self.raw_requestline = self.rfile.readline(65537)
  File "/usr/lib/python3.10/socket.py", line 705, in readinto
    return self._sock.recv_into(b)
ConnectionResetError: [Errno 104] Connection reset by peer
ConnectionResetError: [Errno 104] Connection reset by peer
----------------------------------------
ConnectionResetError: [Errno 104] Connection reset by peer
ConnectionResetError: [Errno 104] Connection reset by peer
----------------------------------------
ConnectionResetError: [Errno 104] Connection reset by peer
----------------------------------------
ConnectionResetError: [Errno 104] Connection reset by peer
----------------------------------------
  File "/usr/lib/python3.10/socket.py", line 705, in readinto
    return self._sock.recv_into(b)
----------------------------------------
ConnectionResetError: [Errno 104] Connection reset by peer
----------------------------------------
----------------------------------------
----------------------------------------
----------------------------------------
----------------------------------------
ConnectionResetError: [Errno 104] Connection reset by peer
ConnectionResetError: [Errno 104] Connection reset by peer
ConnectionResetError: [Errno 104] Connection reset by peer
----------------------------------------
----------------------------------------
----------------------------------------
----------------------------------------
----------------------------------------
----------------------------------------
----------------------------------------
Exception occurred during processing of request from ('10.200.2.1', 55276)
----------------------------------------
Exception occurred during processing of request from ('10.200.2.1', 55254)
----------------------------------------
Exception occurred during processing of request from ('10.200.2.1', 54966)
----------------------------------------
----------------------------------------
----------------------------------------
----------------------------------------
----------------------------------------
----------------------------------------
----------------------------------------
----------------------------------------
----------------------------------------
Exception occurred during processing of request from ('10.200.2.1', 55226)
----------------------------------------
----------------------------------------
Exception occurred during processing of request from ('10.200.2.1', 55268)
----------------------------------------
----------------------------------------
----------------------------------------
----------------------------------------
Exception occurred during processing of request from ('10.200.2.1', 55228)
Exception occurred during processing of request from ('10.200.2.1', 55132)
Exception occurred during processing of request from ('10.200.2.1', 55024)
----------------------------------------
----------------------------------------
----------------------------------------
----------------------------------------
----------------------------------------
----------------------------------------
Exception occurred during processing of request from ('10.200.2.1', 54986)
----------------------------------------
----------------------------------------
----------------------------------------
----------------------------------------
Exception occurred during processing of request from ('10.200.2.1', 55054)
----------------------------------------
Exception occurred during processing of request from ('10.200.2.1', 55232)
Exception occurred during processing of request from ('10.200.2.1', 54996)
Exception occurred during processing of request from ('10.200.2.1', 55078)
Exception occurred during processing of request from ('10.200.2.1', 55176)
Exception occurred during processing of request from ('10.200.2.1', 55040)
Exception occurred during processing of request from ('10.200.2.1', 55214)
Exception occurred during processing of request from ('10.200.2.1', 55156)
----------------------------------------
Exception occurred during processing of request from ('10.200.2.1', 55122)
Exception occurred during processing of request from ('10.200.2.1', 55204)
Exception occurred during processing of request from ('10.200.2.1', 55108)
Exception occurred during processing of request from ('10.200.2.1', 55168)
----------------------------------------
Exception occurred during processing of request from ('10.200.2.1', 55084)
Exception occurred during processing of request from ('10.200.2.1', 55030)
----------------------------------------
Exception occurred during processing of request from ('10.200.2.1', 55144)
Exception occurred during processing of request from ('10.200.2.1', 54994)
Exception occurred during processing of request from ('10.200.2.1', 55022)
Exception occurred during processing of request from ('10.200.2.1', 55174)
Exception occurred during processing of request from ('10.200.2.1', 55150)
----------------------------------------
Exception occurred during processing of request from ('10.200.2.1', 55188)
Exception occurred during processing of request from ('10.200.2.1', 54976)
Exception occurred during processing of request from ('10.200.2.1', 55076)
Exception occurred during processing of request from ('10.200.2.1', 55060)
----------------------------------------
----------------------------------------
Exception occurred during processing of request from ('10.200.2.1', 55012)
Exception occurred during processing of request from ('10.200.2.1', 55092)
Exception occurred during processing of request from ('10.200.2.1', 55178)
Traceback (most recent call last):
Traceback (most recent call last):
Traceback (most recent call last):
Traceback (most recent call last):
Traceback (most recent call last):
Traceback (most recent call last):
Traceback (most recent call last):
  File "/usr/lib/python3.10/socketserver.py", line 683, in process_request_thread
    self.finish_request(request, client_address)
Traceback (most recent call last):
Traceback (most recent call last):
  File "/usr/lib/python3.10/socketserver.py", line 683, in process_request_thread
    self.finish_request(request, client_address)
  File "/usr/lib/python3.10/socketserver.py", line 360, in finish_request
    self.RequestHandlerClass(request, client_address, self)
Traceback (most recent call last):
  File "/usr/lib/python3.10/socketserver.py", line 683, in process_request_thread
    self.finish_request(request, client_address)
  File "/usr/lib/python3.10/socketserver.py", line 360, in finish_request
    self.RequestHandlerClass(request, client_address, self)
  File "/usr/lib/python3.10/socketserver.py", line 683, in process_request_thread
    self.finish_request(request, client_address)
  File "/usr/lib/python3.10/socketserver.py", line 683, in process_request_thread
    self.finish_request(request, client_address)
  File "/usr/lib/python3.10/socketserver.py", line 683, in process_request_thread
    self.finish_request(request, client_address)
Traceback (most recent call last):
Traceback (most recent call last):
  File "/usr/lib/python3.10/socketserver.py", line 683, in process_request_thread
    self.finish_request(request, client_address)
  File "/usr/lib/python3.10/socketserver.py", line 360, in finish_request
    self.RequestHandlerClass(request, client_address, self)
  File "/usr/lib/python3.10/socketserver.py", line 747, in __init__
    self.handle()
  File "/usr/lib/python3.10/socketserver.py", line 360, in finish_request
    self.RequestHandlerClass(request, client_address, self)
  File "/usr/lib/python3.10/socketserver.py", line 360, in finish_request
    self.RequestHandlerClass(request, client_address, self)
  File "/usr/lib/python3.10/socketserver.py", line 683, in process_request_thread
    self.finish_request(request, client_address)
  File "/usr/lib/python3.10/socketserver.py", line 360, in finish_request
    self.RequestHandlerClass(request, client_address, self)
  File "/usr/lib/python3.10/socketserver.py", line 683, in process_request_thread
    self.finish_request(request, client_address)
  File "/usr/lib/python3.10/http/server.py", line 435, in handle
    self.handle_one_request()
  File "/usr/lib/python3.10/socketserver.py", line 683, in process_request_thread
    self.finish_request(request, client_address)
  File "/usr/lib/python3.10/socketserver.py", line 360, in finish_request
    self.RequestHandlerClass(request, client_address, self)
  File "/usr/lib/python3.10/socketserver.py", line 360, in finish_request
    self.RequestHandlerClass(request, client_address, self)
  File "/usr/lib/python3.10/socketserver.py", line 747, in __init__
    self.handle()
  File "/usr/lib/python3.10/socketserver.py", line 683, in process_request_thread
    self.finish_request(request, client_address)
  File "/usr/lib/python3.10/socketserver.py", line 683, in process_request_thread
    self.finish_request(request, client_address)
  File "/usr/lib/python3.10/socketserver.py", line 747, in __init__
    self.handle()
  File "/usr/lib/python3.10/socketserver.py", line 747, in __init__
    self.handle()
  File "/usr/lib/python3.10/socketserver.py", line 747, in __init__
    self.handle()
  File "/usr/lib/python3.10/socketserver.py", line 360, in finish_request
    self.RequestHandlerClass(request, client_address, self)
  File "/usr/lib/python3.10/socketserver.py", line 747, in __init__
    self.handle()
  File "/usr/lib/python3.10/http/server.py", line 435, in handle
    self.handle_one_request()
  File "/usr/lib/python3.10/socketserver.py", line 360, in finish_request
    self.RequestHandlerClass(request, client_address, self)
  File "/usr/lib/python3.10/http/server.py", line 435, in handle
    self.handle_one_request()
  File "/usr/lib/python3.10/http/server.py", line 421, in handle_one_request
    method()
  File "/usr/lib/python3.10/socketserver.py", line 747, in __init__
    self.handle()
  File "/usr/lib/python3.10/http/server.py", line 435, in handle
    self.handle_one_request()
  File "/usr/lib/python3.10/http/server.py", line 421, in handle_one_request
    method()
  File "/usr/lib/python3.10/socketserver.py", line 360, in finish_request
    self.RequestHandlerClass(request, client_address, self)
  File "/usr/lib/python3.10/http/server.py", line 435, in handle
    self.handle_one_request()
  File "/usr/lib/python3.10/socketserver.py", line 747, in __init__
    self.handle()
  File "/usr/lib/python3.10/http/server.py", line 435, in handle
    self.handle_one_request()
  File "/usr/lib/python3.10/socketserver.py", line 360, in finish_request
    self.RequestHandlerClass(request, client_address, self)
  File "/usr/lib/python3.10/socketserver.py", line 747, in __init__
    self.handle()
  File "/usr/lib/python3.10/http/server.py", line 421, in handle_one_request
    method()
  File "/usr/lib/python3.10/socketserver.py", line 747, in __init__
    self.handle()
  File "/usr/lib/python3.10/http/server.py", line 435, in handle
    self.handle_one_request()
  File "/usr/lib/python3.10/http/server.py", line 421, in handle_one_request
    method()
  File "/usr/lib/python3.10/http/server.py", line 421, in handle_one_request
    method()
  File "/usr/lib/python3.10/http/server.py", line 435, in handle
    self.handle_one_request()
  File "/home/udeepa/CLB/scripts/fast_http_server.py", line 15, in do_GET
    self.wfile.write(body)
  File "/usr/lib/python3.10/http/server.py", line 435, in handle
    self.handle_one_request()
  File "/usr/lib/python3.10/http/server.py", line 421, in handle_one_request
    method()
  File "/home/udeepa/CLB/scripts/fast_http_server.py", line 15, in do_GET
    self.wfile.write(body)
  File "/usr/lib/python3.10/socketserver.py", line 826, in write
    self._sock.sendall(b)
  File "/usr/lib/python3.10/http/server.py", line 421, in handle_one_request
    method()
  File "/usr/lib/python3.10/socketserver.py", line 747, in __init__
    self.handle()
  File "/usr/lib/python3.10/socketserver.py", line 826, in write
    self._sock.sendall(b)
  File "/home/udeepa/CLB/scripts/fast_http_server.py", line 15, in do_GET
    self.wfile.write(body)
  File "/usr/lib/python3.10/socketserver.py", line 826, in write
    self._sock.sendall(b)
  File "/home/udeepa/CLB/scripts/fast_http_server.py", line 15, in do_GET
    self.wfile.write(body)
  File "/usr/lib/python3.10/http/server.py", line 421, in handle_one_request
    method()
  File "/home/udeepa/CLB/scripts/fast_http_server.py", line 15, in do_GET
    self.wfile.write(body)
  File "/usr/lib/python3.10/http/server.py", line 435, in handle
    self.handle_one_request()
  File "/usr/lib/python3.10/http/server.py", line 421, in handle_one_request
    method()
  File "/home/udeepa/CLB/scripts/fast_http_server.py", line 15, in do_GET
    self.wfile.write(body)
  File "/usr/lib/python3.10/http/server.py", line 421, in handle_one_request
    method()
  File "/home/udeepa/CLB/scripts/fast_http_server.py", line 15, in do_GET
    self.wfile.write(body)
  File "/usr/lib/python3.10/socketserver.py", line 826, in write
    self._sock.sendall(b)
  File "/home/udeepa/CLB/scripts/fast_http_server.py", line 15, in do_GET
    self.wfile.write(body)
  File "/home/udeepa/CLB/scripts/fast_http_server.py", line 15, in do_GET
    self.wfile.write(body)
  File "/usr/lib/python3.10/socketserver.py", line 747, in __init__
    self.handle()
  File "/usr/lib/python3.10/socketserver.py", line 826, in write
    self._sock.sendall(b)
  File "/usr/lib/python3.10/http/server.py", line 435, in handle
    self.handle_one_request()
ConnectionResetError: [Errno 104] Connection reset by peer
  File "/usr/lib/python3.10/socketserver.py", line 826, in write
    self._sock.sendall(b)
  File "/usr/lib/python3.10/socketserver.py", line 826, in write
    self._sock.sendall(b)
  File "/home/udeepa/CLB/scripts/fast_http_server.py", line 15, in do_GET
    self.wfile.write(body)
  File "/usr/lib/python3.10/socketserver.py", line 826, in write
    self._sock.sendall(b)
  File "/usr/lib/python3.10/socketserver.py", line 826, in write
    self._sock.sendall(b)
BrokenPipeError: [Errno 32] Broken pipe
ConnectionResetError: [Errno 104] Connection reset by peer
  File "/usr/lib/python3.10/http/server.py", line 435, in handle
    self.handle_one_request()
ConnectionResetError: [Errno 104] Connection reset by peer
  File "/usr/lib/python3.10/http/server.py", line 421, in handle_one_request
    method()
----------------------------------------
----------------------------------------
----------------------------------------
  File "/usr/lib/python3.10/http/server.py", line 421, in handle_one_request
    method()
----------------------------------------
  File "/home/udeepa/CLB/scripts/fast_http_server.py", line 15, in do_GET
    self.wfile.write(body)
  File "/usr/lib/python3.10/socketserver.py", line 826, in write
    self._sock.sendall(b)
ConnectionResetError: [Errno 104] Connection reset by peer
  File "/home/udeepa/CLB/scripts/fast_http_server.py", line 15, in do_GET
    self.wfile.write(body)
ConnectionResetError: [Errno 104] Connection reset by peer
BrokenPipeError: [Errno 32] Broken pipe
----------------------------------------
  File "/usr/lib/python3.10/socketserver.py", line 826, in write
    self._sock.sendall(b)
----------------------------------------
----------------------------------------
ConnectionResetError: [Errno 104] Connection reset by peer
ConnectionResetError: [Errno 104] Connection reset by peer
ConnectionResetError: [Errno 104] Connection reset by peer
----------------------------------------
----------------------------------------
ConnectionResetError: [Errno 104] Connection reset by peer
----------------------------------------
----------------------------------------
Traceback (most recent call last):
Traceback (most recent call last):
Traceback (most recent call last):
Traceback (most recent call last):
Traceback (most recent call last):
Traceback (most recent call last):
Traceback (most recent call last):
Traceback (most recent call last):
Traceback (most recent call last):
Traceback (most recent call last):
Traceback (most recent call last):
Traceback (most recent call last):
Traceback (most recent call last):
Traceback (most recent call last):
Traceback (most recent call last):
Traceback (most recent call last):
Traceback (most recent call last):
Traceback (most recent call last):
  File "/usr/lib/python3.10/socketserver.py", line 826, in write
    self._sock.sendall(b)
Traceback (most recent call last):
Traceback (most recent call last):
Traceback (most recent call last):
Traceback (most recent call last):
Traceback (most recent call last):
  File "/usr/lib/python3.10/socketserver.py", line 683, in process_request_thread
    self.finish_request(request, client_address)
  File "/usr/lib/python3.10/socketserver.py", line 360, in finish_request
    self.RequestHandlerClass(request, client_address, self)
  File "/usr/lib/python3.10/socketserver.py", line 683, in process_request_thread
    self.finish_request(request, client_address)
  File "/usr/lib/python3.10/socketserver.py", line 683, in process_request_thread
    self.finish_request(request, client_address)
  File "/usr/lib/python3.10/socketserver.py", line 683, in process_request_thread
    self.finish_request(request, client_address)
  File "/usr/lib/python3.10/socketserver.py", line 683, in process_request_thread
    self.finish_request(request, client_address)
  File "/usr/lib/python3.10/socketserver.py", line 360, in finish_request
    self.RequestHandlerClass(request, client_address, self)
  File "/usr/lib/python3.10/socketserver.py", line 747, in __init__
    self.handle()
  File "/usr/lib/python3.10/http/server.py", line 435, in handle
    self.handle_one_request()
  File "/usr/lib/python3.10/http/server.py", line 401, in handle_one_request
    self.raw_requestline = self.rfile.readline(65537)
  File "/usr/lib/python3.10/socketserver.py", line 683, in process_request_thread
    self.finish_request(request, client_address)
  File "/usr/lib/python3.10/socketserver.py", line 683, in process_request_thread
    self.finish_request(request, client_address)
  File "/usr/lib/python3.10/socketserver.py", line 360, in finish_request
    self.RequestHandlerClass(request, client_address, self)
  File "/usr/lib/python3.10/socketserver.py", line 683, in process_request_thread
    self.finish_request(request, client_address)
  File "/usr/lib/python3.10/socketserver.py", line 683, in process_request_thread
    self.finish_request(request, client_address)
  File "/usr/lib/python3.10/socketserver.py", line 360, in finish_request
    self.RequestHandlerClass(request, client_address, self)
  File "/usr/lib/python3.10/socketserver.py", line 747, in __init__
    self.handle()
  File "/usr/lib/python3.10/http/server.py", line 435, in handle
    self.handle_one_request()
  File "/usr/lib/python3.10/http/server.py", line 401, in handle_one_request
    self.raw_requestline = self.rfile.readline(65537)
  File "/usr/lib/python3.10/socketserver.py", line 683, in process_request_thread
    self.finish_request(request, client_address)
  File "/usr/lib/python3.10/socketserver.py", line 683, in process_request_thread
    self.finish_request(request, client_address)
  File "/usr/lib/python3.10/socketserver.py", line 683, in process_request_thread
    self.finish_request(request, client_address)
  File "/usr/lib/python3.10/socketserver.py", line 683, in process_request_thread
    self.finish_request(request, client_address)
  File "/usr/lib/python3.10/socketserver.py", line 360, in finish_request
    self.RequestHandlerClass(request, client_address, self)
ConnectionResetError: [Errno 104] Connection reset by peer
  File "/usr/lib/python3.10/socketserver.py", line 683, in process_request_thread
    self.finish_request(request, client_address)
  File "/usr/lib/python3.10/socketserver.py", line 683, in process_request_thread
    self.finish_request(request, client_address)
  File "/usr/lib/python3.10/socketserver.py", line 683, in process_request_thread
    self.finish_request(request, client_address)
  File "/usr/lib/python3.10/socketserver.py", line 360, in finish_request
    self.RequestHandlerClass(request, client_address, self)
  File "/usr/lib/python3.10/socketserver.py", line 683, in process_request_thread
    self.finish_request(request, client_address)
  File "/usr/lib/python3.10/socketserver.py", line 683, in process_request_thread
    self.finish_request(request, client_address)
  File "/usr/lib/python3.10/socketserver.py", line 683, in process_request_thread
    self.finish_request(request, client_address)
  File "/usr/lib/python3.10/socketserver.py", line 360, in finish_request
    self.RequestHandlerClass(request, client_address, self)
  File "/usr/lib/python3.10/socketserver.py", line 360, in finish_request
    self.RequestHandlerClass(request, client_address, self)
  File "/usr/lib/python3.10/socketserver.py", line 683, in process_request_thread
    self.finish_request(request, client_address)
  File "/usr/lib/python3.10/socketserver.py", line 360, in finish_request
    self.RequestHandlerClass(request, client_address, self)
  File "/usr/lib/python3.10/socketserver.py", line 747, in __init__
    self.handle()
  File "/usr/lib/python3.10/socketserver.py", line 683, in process_request_thread
    self.finish_request(request, client_address)
  File "/usr/lib/python3.10/socketserver.py", line 747, in __init__
    self.handle()
  File "/usr/lib/python3.10/socketserver.py", line 360, in finish_request
    self.RequestHandlerClass(request, client_address, self)
  File "/usr/lib/python3.10/socket.py", line 705, in readinto
    return self._sock.recv_into(b)
  File "/usr/lib/python3.10/socketserver.py", line 360, in finish_request
    self.RequestHandlerClass(request, client_address, self)
  File "/usr/lib/python3.10/socketserver.py", line 747, in __init__
    self.handle()
  File "/usr/lib/python3.10/socketserver.py", line 360, in finish_request
    self.RequestHandlerClass(request, client_address, self)
  File "/usr/lib/python3.10/socketserver.py", line 747, in __init__
    self.handle()
  File "/usr/lib/python3.10/socketserver.py", line 360, in finish_request
    self.RequestHandlerClass(request, client_address, self)
  File "/usr/lib/python3.10/socketserver.py", line 747, in __init__
    self.handle()
  File "/usr/lib/python3.10/socketserver.py", line 747, in __init__
    self.handle()
  File "/usr/lib/python3.10/socketserver.py", line 747, in __init__
    self.handle()
  File "/usr/lib/python3.10/http/server.py", line 435, in handle
    self.handle_one_request()
  File "/usr/lib/python3.10/socketserver.py", line 360, in finish_request
    self.RequestHandlerClass(request, client_address, self)
  File "/usr/lib/python3.10/socketserver.py", line 360, in finish_request
    self.RequestHandlerClass(request, client_address, self)
  File "/usr/lib/python3.10/socketserver.py", line 683, in process_request_thread
    self.finish_request(request, client_address)
  File "/usr/lib/python3.10/socketserver.py", line 747, in __init__
    self.handle()
  File "/usr/lib/python3.10/http/server.py", line 435, in handle
    self.handle_one_request()
ConnectionResetError: [Errno 104] Connection reset by peer
  File "/usr/lib/python3.10/socketserver.py", line 360, in finish_request
    self.RequestHandlerClass(request, client_address, self)
  File "/usr/lib/python3.10/socketserver.py", line 683, in process_request_thread
    self.finish_request(request, client_address)
  File "/usr/lib/python3.10/socket.py", line 705, in readinto
    return self._sock.recv_into(b)
  File "/usr/lib/python3.10/socketserver.py", line 360, in finish_request
    self.RequestHandlerClass(request, client_address, self)
  File "/usr/lib/python3.10/socketserver.py", line 747, in __init__
    self.handle()
  File "/usr/lib/python3.10/http/server.py", line 435, in handle
    self.handle_one_request()
  File "/usr/lib/python3.10/http/server.py", line 401, in handle_one_request
    self.raw_requestline = self.rfile.readline(65537)
  File "/usr/lib/python3.10/socketserver.py", line 747, in __init__
    self.handle()
  File "/usr/lib/python3.10/socketserver.py", line 747, in __init__
    self.handle()
  File "/usr/lib/python3.10/socketserver.py", line 360, in finish_request
    self.RequestHandlerClass(request, client_address, self)
  File "/usr/lib/python3.10/socketserver.py", line 747, in __init__
    self.handle()
----------------------------------------
  File "/usr/lib/python3.10/socketserver.py", line 747, in __init__
    self.handle()
  File "/usr/lib/python3.10/socketserver.py", line 747, in __init__
    self.handle()
  File "/usr/lib/python3.10/http/server.py", line 435, in handle
    self.handle_one_request()
ConnectionResetError: [Errno 104] Connection reset by peer
----------------------------------------
  File "/usr/lib/python3.10/socketserver.py", line 360, in finish_request
    self.RequestHandlerClass(request, client_address, self)
  File "/usr/lib/python3.10/socketserver.py", line 747, in __init__
    self.handle()
  File "/usr/lib/python3.10/socketserver.py", line 360, in finish_request
    self.RequestHandlerClass(request, client_address, self)
  File "/usr/lib/python3.10/socketserver.py", line 360, in finish_request
    self.RequestHandlerClass(request, client_address, self)
  File "/usr/lib/python3.10/socketserver.py", line 747, in __init__
    self.handle()
  File "/usr/lib/python3.10/http/server.py", line 435, in handle
    self.handle_one_request()
  File "/usr/lib/python3.10/http/server.py", line 401, in handle_one_request
    self.raw_requestline = self.rfile.readline(65537)
  File "/usr/lib/python3.10/socket.py", line 705, in readinto
    return self._sock.recv_into(b)
  File "/usr/lib/python3.10/socketserver.py", line 360, in finish_request
    self.RequestHandlerClass(request, client_address, self)
  File "/usr/lib/python3.10/http/server.py", line 435, in handle
    self.handle_one_request()
  File "/usr/lib/python3.10/http/server.py", line 401, in handle_one_request
    self.raw_requestline = self.rfile.readline(65537)
----------------------------------------
  File "/usr/lib/python3.10/http/server.py", line 435, in handle
    self.handle_one_request()
  File "/usr/lib/python3.10/socketserver.py", line 747, in __init__
    self.handle()
  File "/usr/lib/python3.10/socketserver.py", line 747, in __init__
    self.handle()
  File "/usr/lib/python3.10/http/server.py", line 435, in handle
    self.handle_one_request()
  File "/usr/lib/python3.10/http/server.py", line 401, in handle_one_request
    self.raw_requestline = self.rfile.readline(65537)
  File "/usr/lib/python3.10/socket.py", line 705, in readinto
    return self._sock.recv_into(b)
  File "/usr/lib/python3.10/http/server.py", line 435, in handle
    self.handle_one_request()
  File "/usr/lib/python3.10/http/server.py", line 401, in handle_one_request
    self.raw_requestline = self.rfile.readline(65537)
  File "/usr/lib/python3.10/http/server.py", line 435, in handle
    self.handle_one_request()
  File "/usr/lib/python3.10/http/server.py", line 401, in handle_one_request
    self.raw_requestline = self.rfile.readline(65537)
  File "/usr/lib/python3.10/http/server.py", line 435, in handle
    self.handle_one_request()
  File "/usr/lib/python3.10/http/server.py", line 401, in handle_one_request
    self.raw_requestline = self.rfile.readline(65537)
  File "/usr/lib/python3.10/http/server.py", line 435, in handle
    self.handle_one_request()
  File "/usr/lib/python3.10/http/server.py", line 435, in handle
    self.handle_one_request()
  File "/usr/lib/python3.10/http/server.py", line 401, in handle_one_request
    self.raw_requestline = self.rfile.readline(65537)
  File "/usr/lib/python3.10/socket.py", line 705, in readinto
    return self._sock.recv_into(b)
  File "/usr/lib/python3.10/http/server.py", line 401, in handle_one_request
    self.raw_requestline = self.rfile.readline(65537)
  File "/usr/lib/python3.10/http/server.py", line 401, in handle_one_request
    self.raw_requestline = self.rfile.readline(65537)
  File "/usr/lib/python3.10/socket.py", line 705, in readinto
    return self._sock.recv_into(b)
  File "/usr/lib/python3.10/socket.py", line 705, in readinto
    return self._sock.recv_into(b)
  File "/usr/lib/python3.10/http/server.py", line 435, in handle
    self.handle_one_request()
  File "/usr/lib/python3.10/http/server.py", line 435, in handle
    self.handle_one_request()
ConnectionResetError: [Errno 104] Connection reset by peer
  File "/usr/lib/python3.10/socket.py", line 705, in readinto
    return self._sock.recv_into(b)
  File "/usr/lib/python3.10/socketserver.py", line 747, in __init__
    self.handle()
  File "/usr/lib/python3.10/socket.py", line 705, in readinto
    return self._sock.recv_into(b)
  File "/usr/lib/python3.10/http/server.py", line 435, in handle
    self.handle_one_request()
  File "/usr/lib/python3.10/socket.py", line 705, in readinto
    return self._sock.recv_into(b)
  File "/usr/lib/python3.10/http/server.py", line 401, in handle_one_request
    self.raw_requestline = self.rfile.readline(65537)
ConnectionResetError: [Errno 104] Connection reset by peer
  File "/usr/lib/python3.10/http/server.py", line 401, in handle_one_request
    self.raw_requestline = self.rfile.readline(65537)
  File "/usr/lib/python3.10/http/server.py", line 401, in handle_one_request
    self.raw_requestline = self.rfile.readline(65537)
  File "/usr/lib/python3.10/http/server.py", line 435, in handle
    self.handle_one_request()
  File "/usr/lib/python3.10/http/server.py", line 401, in handle_one_request
    self.raw_requestline = self.rfile.readline(65537)
----------------------------------------
  File "/usr/lib/python3.10/socket.py", line 705, in readinto
    return self._sock.recv_into(b)
ConnectionResetError: [Errno 104] Connection reset by peer
  File "/usr/lib/python3.10/http/server.py", line 401, in handle_one_request
    self.raw_requestline = self.rfile.readline(65537)
ConnectionResetError: [Errno 104] Connection reset by peer
  File "/usr/lib/python3.10/socket.py", line 705, in readinto
    return self._sock.recv_into(b)
----------------------------------------
  File "/usr/lib/python3.10/socket.py", line 705, in readinto
    return self._sock.recv_into(b)
  File "/usr/lib/python3.10/socket.py", line 705, in readinto
    return self._sock.recv_into(b)
ConnectionResetError: [Errno 104] Connection reset by peer
  File "/usr/lib/python3.10/http/server.py", line 435, in handle
    self.handle_one_request()
ConnectionResetError: [Errno 104] Connection reset by peer
----------------------------------------
  File "/usr/lib/python3.10/socket.py", line 705, in readinto
    return self._sock.recv_into(b)
----------------------------------------
  File "/usr/lib/python3.10/http/server.py", line 401, in handle_one_request
    self.raw_requestline = self.rfile.readline(65537)
  File "/usr/lib/python3.10/http/server.py", line 435, in handle
    self.handle_one_request()
ConnectionResetError: [Errno 104] Connection reset by peer
  File "/usr/lib/python3.10/socket.py", line 705, in readinto
    return self._sock.recv_into(b)
----------------------------------------
  File "/usr/lib/python3.10/http/server.py", line 401, in handle_one_request
    self.raw_requestline = self.rfile.readline(65537)
----------------------------------------
  File "/usr/lib/python3.10/socket.py", line 705, in readinto
    return self._sock.recv_into(b)
ConnectionResetError: [Errno 104] Connection reset by peer
  File "/usr/lib/python3.10/socketserver.py", line 747, in __init__
    self.handle()
  File "/usr/lib/python3.10/http/server.py", line 401, in handle_one_request
    self.raw_requestline = self.rfile.readline(65537)
  File "/usr/lib/python3.10/socket.py", line 705, in readinto
    return self._sock.recv_into(b)
----------------------------------------
ConnectionResetError: [Errno 104] Connection reset by peer
  File "/usr/lib/python3.10/socketserver.py", line 360, in finish_request
    self.RequestHandlerClass(request, client_address, self)
  File "/usr/lib/python3.10/http/server.py", line 401, in handle_one_request
    self.raw_requestline = self.rfile.readline(65537)
  File "/usr/lib/python3.10/socket.py", line 705, in readinto
    return self._sock.recv_into(b)
ConnectionResetError: [Errno 104] Connection reset by peer
ConnectionResetError: [Errno 104] Connection reset by peer
ConnectionResetError: [Errno 104] Connection reset by peer
ConnectionResetError: [Errno 104] Connection reset by peer
ConnectionResetError: [Errno 104] Connection reset by peer
  File "/usr/lib/python3.10/socket.py", line 705, in readinto
    return self._sock.recv_into(b)
ConnectionResetError: [Errno 104] Connection reset by peer
----------------------------------------
  File "/usr/lib/python3.10/http/server.py", line 435, in handle
    self.handle_one_request()
----------------------------------------
----------------------------------------
----------------------------------------
ConnectionResetError: [Errno 104] Connection reset by peer
----------------------------------------
----------------------------------------
  File "/usr/lib/python3.10/http/server.py", line 401, in handle_one_request
    self.raw_requestline = self.rfile.readline(65537)
----------------------------------------
  File "/usr/lib/python3.10/socket.py", line 705, in readinto
    return self._sock.recv_into(b)
ConnectionResetError: [Errno 104] Connection reset by peer
ConnectionResetError: [Errno 104] Connection reset by peer
  File "/usr/lib/python3.10/socketserver.py", line 747, in __init__
    self.handle()
ConnectionResetError: [Errno 104] Connection reset by peer
----------------------------------------
----------------------------------------
  File "/usr/lib/python3.10/http/server.py", line 435, in handle
    self.handle_one_request()
----------------------------------------
----------------------------------------
  File "/usr/lib/python3.10/http/server.py", line 401, in handle_one_request
    self.raw_requestline = self.rfile.readline(65537)
  File "/usr/lib/python3.10/socket.py", line 705, in readinto
    return self._sock.recv_into(b)
----------------------------------------
  File "/usr/lib/python3.10/socket.py", line 705, in readinto
    return self._sock.recv_into(b)
ConnectionResetError: [Errno 104] Connection reset by peer
ConnectionResetError: [Errno 104] Connection reset by peer
----------------------------------------
----------------------------------------
----------------------------------------
----------------------------------------
----------------------------------------
----------------------------------------
----------------------------------------
----------------------------------------
----------------------------------------
----------------------------------------
----------------------------------------
----------------------------------------
----------------------------------------
----------------------------------------
Exception occurred during processing of request from ('10.200.2.1', 53866)
Exception occurred during processing of request from ('10.200.2.1', 53980)
Exception occurred during processing of request from ('10.200.2.1', 53992)
Exception occurred during processing of request from ('10.200.2.1', 53904)
Exception occurred during processing of request from ('10.200.2.1', 53878)
Exception occurred during processing of request from ('10.200.2.1', 53934)
Exception occurred during processing of request from ('10.200.2.1', 53928)
Traceback (most recent call last):
Exception occurred during processing of request from ('10.200.2.1', 53894)
Traceback (most recent call last):
Traceback (most recent call last):
Traceback (most recent call last):
Traceback (most recent call last):
Traceback (most recent call last):
  File "/usr/lib/python3.10/socketserver.py", line 683, in process_request_thread
    self.finish_request(request, client_address)
Traceback (most recent call last):
Exception occurred during processing of request from ('10.200.2.1', 53852)
Exception occurred during processing of request from ('10.200.2.1', 53914)
Exception occurred during processing of request from ('10.200.2.1', 53940)
Traceback (most recent call last):
Exception occurred during processing of request from ('10.200.2.1', 53916)
  File "/usr/lib/python3.10/socketserver.py", line 683, in process_request_thread
    self.finish_request(request, client_address)
  File "/usr/lib/python3.10/socketserver.py", line 683, in process_request_thread
    self.finish_request(request, client_address)
  File "/usr/lib/python3.10/socketserver.py", line 683, in process_request_thread
    self.finish_request(request, client_address)
Traceback (most recent call last):
Traceback (most recent call last):
  File "/usr/lib/python3.10/socketserver.py", line 360, in finish_request
    self.RequestHandlerClass(request, client_address, self)
Traceback (most recent call last):
Traceback (most recent call last):
  File "/usr/lib/python3.10/socketserver.py", line 683, in process_request_thread
    self.finish_request(request, client_address)
  File "/usr/lib/python3.10/socketserver.py", line 683, in process_request_thread
    self.finish_request(request, client_address)
  File "/usr/lib/python3.10/socketserver.py", line 683, in process_request_thread
    self.finish_request(request, client_address)
  File "/usr/lib/python3.10/socketserver.py", line 683, in process_request_thread
    self.finish_request(request, client_address)
  File "/usr/lib/python3.10/socketserver.py", line 360, in finish_request
    self.RequestHandlerClass(request, client_address, self)
  File "/usr/lib/python3.10/socketserver.py", line 360, in finish_request
    self.RequestHandlerClass(request, client_address, self)
  File "/usr/lib/python3.10/socketserver.py", line 360, in finish_request
    self.RequestHandlerClass(request, client_address, self)
  File "/usr/lib/python3.10/socketserver.py", line 683, in process_request_thread
    self.finish_request(request, client_address)
  File "/usr/lib/python3.10/socketserver.py", line 360, in finish_request
    self.RequestHandlerClass(request, client_address, self)
  File "/usr/lib/python3.10/socketserver.py", line 683, in process_request_thread
    self.finish_request(request, client_address)
  File "/usr/lib/python3.10/socketserver.py", line 360, in finish_request
    self.RequestHandlerClass(request, client_address, self)
  File "/usr/lib/python3.10/socketserver.py", line 747, in __init__
    self.handle()
  File "/usr/lib/python3.10/socketserver.py", line 683, in process_request_thread
    self.finish_request(request, client_address)
  File "/usr/lib/python3.10/socketserver.py", line 747, in __init__
    self.handle()
  File "/usr/lib/python3.10/http/server.py", line 435, in handle
    self.handle_one_request()
  File "/usr/lib/python3.10/socketserver.py", line 747, in __init__
    self.handle()
  File "/usr/lib/python3.10/socketserver.py", line 747, in __init__
    self.handle()
  File "/usr/lib/python3.10/socketserver.py", line 360, in finish_request
    self.RequestHandlerClass(request, client_address, self)
  File "/usr/lib/python3.10/socketserver.py", line 747, in __init__
    self.handle()
  File "/usr/lib/python3.10/socketserver.py", line 360, in finish_request
    self.RequestHandlerClass(request, client_address, self)
  File "/usr/lib/python3.10/socketserver.py", line 360, in finish_request
    self.RequestHandlerClass(request, client_address, self)
  File "/usr/lib/python3.10/http/server.py", line 435, in handle
    self.handle_one_request()
  File "/usr/lib/python3.10/http/server.py", line 435, in handle
    self.handle_one_request()
  File "/usr/lib/python3.10/socketserver.py", line 747, in __init__
    self.handle()
  File "/usr/lib/python3.10/http/server.py", line 435, in handle
    self.handle_one_request()
  File "/usr/lib/python3.10/socketserver.py", line 747, in __init__
    self.handle()
  File "/usr/lib/python3.10/socketserver.py", line 747, in __init__
    self.handle()
  File "/usr/lib/python3.10/http/server.py", line 401, in handle_one_request
    self.raw_requestline = self.rfile.readline(65537)
  File "/usr/lib/python3.10/http/server.py", line 401, in handle_one_request
    self.raw_requestline = self.rfile.readline(65537)
  File "/usr/lib/python3.10/http/server.py", line 435, in handle
    self.handle_one_request()
  File "/usr/lib/python3.10/http/server.py", line 401, in handle_one_request
    self.raw_requestline = self.rfile.readline(65537)
  File "/usr/lib/python3.10/http/server.py", line 435, in handle
    self.handle_one_request()
  File "/usr/lib/python3.10/http/server.py", line 435, in handle
    self.handle_one_request()
  File "/usr/lib/python3.10/http/server.py", line 401, in handle_one_request
    self.raw_requestline = self.rfile.readline(65537)
  File "/usr/lib/python3.10/socket.py", line 705, in readinto
    return self._sock.recv_into(b)
  File "/usr/lib/python3.10/socketserver.py", line 360, in finish_request
    self.RequestHandlerClass(request, client_address, self)
  File "/usr/lib/python3.10/http/server.py", line 401, in handle_one_request
    self.raw_requestline = self.rfile.readline(65537)
  File "/usr/lib/python3.10/socketserver.py", line 747, in __init__
    self.handle()
  File "/usr/lib/python3.10/socketserver.py", line 360, in finish_request
    self.RequestHandlerClass(request, client_address, self)
  File "/usr/lib/python3.10/socketserver.py", line 683, in process_request_thread
    self.finish_request(request, client_address)
  File "/usr/lib/python3.10/socketserver.py", line 360, in finish_request
    self.RequestHandlerClass(request, client_address, self)
ConnectionResetError: [Errno 104] Connection reset by peer
  File "/usr/lib/python3.10/socket.py", line 705, in readinto
    return self._sock.recv_into(b)
ConnectionResetError: [Errno 104] Connection reset by peer
  File "/usr/lib/python3.10/http/server.py", line 435, in handle
    self.handle_one_request()
  File "/usr/lib/python3.10/socket.py", line 705, in readinto
    return self._sock.recv_into(b)
  File "/usr/lib/python3.10/socket.py", line 705, in readinto
    return self._sock.recv_into(b)
  File "/usr/lib/python3.10/socket.py", line 705, in readinto
    return self._sock.recv_into(b)
  File "/usr/lib/python3.10/socketserver.py", line 747, in __init__
    self.handle()
  File "/usr/lib/python3.10/http/server.py", line 401, in handle_one_request
    self.raw_requestline = self.rfile.readline(65537)
  File "/usr/lib/python3.10/socket.py", line 705, in readinto
    return self._sock.recv_into(b)
----------------------------------------
  File "/usr/lib/python3.10/socketserver.py", line 747, in __init__
    self.handle()
  File "/usr/lib/python3.10/http/server.py", line 401, in handle_one_request
    self.raw_requestline = self.rfile.readline(65537)
----------------------------------------
  File "/usr/lib/python3.10/http/server.py", line 401, in handle_one_request
    self.raw_requestline = self.rfile.readline(65537)
  File "/usr/lib/python3.10/http/server.py", line 435, in handle
    self.handle_one_request()
  File "/usr/lib/python3.10/socketserver.py", line 747, in __init__
    self.handle()
  File "/usr/lib/python3.10/socket.py", line 705, in readinto
    return self._sock.recv_into(b)
  File "/usr/lib/python3.10/http/server.py", line 435, in handle
    self.handle_one_request()
  File "/usr/lib/python3.10/socket.py", line 705, in readinto
    return self._sock.recv_into(b)
  File "/usr/lib/python3.10/http/server.py", line 401, in handle_one_request
    self.raw_requestline = self.rfile.readline(65537)
  File "/usr/lib/python3.10/http/server.py", line 435, in handle
    self.handle_one_request()
ConnectionResetError: [Errno 104] Connection reset by peer
  File "/usr/lib/python3.10/http/server.py", line 401, in handle_one_request
    self.raw_requestline = self.rfile.readline(65537)
ConnectionResetError: [Errno 104] Connection reset by peer
ConnectionResetError: [Errno 104] Connection reset by peer
  File "/usr/lib/python3.10/http/server.py", line 435, in handle
    self.handle_one_request()
  File "/usr/lib/python3.10/http/server.py", line 401, in handle_one_request
    self.raw_requestline = self.rfile.readline(65537)
ConnectionResetError: [Errno 104] Connection reset by peer
----------------------------------------
ConnectionResetError: [Errno 104] Connection reset by peer
  File "/usr/lib/python3.10/socket.py", line 705, in readinto
    return self._sock.recv_into(b)
  File "/usr/lib/python3.10/http/server.py", line 401, in handle_one_request
    self.raw_requestline = self.rfile.readline(65537)
ConnectionResetError: [Errno 104] Connection reset by peer
----------------------------------------
----------------------------------------
  File "/usr/lib/python3.10/socket.py", line 705, in readinto
    return self._sock.recv_into(b)
  File "/usr/lib/python3.10/socket.py", line 705, in readinto
    return self._sock.recv_into(b)
----------------------------------------
  File "/usr/lib/python3.10/socket.py", line 705, in readinto
    return self._sock.recv_into(b)
ConnectionResetError: [Errno 104] Connection reset by peer
ConnectionResetError: [Errno 104] Connection reset by peer
----------------------------------------
----------------------------------------
ConnectionResetError: [Errno 104] Connection reset by peer
ConnectionResetError: [Errno 104] Connection reset by peer
----------------------------------------
----------------------------------------
----------------------------------------
----------------------------------------
----------------------------------------
----------------------------------------
----------------------------------------
----------------------------------------
----------------------------------------
----------------------------------------
----------------------------------------
----------------------------------------
----------------------------------------
----------------------------------------
----------------------------------------
----------------------------------------
----------------------------------------
----------------------------------------
----------------------------------------
----------------------------------------
----------------------------------------
----------------------------------------
----------------------------------------
Exception occurred during processing of request from ('10.200.2.1', 47460)
----------------------------------------
----------------------------------------
----------------------------------------
----------------------------------------
----------------------------------------
----------------------------------------
----------------------------------------
----------------------------------------
----------------------------------------
----------------------------------------
----------------------------------------
----------------------------------------
----------------------------------------
----------------------------------------
----------------------------------------
----------------------------------------
Exception occurred during processing of request from ('10.200.2.1', 47432)
----------------------------------------
----------------------------------------
----------------------------------------
----------------------------------------
----------------------------------------
----------------------------------------
----------------------------------------
----------------------------------------
Exception occurred during processing of request from ('10.200.2.1', 47104)
Exception occurred during processing of request from ('10.200.2.1', 47250)
Exception occurred during processing of request from ('10.200.2.1', 47034)
----------------------------------------
Exception occurred during processing of request from ('10.200.2.1', 47210)
Exception occurred during processing of request from ('10.200.2.1', 47450)
Exception occurred during processing of request from ('10.200.2.1', 47196)
Exception occurred during processing of request from ('10.200.2.1', 47286)
Exception occurred during processing of request from ('10.200.2.1', 47444)
Exception occurred during processing of request from ('10.200.2.1', 47390)
Exception occurred during processing of request from ('10.200.2.1', 47372)
Exception occurred during processing of request from ('10.200.2.1', 47350)
Exception occurred during processing of request from ('10.200.2.1', 47330)
Exception occurred during processing of request from ('10.200.2.1', 47270)
Exception occurred during processing of request from ('10.200.2.1', 47410)
Exception occurred during processing of request from ('10.200.2.1', 46640)
Exception occurred during processing of request from ('10.200.2.1', 47132)
Exception occurred during processing of request from ('10.200.2.1', 47226)
Exception occurred during processing of request from ('10.200.2.1', 47234)
Exception occurred during processing of request from ('10.200.2.1', 47074)
Exception occurred during processing of request from ('10.200.2.1', 47036)
Exception occurred during processing of request from ('10.200.2.1', 47080)
Exception occurred during processing of request from ('10.200.2.1', 47320)
----------------------------------------
----------------------------------------
Exception occurred during processing of request from ('10.200.2.1', 47316)
Exception occurred during processing of request from ('10.200.2.1', 47294)
----------------------------------------
Exception occurred during processing of request from ('10.200.2.1', 47424)
Exception occurred during processing of request from ('10.200.2.1', 47388)
Exception occurred during processing of request from ('10.200.2.1', 47346)
Exception occurred during processing of request from ('10.200.2.1', 47266)
Exception occurred during processing of request from ('10.200.2.1', 47396)
Exception occurred during processing of request from ('10.200.2.1', 47158)
Exception occurred during processing of request from ('10.200.2.1', 47120)
Exception occurred during processing of request from ('10.200.2.1', 47054)
Exception occurred during processing of request from ('10.200.2.1', 47452)
----------------------------------------
----------------------------------------
Exception occurred during processing of request from ('10.200.2.1', 47414)
Exception occurred during processing of request from ('10.200.2.1', 47180)
Exception occurred during processing of request from ('10.200.2.1', 47354)
Exception occurred during processing of request from ('10.200.2.1', 47092)
Exception occurred during processing of request from ('10.200.2.1', 47056)
Exception occurred during processing of request from ('10.200.2.1', 47170)
Exception occurred during processing of request from ('10.200.2.1', 47066)
Exception occurred during processing of request from ('10.200.2.1', 47370)
Exception occurred during processing of request from ('10.200.2.1', 47142)
Exception occurred during processing of request from ('10.200.2.1', 47082)
Exception occurred during processing of request from ('10.200.2.1', 47050)
Exception occurred during processing of request from ('10.200.2.1', 47232)
Exception occurred during processing of request from ('10.200.2.1', 47308)
Traceback (most recent call last):
Traceback (most recent call last):
Traceback (most recent call last):
Traceback (most recent call last):
Traceback (most recent call last):
Traceback (most recent call last):
Traceback (most recent call last):
Traceback (most recent call last):
Traceback (most recent call last):
Traceback (most recent call last):
Traceback (most recent call last):
Traceback (most recent call last):
Traceback (most recent call last):
Traceback (most recent call last):
Traceback (most recent call last):
Traceback (most recent call last):
Traceback (most recent call last):
Traceback (most recent call last):
Traceback (most recent call last):
Traceback (most recent call last):
Traceback (most recent call last):
  File "/usr/lib/python3.10/socketserver.py", line 683, in process_request_thread
    self.finish_request(request, client_address)
  File "/usr/lib/python3.10/socketserver.py", line 360, in finish_request
    self.RequestHandlerClass(request, client_address, self)
  File "/usr/lib/python3.10/socketserver.py", line 747, in __init__
    self.handle()
Traceback (most recent call last):
Traceback (most recent call last):
  File "/usr/lib/python3.10/socketserver.py", line 683, in process_request_thread
    self.finish_request(request, client_address)
  File "/usr/lib/python3.10/socketserver.py", line 683, in process_request_thread
    self.finish_request(request, client_address)
  File "/usr/lib/python3.10/socketserver.py", line 360, in finish_request
    self.RequestHandlerClass(request, client_address, self)
  File "/usr/lib/python3.10/socketserver.py", line 683, in process_request_thread
    self.finish_request(request, client_address)
Traceback (most recent call last):
Traceback (most recent call last):
  File "/usr/lib/python3.10/socketserver.py", line 683, in process_request_thread
    self.finish_request(request, client_address)
  File "/usr/lib/python3.10/socketserver.py", line 360, in finish_request
    self.RequestHandlerClass(request, client_address, self)
Traceback (most recent call last):
  File "/usr/lib/python3.10/socketserver.py", line 683, in process_request_thread
    self.finish_request(request, client_address)
  File "/usr/lib/python3.10/socketserver.py", line 683, in process_request_thread
    self.finish_request(request, client_address)
  File "/usr/lib/python3.10/socketserver.py", line 683, in process_request_thread
    self.finish_request(request, client_address)
  File "/usr/lib/python3.10/socketserver.py", line 360, in finish_request
    self.RequestHandlerClass(request, client_address, self)
  File "/usr/lib/python3.10/socketserver.py", line 683, in process_request_thread
    self.finish_request(request, client_address)
Traceback (most recent call last):
Traceback (most recent call last):
Traceback (most recent call last):
  File "/usr/lib/python3.10/socketserver.py", line 683, in process_request_thread
    self.finish_request(request, client_address)
Traceback (most recent call last):
Traceback (most recent call last):
Traceback (most recent call last):
Traceback (most recent call last):
Traceback (most recent call last):
  File "/usr/lib/python3.10/http/server.py", line 435, in handle
    self.handle_one_request()
Traceback (most recent call last):
Traceback (most recent call last):
Traceback (most recent call last):
Traceback (most recent call last):
Traceback (most recent call last):
Traceback (most recent call last):
  File "/usr/lib/python3.10/socketserver.py", line 360, in finish_request
    self.RequestHandlerClass(request, client_address, self)
  File "/usr/lib/python3.10/socketserver.py", line 683, in process_request_thread
    self.finish_request(request, client_address)
  File "/usr/lib/python3.10/socketserver.py", line 683, in process_request_thread
    self.finish_request(request, client_address)
  File "/usr/lib/python3.10/socketserver.py", line 747, in __init__
    self.handle()
Traceback (most recent call last):
  File "/usr/lib/python3.10/socketserver.py", line 683, in process_request_thread
    self.finish_request(request, client_address)
Traceback (most recent call last):
Traceback (most recent call last):
Traceback (most recent call last):
  File "/usr/lib/python3.10/socketserver.py", line 360, in finish_request
    self.RequestHandlerClass(request, client_address, self)
  File "/usr/lib/python3.10/socketserver.py", line 747, in __init__
    self.handle()
  File "/usr/lib/python3.10/socketserver.py", line 683, in process_request_thread
    self.finish_request(request, client_address)
Traceback (most recent call last):
  File "/usr/lib/python3.10/socketserver.py", line 683, in process_request_thread
    self.finish_request(request, client_address)
  File "/usr/lib/python3.10/socketserver.py", line 683, in process_request_thread
    self.finish_request(request, client_address)
  File "/usr/lib/python3.10/socketserver.py", line 683, in process_request_thread
    self.finish_request(request, client_address)
  File "/usr/lib/python3.10/socketserver.py", line 683, in process_request_thread
    self.finish_request(request, client_address)
  File "/usr/lib/python3.10/socketserver.py", line 360, in finish_request
    self.RequestHandlerClass(request, client_address, self)
  File "/usr/lib/python3.10/socketserver.py", line 683, in process_request_thread
    self.finish_request(request, client_address)
  File "/usr/lib/python3.10/socketserver.py", line 683, in process_request_thread
    self.finish_request(request, client_address)
Traceback (most recent call last):
  File "/usr/lib/python3.10/socketserver.py", line 683, in process_request_thread
    self.finish_request(request, client_address)
  File "/usr/lib/python3.10/socketserver.py", line 360, in finish_request
    self.RequestHandlerClass(request, client_address, self)
  File "/usr/lib/python3.10/socketserver.py", line 683, in process_request_thread
    self.finish_request(request, client_address)
  File "/usr/lib/python3.10/socketserver.py", line 683, in process_request_thread
    self.finish_request(request, client_address)
  File "/usr/lib/python3.10/socketserver.py", line 683, in process_request_thread
    self.finish_request(request, client_address)
  File "/usr/lib/python3.10/socketserver.py", line 360, in finish_request
    self.RequestHandlerClass(request, client_address, self)
  File "/usr/lib/python3.10/socketserver.py", line 747, in __init__
    self.handle()
Traceback (most recent call last):
  File "/usr/lib/python3.10/socketserver.py", line 360, in finish_request
    self.RequestHandlerClass(request, client_address, self)
  File "/usr/lib/python3.10/socketserver.py", line 683, in process_request_thread
    self.finish_request(request, client_address)
  File "/usr/lib/python3.10/socketserver.py", line 683, in process_request_thread
    self.finish_request(request, client_address)
  File "/usr/lib/python3.10/socketserver.py", line 360, in finish_request
    self.RequestHandlerClass(request, client_address, self)
  File "/usr/lib/python3.10/socketserver.py", line 683, in process_request_thread
    self.finish_request(request, client_address)
  File "/usr/lib/python3.10/socketserver.py", line 683, in process_request_thread
    self.finish_request(request, client_address)
  File "/usr/lib/python3.10/socketserver.py", line 683, in process_request_thread
    self.finish_request(request, client_address)
  File "/usr/lib/python3.10/socketserver.py", line 683, in process_request_thread
    self.finish_request(request, client_address)
  File "/usr/lib/python3.10/socketserver.py", line 360, in finish_request
    self.RequestHandlerClass(request, client_address, self)
  File "/usr/lib/python3.10/socketserver.py", line 683, in process_request_thread
    self.finish_request(request, client_address)
  File "/usr/lib/python3.10/socketserver.py", line 360, in finish_request
    self.RequestHandlerClass(request, client_address, self)
  File "/usr/lib/python3.10/socketserver.py", line 360, in finish_request
    self.RequestHandlerClass(request, client_address, self)
  File "/usr/lib/python3.10/socketserver.py", line 683, in process_request_thread
    self.finish_request(request, client_address)
  File "/usr/lib/python3.10/socketserver.py", line 683, in process_request_thread
    self.finish_request(request, client_address)
  File "/usr/lib/python3.10/socketserver.py", line 683, in process_request_thread
    self.finish_request(request, client_address)
  File "/usr/lib/python3.10/socketserver.py", line 747, in __init__
    self.handle()
  File "/usr/lib/python3.10/http/server.py", line 401, in handle_one_request
    self.raw_requestline = self.rfile.readline(65537)
  File "/usr/lib/python3.10/socket.py", line 705, in readinto
    return self._sock.recv_into(b)
  File "/usr/lib/python3.10/socketserver.py", line 683, in process_request_thread
    self.finish_request(request, client_address)
  File "/usr/lib/python3.10/socketserver.py", line 360, in finish_request
    self.RequestHandlerClass(request, client_address, self)
  File "/usr/lib/python3.10/socketserver.py", line 683, in process_request_thread
    self.finish_request(request, client_address)
  File "/usr/lib/python3.10/socketserver.py", line 747, in __init__
    self.handle()
  File "/usr/lib/python3.10/socketserver.py", line 360, in finish_request
    self.RequestHandlerClass(request, client_address, self)
  File "/usr/lib/python3.10/socketserver.py", line 747, in __init__
    self.handle()
  File "/usr/lib/python3.10/socketserver.py", line 360, in finish_request
    self.RequestHandlerClass(request, client_address, self)
  File "/usr/lib/python3.10/socketserver.py", line 683, in process_request_thread
    self.finish_request(request, client_address)
  File "/usr/lib/python3.10/socketserver.py", line 747, in __init__
    self.handle()
Traceback (most recent call last):
  File "/usr/lib/python3.10/socketserver.py", line 360, in finish_request
    self.RequestHandlerClass(request, client_address, self)
  File "/usr/lib/python3.10/socketserver.py", line 747, in __init__
    self.handle()
  File "/usr/lib/python3.10/socketserver.py", line 360, in finish_request
    self.RequestHandlerClass(request, client_address, self)
  File "/usr/lib/python3.10/socketserver.py", line 747, in __init__
    self.handle()
  File "/usr/lib/python3.10/http/server.py", line 435, in handle
    self.handle_one_request()
  File "/usr/lib/python3.10/http/server.py", line 401, in handle_one_request
    self.raw_requestline = self.rfile.readline(65537)
  File "/usr/lib/python3.10/socketserver.py", line 360, in finish_request
    self.RequestHandlerClass(request, client_address, self)
  File "/usr/lib/python3.10/socketserver.py", line 683, in process_request_thread
    self.finish_request(request, client_address)
  File "/usr/lib/python3.10/socketserver.py", line 747, in __init__
    self.handle()
  File "/usr/lib/python3.10/socketserver.py", line 747, in __init__
    self.handle()
  File "/usr/lib/python3.10/http/server.py", line 435, in handle
    self.handle_one_request()
  File "/usr/lib/python3.10/socketserver.py", line 360, in finish_request
    self.RequestHandlerClass(request, client_address, self)
Exception occurred during processing of request from ('10.200.2.1', 47446)
----------------------------------------
Exception occurred during processing of request from ('10.200.2.1', 47106)
  File "/usr/lib/python3.10/socketserver.py", line 360, in finish_request
    self.RequestHandlerClass(request, client_address, self)
  File "/usr/lib/python3.10/socketserver.py", line 683, in process_request_thread
    self.finish_request(request, client_address)
  File "/usr/lib/python3.10/socketserver.py", line 360, in finish_request
    self.RequestHandlerClass(request, client_address, self)
  File "/usr/lib/python3.10/socketserver.py", line 747, in __init__
    self.handle()
  File "/usr/lib/python3.10/socketserver.py", line 683, in process_request_thread
    self.finish_request(request, client_address)
  File "/usr/lib/python3.10/socketserver.py", line 683, in process_request_thread
    self.finish_request(request, client_address)
  File "/usr/lib/python3.10/http/server.py", line 435, in handle
    self.handle_one_request()
  File "/usr/lib/python3.10/socketserver.py", line 747, in __init__
    self.handle()
  File "/usr/lib/python3.10/socketserver.py", line 360, in finish_request
    self.RequestHandlerClass(request, client_address, self)
  File "/usr/lib/python3.10/socketserver.py", line 747, in __init__
    self.handle()
  File "/usr/lib/python3.10/http/server.py", line 435, in handle
    self.handle_one_request()
  File "/usr/lib/python3.10/http/server.py", line 401, in handle_one_request
    self.raw_requestline = self.rfile.readline(65537)
  File "/usr/lib/python3.10/socketserver.py", line 747, in __init__
    self.handle()
  File "/usr/lib/python3.10/socketserver.py", line 360, in finish_request
    self.RequestHandlerClass(request, client_address, self)
  File "/usr/lib/python3.10/socketserver.py", line 683, in process_request_thread
    self.finish_request(request, client_address)
  File "/usr/lib/python3.10/socket.py", line 705, in readinto
    return self._sock.recv_into(b)
  File "/usr/lib/python3.10/socketserver.py", line 747, in __init__
    self.handle()
  File "/usr/lib/python3.10/socketserver.py", line 683, in process_request_thread
    self.finish_request(request, client_address)
  File "/usr/lib/python3.10/socketserver.py", line 360, in finish_request
    self.RequestHandlerClass(request, client_address, self)
  File "/usr/lib/python3.10/socketserver.py", line 360, in finish_request
    self.RequestHandlerClass(request, client_address, self)
  File "/usr/lib/python3.10/socketserver.py", line 360, in finish_request
    self.RequestHandlerClass(request, client_address, self)
  File "/usr/lib/python3.10/socketserver.py", line 747, in __init__
    self.handle()
  File "/usr/lib/python3.10/http/server.py", line 435, in handle
    self.handle_one_request()
  File "/usr/lib/python3.10/http/server.py", line 435, in handle
    self.handle_one_request()
  File "/usr/lib/python3.10/socketserver.py", line 747, in __init__
    self.handle()
  File "/usr/lib/python3.10/socketserver.py", line 360, in finish_request
    self.RequestHandlerClass(request, client_address, self)
  File "/usr/lib/python3.10/socketserver.py", line 360, in finish_request
    self.RequestHandlerClass(request, client_address, self)
  File "/usr/lib/python3.10/socketserver.py", line 360, in finish_request
    self.RequestHandlerClass(request, client_address, self)
  File "/usr/lib/python3.10/socketserver.py", line 360, in finish_request
    self.RequestHandlerClass(request, client_address, self)
  File "/usr/lib/python3.10/socketserver.py", line 747, in __init__
    self.handle()
  File "/usr/lib/python3.10/http/server.py", line 435, in handle
    self.handle_one_request()
  File "/usr/lib/python3.10/http/server.py", line 401, in handle_one_request
    self.raw_requestline = self.rfile.readline(65537)
  File "/usr/lib/python3.10/socketserver.py", line 360, in finish_request
    self.RequestHandlerClass(request, client_address, self)
  File "/usr/lib/python3.10/http/server.py", line 435, in handle
    self.handle_one_request()
  File "/usr/lib/python3.10/http/server.py", line 401, in handle_one_request
    self.raw_requestline = self.rfile.readline(65537)
  File "/usr/lib/python3.10/http/server.py", line 435, in handle
    self.handle_one_request()
  File "/usr/lib/python3.10/http/server.py", line 401, in handle_one_request
    self.raw_requestline = self.rfile.readline(65537)
  File "/usr/lib/python3.10/socketserver.py", line 360, in finish_request
    self.RequestHandlerClass(request, client_address, self)
  File "/usr/lib/python3.10/socketserver.py", line 747, in __init__
    self.handle()
  File "/usr/lib/python3.10/socketserver.py", line 360, in finish_request
    self.RequestHandlerClass(request, client_address, self)
  File "/usr/lib/python3.10/socketserver.py", line 747, in __init__
    self.handle()
  File "/usr/lib/python3.10/socketserver.py", line 747, in __init__
    self.handle()
ConnectionResetError: [Errno 104] Connection reset by peer
  File "/usr/lib/python3.10/socketserver.py", line 360, in finish_request
    self.RequestHandlerClass(request, client_address, self)
  File "/usr/lib/python3.10/socketserver.py", line 360, in finish_request
    self.RequestHandlerClass(request, client_address, self)
  File "/usr/lib/python3.10/socketserver.py", line 747, in __init__
    self.handle()
  File "/usr/lib/python3.10/socketserver.py", line 747, in __init__
    self.handle()
  File "/usr/lib/python3.10/http/server.py", line 401, in handle_one_request
    self.raw_requestline = self.rfile.readline(65537)
  File "/usr/lib/python3.10/socketserver.py", line 360, in finish_request
    self.RequestHandlerClass(request, client_address, self)
Traceback (most recent call last):
  File "/usr/lib/python3.10/http/server.py", line 401, in handle_one_request
    self.raw_requestline = self.rfile.readline(65537)
  File "/usr/lib/python3.10/socket.py", line 705, in readinto
    return self._sock.recv_into(b)
  File "/usr/lib/python3.10/http/server.py", line 435, in handle
    self.handle_one_request()
  File "/usr/lib/python3.10/socketserver.py", line 747, in __init__
    self.handle()
  File "/usr/lib/python3.10/socketserver.py", line 747, in __init__
    self.handle()
  File "/usr/lib/python3.10/http/server.py", line 435, in handle
    self.handle_one_request()
  File "/usr/lib/python3.10/http/server.py", line 435, in handle
    self.handle_one_request()
  File "/usr/lib/python3.10/socketserver.py", line 747, in __init__
    self.handle()
  File "/usr/lib/python3.10/socketserver.py", line 683, in process_request_thread
    self.finish_request(request, client_address)
  File "/usr/lib/python3.10/socketserver.py", line 360, in finish_request
    self.RequestHandlerClass(request, client_address, self)
  File "/usr/lib/python3.10/http/server.py", line 435, in handle
    self.handle_one_request()
  File "/usr/lib/python3.10/socketserver.py", line 360, in finish_request
    self.RequestHandlerClass(request, client_address, self)
  File "/usr/lib/python3.10/socketserver.py", line 747, in __init__
    self.handle()
  File "/usr/lib/python3.10/http/server.py", line 435, in handle
    self.handle_one_request()
  File "/usr/lib/python3.10/socketserver.py", line 683, in process_request_thread
    self.finish_request(request, client_address)
  File "/usr/lib/python3.10/http/server.py", line 435, in handle
    self.handle_one_request()
  File "/usr/lib/python3.10/socketserver.py", line 360, in finish_request
    self.RequestHandlerClass(request, client_address, self)
  File "/usr/lib/python3.10/socketserver.py", line 747, in __init__
    self.handle()
  File "/usr/lib/python3.10/http/server.py", line 435, in handle
    self.handle_one_request()
  File "/usr/lib/python3.10/socketserver.py", line 747, in __init__
    self.handle()
  File "/usr/lib/python3.10/socketserver.py", line 747, in __init__
    self.handle()
  File "/usr/lib/python3.10/socketserver.py", line 747, in __init__
    self.handle()
  File "/usr/lib/python3.10/http/server.py", line 435, in handle
    self.handle_one_request()
  File "/usr/lib/python3.10/socketserver.py", line 360, in finish_request
    self.RequestHandlerClass(request, client_address, self)
  File "/usr/lib/python3.10/socketserver.py", line 747, in __init__
    self.handle()
  File "/usr/lib/python3.10/socketserver.py", line 683, in process_request_thread
    self.finish_request(request, client_address)
  File "/usr/lib/python3.10/socketserver.py", line 683, in process_request_thread
    self.finish_request(request, client_address)
ConnectionResetError: [Errno 104] Connection reset by peer
  File "/usr/lib/python3.10/http/server.py", line 401, in handle_one_request
    self.raw_requestline = self.rfile.readline(65537)
  File "/usr/lib/python3.10/http/server.py", line 435, in handle
    self.handle_one_request()
  File "/usr/lib/python3.10/socketserver.py", line 360, in finish_request
    self.RequestHandlerClass(request, client_address, self)
  File "/usr/lib/python3.10/http/server.py", line 435, in handle
    self.handle_one_request()
  File "/usr/lib/python3.10/http/server.py", line 401, in handle_one_request
    self.raw_requestline = self.rfile.readline(65537)
  File "/usr/lib/python3.10/socket.py", line 705, in readinto
    return self._sock.recv_into(b)
  File "/usr/lib/python3.10/http/server.py", line 435, in handle
    self.handle_one_request()
  File "/usr/lib/python3.10/socket.py", line 705, in readinto
    return self._sock.recv_into(b)
  File "/usr/lib/python3.10/socketserver.py", line 747, in __init__
    self.handle()
  File "/usr/lib/python3.10/http/server.py", line 435, in handle
    self.handle_one_request()
  File "/usr/lib/python3.10/socketserver.py", line 747, in __init__
    self.handle()
  File "/usr/lib/python3.10/http/server.py", line 435, in handle
    self.handle_one_request()
  File "/usr/lib/python3.10/http/server.py", line 401, in handle_one_request
    self.raw_requestline = self.rfile.readline(65537)
  File "/usr/lib/python3.10/http/server.py", line 435, in handle
    self.handle_one_request()
  File "/usr/lib/python3.10/http/server.py", line 401, in handle_one_request
    self.raw_requestline = self.rfile.readline(65537)
  File "/usr/lib/python3.10/http/server.py", line 435, in handle
    self.handle_one_request()
  File "/usr/lib/python3.10/http/server.py", line 401, in handle_one_request
    self.raw_requestline = self.rfile.readline(65537)
  File "/usr/lib/python3.10/socketserver.py", line 747, in __init__
    self.handle()
  File "/usr/lib/python3.10/socketserver.py", line 683, in process_request_thread
    self.finish_request(request, client_address)
  File "/usr/lib/python3.10/socketserver.py", line 360, in finish_request
    self.RequestHandlerClass(request, client_address, self)
  File "/usr/lib/python3.10/socketserver.py", line 360, in finish_request
    self.RequestHandlerClass(request, client_address, self)
  File "/usr/lib/python3.10/socketserver.py", line 747, in __init__
    self.handle()
  File "/usr/lib/python3.10/socketserver.py", line 747, in __init__
    self.handle()
  File "/usr/lib/python3.10/http/server.py", line 435, in handle
    self.handle_one_request()
  File "/usr/lib/python3.10/socket.py", line 705, in readinto
    return self._sock.recv_into(b)
  File "/usr/lib/python3.10/http/server.py", line 401, in handle_one_request
    self.raw_requestline = self.rfile.readline(65537)
  File "/usr/lib/python3.10/socket.py", line 705, in readinto
    return self._sock.recv_into(b)
  File "/usr/lib/python3.10/http/server.py", line 401, in handle_one_request
    self.raw_requestline = self.rfile.readline(65537)
  File "/usr/lib/python3.10/socketserver.py", line 747, in __init__
    self.handle()
  File "/usr/lib/python3.10/socket.py", line 705, in readinto
    return self._sock.recv_into(b)
  File "/usr/lib/python3.10/http/server.py", line 401, in handle_one_request
    self.raw_requestline = self.rfile.readline(65537)
  File "/usr/lib/python3.10/socket.py", line 705, in readinto
    return self._sock.recv_into(b)
  File "/usr/lib/python3.10/socket.py", line 705, in readinto
    return self._sock.recv_into(b)
  File "/usr/lib/python3.10/http/server.py", line 435, in handle
    self.handle_one_request()
  File "/usr/lib/python3.10/http/server.py", line 401, in handle_one_request
    self.raw_requestline = self.rfile.readline(65537)
  File "/usr/lib/python3.10/socket.py", line 705, in readinto
    return self._sock.recv_into(b)
  File "/usr/lib/python3.10/http/server.py", line 401, in handle_one_request
    self.raw_requestline = self.rfile.readline(65537)
  File "/usr/lib/python3.10/http/server.py", line 401, in handle_one_request
    self.raw_requestline = self.rfile.readline(65537)
  File "/usr/lib/python3.10/http/server.py", line 435, in handle
    self.handle_one_request()
  File "/usr/lib/python3.10/http/server.py", line 435, in handle
    self.handle_one_request()
  File "/usr/lib/python3.10/http/server.py", line 401, in handle_one_request
    self.raw_requestline = self.rfile.readline(65537)
  File "/usr/lib/python3.10/http/server.py", line 435, in handle
    self.handle_one_request()
  File "/usr/lib/python3.10/http/server.py", line 435, in handle
    self.handle_one_request()
  File "/usr/lib/python3.10/http/server.py", line 401, in handle_one_request
    self.raw_requestline = self.rfile.readline(65537)
  File "/usr/lib/python3.10/http/server.py", line 435, in handle
    self.handle_one_request()
  File "/usr/lib/python3.10/http/server.py", line 401, in handle_one_request
    self.raw_requestline = self.rfile.readline(65537)
  File "/usr/lib/python3.10/socketserver.py", line 747, in __init__
    self.handle()
  File "/usr/lib/python3.10/socketserver.py", line 360, in finish_request
    self.RequestHandlerClass(request, client_address, self)
  File "/usr/lib/python3.10/socketserver.py", line 747, in __init__
    self.handle()
  File "/usr/lib/python3.10/socketserver.py", line 747, in __init__
    self.handle()
  File "/usr/lib/python3.10/http/server.py", line 435, in handle
    self.handle_one_request()
ConnectionResetError: [Errno 104] Connection reset by peer
  File "/usr/lib/python3.10/socket.py", line 705, in readinto
    return self._sock.recv_into(b)
  File "/usr/lib/python3.10/http/server.py", line 401, in handle_one_request
    self.raw_requestline = self.rfile.readline(65537)
  File "/usr/lib/python3.10/socketserver.py", line 747, in __init__
    self.handle()
ConnectionResetError: [Errno 104] Connection reset by peer
  File "/usr/lib/python3.10/http/server.py", line 401, in handle_one_request
    self.raw_requestline = self.rfile.readline(65537)
ConnectionResetError: [Errno 104] Connection reset by peer
  File "/usr/lib/python3.10/http/server.py", line 435, in handle
    self.handle_one_request()
  File "/usr/lib/python3.10/http/server.py", line 401, in handle_one_request
    self.raw_requestline = self.rfile.readline(65537)
  File "/usr/lib/python3.10/socket.py", line 705, in readinto
    return self._sock.recv_into(b)
  File "/usr/lib/python3.10/socketserver.py", line 360, in finish_request
    self.RequestHandlerClass(request, client_address, self)
  File "/usr/lib/python3.10/socket.py", line 705, in readinto
    return self._sock.recv_into(b)
  File "/usr/lib/python3.10/socket.py", line 705, in readinto
    return self._sock.recv_into(b)
  File "/usr/lib/python3.10/http/server.py", line 401, in handle_one_request
    self.raw_requestline = self.rfile.readline(65537)
  File "/usr/lib/python3.10/socket.py", line 705, in readinto
    return self._sock.recv_into(b)
  File "/usr/lib/python3.10/http/server.py", line 401, in handle_one_request
    self.raw_requestline = self.rfile.readline(65537)
  File "/usr/lib/python3.10/socketserver.py", line 360, in finish_request
    self.RequestHandlerClass(request, client_address, self)
  File "/usr/lib/python3.10/socket.py", line 705, in readinto
    return self._sock.recv_into(b)
Traceback (most recent call last):
----------------------------------------
  File "/usr/lib/python3.10/http/server.py", line 435, in handle
    self.handle_one_request()
  File "/usr/lib/python3.10/http/server.py", line 401, in handle_one_request
    self.raw_requestline = self.rfile.readline(65537)
  File "/usr/lib/python3.10/http/server.py", line 435, in handle
    self.handle_one_request()
  File "/usr/lib/python3.10/socketserver.py", line 747, in __init__
    self.handle()
  File "/usr/lib/python3.10/socket.py", line 705, in readinto
    return self._sock.recv_into(b)
  File "/usr/lib/python3.10/http/server.py", line 435, in handle
    self.handle_one_request()
  File "/usr/lib/python3.10/http/server.py", line 435, in handle
    self.handle_one_request()
----------------------------------------
  File "/usr/lib/python3.10/socket.py", line 705, in readinto
    return self._sock.recv_into(b)
----------------------------------------
  File "/usr/lib/python3.10/http/server.py", line 401, in handle_one_request
    self.raw_requestline = self.rfile.readline(65537)
  File "/usr/lib/python3.10/http/server.py", line 435, in handle
    self.handle_one_request()
  File "/usr/lib/python3.10/http/server.py", line 435, in handle
    self.handle_one_request()
----------------------------------------
  File "/usr/lib/python3.10/socket.py", line 705, in readinto
    return self._sock.recv_into(b)
  File "/usr/lib/python3.10/socket.py", line 705, in readinto
    return self._sock.recv_into(b)
  File "/usr/lib/python3.10/http/server.py", line 401, in handle_one_request
    self.raw_requestline = self.rfile.readline(65537)
ConnectionResetError: [Errno 104] Connection reset by peer
  File "/usr/lib/python3.10/socket.py", line 705, in readinto
    return self._sock.recv_into(b)
  File "/usr/lib/python3.10/socketserver.py", line 747, in __init__
    self.handle()
ConnectionResetError: [Errno 104] Connection reset by peer
  File "/usr/lib/python3.10/socketserver.py", line 683, in process_request_thread
    self.finish_request(request, client_address)
  File "/usr/lib/python3.10/http/server.py", line 435, in handle
    self.handle_one_request()
  File "/usr/lib/python3.10/http/server.py", line 401, in handle_one_request
    self.raw_requestline = self.rfile.readline(65537)
  File "/usr/lib/python3.10/socket.py", line 705, in readinto
    return self._sock.recv_into(b)
----------------------------------------
ConnectionResetError: [Errno 104] Connection reset by peer
  File "/usr/lib/python3.10/socket.py", line 705, in readinto
    return self._sock.recv_into(b)
ConnectionResetError: [Errno 104] Connection reset by peer
  File "/usr/lib/python3.10/http/server.py", line 401, in handle_one_request
    self.raw_requestline = self.rfile.readline(65537)
  File "/usr/lib/python3.10/http/server.py", line 435, in handle
    self.handle_one_request()
ConnectionResetError: [Errno 104] Connection reset by peer
  File "/usr/lib/python3.10/socket.py", line 705, in readinto
    return self._sock.recv_into(b)
ConnectionResetError: [Errno 104] Connection reset by peer
  File "/usr/lib/python3.10/http/server.py", line 401, in handle_one_request
    self.raw_requestline = self.rfile.readline(65537)
  File "/usr/lib/python3.10/http/server.py", line 401, in handle_one_request
    self.raw_requestline = self.rfile.readline(65537)
ConnectionResetError: [Errno 104] Connection reset by peer
ConnectionResetError: [Errno 104] Connection reset by peer
  File "/usr/lib/python3.10/socket.py", line 705, in readinto
    return self._sock.recv_into(b)
----------------------------------------
ConnectionResetError: [Errno 104] Connection reset by peer
  File "/usr/lib/python3.10/http/server.py", line 435, in handle
    self.handle_one_request()
----------------------------------------
  File "/usr/lib/python3.10/socketserver.py", line 747, in __init__
    self.handle()
  File "/usr/lib/python3.10/http/server.py", line 401, in handle_one_request
    self.raw_requestline = self.rfile.readline(65537)
  File "/usr/lib/python3.10/http/server.py", line 401, in handle_one_request
    self.raw_requestline = self.rfile.readline(65537)
  File "/usr/lib/python3.10/http/server.py", line 401, in handle_one_request
    self.raw_requestline = self.rfile.readline(65537)
  File "/usr/lib/python3.10/socket.py", line 705, in readinto
    return self._sock.recv_into(b)
  File "/usr/lib/python3.10/http/server.py", line 435, in handle
    self.handle_one_request()
ConnectionResetError: [Errno 104] Connection reset by peer
ConnectionResetError: [Errno 104] Connection reset by peer
----------------------------------------
ConnectionResetError: [Errno 104] Connection reset by peer
  File "/usr/lib/python3.10/http/server.py", line 401, in handle_one_request
    self.raw_requestline = self.rfile.readline(65537)
ConnectionResetError: [Errno 104] Connection reset by peer
  File "/usr/lib/python3.10/socketserver.py", line 747, in __init__
    self.handle()
ConnectionResetError: [Errno 104] Connection reset by peer
ConnectionResetError: [Errno 104] Connection reset by peer
  File "/usr/lib/python3.10/socket.py", line 705, in readinto
    return self._sock.recv_into(b)
  File "/usr/lib/python3.10/socket.py", line 705, in readinto
    return self._sock.recv_into(b)
----------------------------------------
ConnectionResetError: [Errno 104] Connection reset by peer
ConnectionResetError: [Errno 104] Connection reset by peer
  File "/usr/lib/python3.10/socket.py", line 705, in readinto
    return self._sock.recv_into(b)
  File "/usr/lib/python3.10/http/server.py", line 435, in handle
    self.handle_one_request()
  File "/usr/lib/python3.10/http/server.py", line 435, in handle
    self.handle_one_request()
  File "/usr/lib/python3.10/socket.py", line 705, in readinto
    return self._sock.recv_into(b)
  File "/usr/lib/python3.10/socket.py", line 705, in readinto
    return self._sock.recv_into(b)
ConnectionResetError: [Errno 104] Connection reset by peer
----------------------------------------
----------------------------------------
----------------------------------------
ConnectionResetError: [Errno 104] Connection reset by peer
----------------------------------------
  File "/usr/lib/python3.10/socket.py", line 705, in readinto
    return self._sock.recv_into(b)
----------------------------------------
  File "/usr/lib/python3.10/http/server.py", line 435, in handle
    self.handle_one_request()
----------------------------------------
----------------------------------------
ConnectionResetError: [Errno 104] Connection reset by peer
ConnectionResetError: [Errno 104] Connection reset by peer
----------------------------------------
----------------------------------------
ConnectionResetError: [Errno 104] Connection reset by peer
  File "/usr/lib/python3.10/http/server.py", line 401, in handle_one_request
    self.raw_requestline = self.rfile.readline(65537)
  File "/usr/lib/python3.10/http/server.py", line 401, in handle_one_request
    self.raw_requestline = self.rfile.readline(65537)
ConnectionResetError: [Errno 104] Connection reset by peer
ConnectionResetError: [Errno 104] Connection reset by peer
----------------------------------------
  File "/usr/lib/python3.10/http/server.py", line 401, in handle_one_request
    self.raw_requestline = self.rfile.readline(65537)
  File "/usr/lib/python3.10/socket.py", line 705, in readinto
    return self._sock.recv_into(b)
----------------------------------------
ConnectionResetError: [Errno 104] Connection reset by peer
----------------------------------------
  File "/usr/lib/python3.10/http/server.py", line 401, in handle_one_request
    self.raw_requestline = self.rfile.readline(65537)
----------------------------------------
----------------------------------------
----------------------------------------
----------------------------------------
  File "/usr/lib/python3.10/socketserver.py", line 360, in finish_request
    self.RequestHandlerClass(request, client_address, self)
  File "/usr/lib/python3.10/http/server.py", line 401, in handle_one_request
    self.raw_requestline = self.rfile.readline(65537)
  File "/usr/lib/python3.10/socket.py", line 705, in readinto
    return self._sock.recv_into(b)
ConnectionResetError: [Errno 104] Connection reset by peer
----------------------------------------
  File "/usr/lib/python3.10/socketserver.py", line 683, in process_request_thread
    self.finish_request(request, client_address)
  File "/usr/lib/python3.10/http/server.py", line 401, in handle_one_request
    self.raw_requestline = self.rfile.readline(65537)
----------------------------------------
----------------------------------------
  File "/usr/lib/python3.10/socket.py", line 705, in readinto
    return self._sock.recv_into(b)
ConnectionResetError: [Errno 104] Connection reset by peer
  File "/usr/lib/python3.10/socket.py", line 705, in readinto
    return self._sock.recv_into(b)
  File "/usr/lib/python3.10/http/server.py", line 401, in handle_one_request
    self.raw_requestline = self.rfile.readline(65537)
  File "/usr/lib/python3.10/socketserver.py", line 747, in __init__
    self.handle()
  File "/usr/lib/python3.10/socket.py", line 705, in readinto
    return self._sock.recv_into(b)
ConnectionResetError: [Errno 104] Connection reset by peer
----------------------------------------
----------------------------------------
  File "/usr/lib/python3.10/socket.py", line 705, in readinto
    return self._sock.recv_into(b)
ConnectionResetError: [Errno 104] Connection reset by peer
ConnectionResetError: [Errno 104] Connection reset by peer
  File "/usr/lib/python3.10/socket.py", line 705, in readinto
    return self._sock.recv_into(b)
----------------------------------------
  File "/usr/lib/python3.10/http/server.py", line 401, in handle_one_request
    self.raw_requestline = self.rfile.readline(65537)
  File "/usr/lib/python3.10/socket.py", line 705, in readinto
    return self._sock.recv_into(b)
  File "/usr/lib/python3.10/http/server.py", line 435, in handle
    self.handle_one_request()
ConnectionResetError: [Errno 104] Connection reset by peer
----------------------------------------
  File "/usr/lib/python3.10/http/server.py", line 401, in handle_one_request
    self.raw_requestline = self.rfile.readline(65537)
ConnectionResetError: [Errno 104] Connection reset by peer
----------------------------------------
----------------------------------------
ConnectionResetError: [Errno 104] Connection reset by peer
----------------------------------------
  File "/usr/lib/python3.10/socket.py", line 705, in readinto
    return self._sock.recv_into(b)
  File "/usr/lib/python3.10/socket.py", line 705, in readinto
    return self._sock.recv_into(b)
----------------------------------------
  File "/usr/lib/python3.10/socketserver.py", line 360, in finish_request
    self.RequestHandlerClass(request, client_address, self)
  File "/usr/lib/python3.10/socket.py", line 705, in readinto
    return self._sock.recv_into(b)
  File "/usr/lib/python3.10/socket.py", line 705, in readinto
    return self._sock.recv_into(b)
----------------------------------------
ConnectionResetError: [Errno 104] Connection reset by peer
  File "/usr/lib/python3.10/http/server.py", line 401, in handle_one_request
    self.raw_requestline = self.rfile.readline(65537)
ConnectionResetError: [Errno 104] Connection reset by peer
  File "/usr/lib/python3.10/socketserver.py", line 747, in __init__
    self.handle()
ConnectionResetError: [Errno 104] Connection reset by peer
ConnectionResetError: [Errno 104] Connection reset by peer
  File "/usr/lib/python3.10/socket.py", line 705, in readinto
    return self._sock.recv_into(b)
ConnectionResetError: [Errno 104] Connection reset by peer
  File "/usr/lib/python3.10/socket.py", line 705, in readinto
    return self._sock.recv_into(b)
----------------------------------------
  File "/usr/lib/python3.10/http/server.py", line 435, in handle
    self.handle_one_request()
----------------------------------------
----------------------------------------
ConnectionResetError: [Errno 104] Connection reset by peer
----------------------------------------
ConnectionResetError: [Errno 104] Connection reset by peer
  File "/usr/lib/python3.10/http/server.py", line 435, in handle
    self.handle_one_request()
ConnectionResetError: [Errno 104] Connection reset by peer
ConnectionResetError: [Errno 104] Connection reset by peer
  File "/usr/lib/python3.10/socket.py", line 705, in readinto
    return self._sock.recv_into(b)
----------------------------------------
  File "/usr/lib/python3.10/http/server.py", line 401, in handle_one_request
    self.raw_requestline = self.rfile.readline(65537)
----------------------------------------
----------------------------------------
ConnectionResetError: [Errno 104] Connection reset by peer
----------------------------------------
----------------------------------------
  File "/usr/lib/python3.10/http/server.py", line 401, in handle_one_request
    self.raw_requestline = self.rfile.readline(65537)
  File "/usr/lib/python3.10/socket.py", line 705, in readinto
    return self._sock.recv_into(b)
----------------------------------------
----------------------------------------
  File "/usr/lib/python3.10/socket.py", line 705, in readinto
    return self._sock.recv_into(b)
ConnectionResetError: [Errno 104] Connection reset by peer
ConnectionResetError: [Errno 104] Connection reset by peer
----------------------------------------
----------------------------------------
----------------------------------------
----------------------------------------
----------------------------------------
----------------------------------------
----------------------------------------
----------------------------------------
----------------------------------------
----------------------------------------
----------------------------------------
----------------------------------------
----------------------------------------
----------------------------------------
----------------------------------------
----------------------------------------
----------------------------------------
----------------------------------------
Exception occurred during processing of request from ('10.200.2.1', 48290)
Exception occurred during processing of request from ('10.200.2.1', 48200)
Exception occurred during processing of request from ('10.200.2.1', 48100)
Exception occurred during processing of request from ('10.200.2.1', 48088)
Exception occurred during processing of request from ('10.200.2.1', 48240)
Exception occurred during processing of request from ('10.200.2.1', 48126)
Exception occurred during processing of request from ('10.200.2.1', 48156)
Exception occurred during processing of request from ('10.200.2.1', 48254)
Exception occurred during processing of request from ('10.200.2.1', 48242)
Exception occurred during processing of request from ('10.200.2.1', 48292)
Exception occurred during processing of request from ('10.200.2.1', 48228)
Exception occurred during processing of request from ('10.200.2.1', 48164)
Exception occurred during processing of request from ('10.200.2.1', 48116)
Exception occurred during processing of request from ('10.200.2.1', 48280)
Exception occurred during processing of request from ('10.200.2.1', 48314)
Exception occurred during processing of request from ('10.200.2.1', 48152)
----------------------------------------
----------------------------------------
----------------------------------------
----------------------------------------
----------------------------------------
----------------------------------------
----------------------------------------
----------------------------------------
Exception occurred during processing of request from ('10.200.2.1', 48180)
----------------------------------------
Exception occurred during processing of request from ('10.200.2.1', 48274)
Exception occurred during processing of request from ('10.200.2.1', 48202)
Exception occurred during processing of request from ('10.200.2.1', 48238)
Exception occurred during processing of request from ('10.200.2.1', 48138)
Exception occurred during processing of request from ('10.200.2.1', 48176)
----------------------------------------
----------------------------------------
----------------------------------------
----------------------------------------
Exception occurred during processing of request from ('10.200.2.1', 48360)
Exception occurred during processing of request from ('10.200.2.1', 48066)
Exception occurred during processing of request from ('10.200.2.1', 48270)
Exception occurred during processing of request from ('10.200.2.1', 48328)
Exception occurred during processing of request from ('10.200.2.1', 48150)
Exception occurred during processing of request from ('10.200.2.1', 48196)
----------------------------------------
----------------------------------------
Exception occurred during processing of request from ('10.200.2.1', 48214)
Exception occurred during processing of request from ('10.200.2.1', 48302)
Exception occurred during processing of request from ('10.200.2.1', 48344)
Traceback (most recent call last):
Traceback (most recent call last):
Traceback (most recent call last):
Traceback (most recent call last):
Traceback (most recent call last):
Traceback (most recent call last):
Traceback (most recent call last):
Traceback (most recent call last):
Traceback (most recent call last):
Traceback (most recent call last):
Traceback (most recent call last):
Traceback (most recent call last):
Traceback (most recent call last):
Traceback (most recent call last):
Traceback (most recent call last):
Traceback (most recent call last):
  File "/usr/lib/python3.10/socketserver.py", line 683, in process_request_thread
    self.finish_request(request, client_address)
Traceback (most recent call last):
  File "/usr/lib/python3.10/socketserver.py", line 683, in process_request_thread
    self.finish_request(request, client_address)
  File "/usr/lib/python3.10/socketserver.py", line 683, in process_request_thread
    self.finish_request(request, client_address)
  File "/usr/lib/python3.10/socketserver.py", line 360, in finish_request
    self.RequestHandlerClass(request, client_address, self)
  File "/usr/lib/python3.10/socketserver.py", line 683, in process_request_thread
    self.finish_request(request, client_address)
Traceback (most recent call last):
  File "/usr/lib/python3.10/socketserver.py", line 683, in process_request_thread
    self.finish_request(request, client_address)
  File "/usr/lib/python3.10/socketserver.py", line 360, in finish_request
    self.RequestHandlerClass(request, client_address, self)
Traceback (most recent call last):
  File "/usr/lib/python3.10/socketserver.py", line 683, in process_request_thread
    self.finish_request(request, client_address)
  File "/usr/lib/python3.10/socketserver.py", line 360, in finish_request
    self.RequestHandlerClass(request, client_address, self)
  File "/usr/lib/python3.10/socketserver.py", line 747, in __init__
    self.handle()
  File "/usr/lib/python3.10/socketserver.py", line 683, in process_request_thread
    self.finish_request(request, client_address)
  File "/usr/lib/python3.10/socketserver.py", line 683, in process_request_thread
    self.finish_request(request, client_address)
Traceback (most recent call last):
Traceback (most recent call last):
Traceback (most recent call last):
Traceback (most recent call last):
Traceback (most recent call last):
  File "/usr/lib/python3.10/socketserver.py", line 747, in __init__
    self.handle()
Traceback (most recent call last):
Traceback (most recent call last):
Traceback (most recent call last):
  File "/usr/lib/python3.10/socketserver.py", line 683, in process_request_thread
    self.finish_request(request, client_address)
Traceback (most recent call last):
  File "/usr/lib/python3.10/socketserver.py", line 683, in process_request_thread
    self.finish_request(request, client_address)
Traceback (most recent call last):
  File "/usr/lib/python3.10/socketserver.py", line 683, in process_request_thread
    self.finish_request(request, client_address)
  File "/usr/lib/python3.10/socketserver.py", line 683, in process_request_thread
    self.finish_request(request, client_address)
  File "/usr/lib/python3.10/socketserver.py", line 360, in finish_request
    self.RequestHandlerClass(request, client_address, self)
  File "/usr/lib/python3.10/socketserver.py", line 683, in process_request_thread
    self.finish_request(request, client_address)
  File "/usr/lib/python3.10/socketserver.py", line 683, in process_request_thread
    self.finish_request(request, client_address)
  File "/usr/lib/python3.10/socketserver.py", line 360, in finish_request
    self.RequestHandlerClass(request, client_address, self)
  File "/usr/lib/python3.10/socketserver.py", line 747, in __init__
    self.handle()
  File "/usr/lib/python3.10/socketserver.py", line 683, in process_request_thread
    self.finish_request(request, client_address)
  File "/usr/lib/python3.10/socketserver.py", line 683, in process_request_thread
    self.finish_request(request, client_address)
  File "/usr/lib/python3.10/socketserver.py", line 683, in process_request_thread
    self.finish_request(request, client_address)
  File "/usr/lib/python3.10/socketserver.py", line 360, in finish_request
    self.RequestHandlerClass(request, client_address, self)
  File "/usr/lib/python3.10/socketserver.py", line 683, in process_request_thread
    self.finish_request(request, client_address)
  File "/usr/lib/python3.10/socketserver.py", line 360, in finish_request
    self.RequestHandlerClass(request, client_address, self)
  File "/usr/lib/python3.10/socketserver.py", line 683, in process_request_thread
    self.finish_request(request, client_address)
  File "/usr/lib/python3.10/socketserver.py", line 360, in finish_request
    self.RequestHandlerClass(request, client_address, self)
  File "/usr/lib/python3.10/socketserver.py", line 747, in __init__
    self.handle()
  File "/usr/lib/python3.10/socketserver.py", line 683, in process_request_thread
    self.finish_request(request, client_address)
Traceback (most recent call last):
  File "/usr/lib/python3.10/socketserver.py", line 683, in process_request_thread
    self.finish_request(request, client_address)
  File "/usr/lib/python3.10/socketserver.py", line 360, in finish_request
    self.RequestHandlerClass(request, client_address, self)
  File "/usr/lib/python3.10/socketserver.py", line 683, in process_request_thread
    self.finish_request(request, client_address)
  File "/usr/lib/python3.10/socketserver.py", line 683, in process_request_thread
    self.finish_request(request, client_address)
  File "/usr/lib/python3.10/socketserver.py", line 360, in finish_request
    self.RequestHandlerClass(request, client_address, self)
  File "/usr/lib/python3.10/socketserver.py", line 360, in finish_request
    self.RequestHandlerClass(request, client_address, self)
  File "/usr/lib/python3.10/http/server.py", line 435, in handle
    self.handle_one_request()
  File "/usr/lib/python3.10/http/server.py", line 401, in handle_one_request
    self.raw_requestline = self.rfile.readline(65537)
  File "/usr/lib/python3.10/socketserver.py", line 360, in finish_request
    self.RequestHandlerClass(request, client_address, self)
  File "/usr/lib/python3.10/socketserver.py", line 683, in process_request_thread
    self.finish_request(request, client_address)
  File "/usr/lib/python3.10/socketserver.py", line 747, in __init__
    self.handle()
  File "/usr/lib/python3.10/socketserver.py", line 683, in process_request_thread
    self.finish_request(request, client_address)
  File "/usr/lib/python3.10/socketserver.py", line 360, in finish_request
    self.RequestHandlerClass(request, client_address, self)
Traceback (most recent call last):
  File "/usr/lib/python3.10/socketserver.py", line 360, in finish_request
    self.RequestHandlerClass(request, client_address, self)
  File "/usr/lib/python3.10/socketserver.py", line 683, in process_request_thread
    self.finish_request(request, client_address)
  File "/usr/lib/python3.10/socketserver.py", line 360, in finish_request
    self.RequestHandlerClass(request, client_address, self)
  File "/usr/lib/python3.10/socketserver.py", line 747, in __init__
    self.handle()
  File "/usr/lib/python3.10/http/server.py", line 435, in handle
    self.handle_one_request()
  File "/usr/lib/python3.10/socketserver.py", line 360, in finish_request
    self.RequestHandlerClass(request, client_address, self)
  File "/usr/lib/python3.10/socketserver.py", line 360, in finish_request
    self.RequestHandlerClass(request, client_address, self)
  File "/usr/lib/python3.10/socketserver.py", line 683, in process_request_thread
    self.finish_request(request, client_address)
  File "/usr/lib/python3.10/socketserver.py", line 747, in __init__
    self.handle()
  File "/usr/lib/python3.10/http/server.py", line 435, in handle
    self.handle_one_request()
  File "/usr/lib/python3.10/socketserver.py", line 360, in finish_request
    self.RequestHandlerClass(request, client_address, self)
  File "/usr/lib/python3.10/socketserver.py", line 747, in __init__
    self.handle()
  File "/usr/lib/python3.10/socketserver.py", line 747, in __init__
    self.handle()
  File "/usr/lib/python3.10/http/server.py", line 435, in handle
    self.handle_one_request()
  File "/usr/lib/python3.10/http/server.py", line 401, in handle_one_request
    self.raw_requestline = self.rfile.readline(65537)
  File "/usr/lib/python3.10/socketserver.py", line 683, in process_request_thread
    self.finish_request(request, client_address)
  File "/usr/lib/python3.10/socketserver.py", line 360, in finish_request
    self.RequestHandlerClass(request, client_address, self)
  File "/usr/lib/python3.10/socketserver.py", line 747, in __init__
    self.handle()
  File "/usr/lib/python3.10/socketserver.py", line 360, in finish_request
    self.RequestHandlerClass(request, client_address, self)
  File "/usr/lib/python3.10/socketserver.py", line 747, in __init__
    self.handle()
  File "/usr/lib/python3.10/socketserver.py", line 747, in __init__
    self.handle()
  File "/usr/lib/python3.10/socketserver.py", line 683, in process_request_thread
    self.finish_request(request, client_address)
  File "/usr/lib/python3.10/socketserver.py", line 360, in finish_request
    self.RequestHandlerClass(request, client_address, self)
  File "/usr/lib/python3.10/socketserver.py", line 747, in __init__
    self.handle()
  File "/usr/lib/python3.10/socketserver.py", line 683, in process_request_thread
    self.finish_request(request, client_address)
  File "/usr/lib/python3.10/http/server.py", line 401, in handle_one_request
    self.raw_requestline = self.rfile.readline(65537)
  File "/usr/lib/python3.10/http/server.py", line 435, in handle
    self.handle_one_request()
  File "/usr/lib/python3.10/socketserver.py", line 747, in __init__
    self.handle()
  File "/usr/lib/python3.10/socketserver.py", line 683, in process_request_thread
    self.finish_request(request, client_address)
  File "/usr/lib/python3.10/http/server.py", line 435, in handle
    self.handle_one_request()
  File "/usr/lib/python3.10/http/server.py", line 401, in handle_one_request
    self.raw_requestline = self.rfile.readline(65537)
  File "/usr/lib/python3.10/socket.py", line 705, in readinto
    return self._sock.recv_into(b)
  File "/usr/lib/python3.10/socket.py", line 705, in readinto
    return self._sock.recv_into(b)
  File "/usr/lib/python3.10/socketserver.py", line 747, in __init__
    self.handle()
  File "/usr/lib/python3.10/socketserver.py", line 360, in finish_request
    self.RequestHandlerClass(request, client_address, self)
  File "/usr/lib/python3.10/http/server.py", line 401, in handle_one_request
    self.raw_requestline = self.rfile.readline(65537)
  File "/usr/lib/python3.10/http/server.py", line 435, in handle
    self.handle_one_request()
  File "/usr/lib/python3.10/http/server.py", line 401, in handle_one_request
    self.raw_requestline = self.rfile.readline(65537)
  File "/usr/lib/python3.10/socketserver.py", line 360, in finish_request
    self.RequestHandlerClass(request, client_address, self)
  File "/usr/lib/python3.10/socket.py", line 705, in readinto
    return self._sock.recv_into(b)
  File "/usr/lib/python3.10/socketserver.py", line 360, in finish_request
    self.RequestHandlerClass(request, client_address, self)
  File "/usr/lib/python3.10/socketserver.py", line 747, in __init__
    self.handle()
  File "/usr/lib/python3.10/http/server.py", line 435, in handle
    self.handle_one_request()
  File "/usr/lib/python3.10/socketserver.py", line 747, in __init__
    self.handle()
  File "/usr/lib/python3.10/socketserver.py", line 747, in __init__
    self.handle()
  File "/usr/lib/python3.10/http/server.py", line 435, in handle
    self.handle_one_request()
  File "/usr/lib/python3.10/http/server.py", line 401, in handle_one_request
    self.raw_requestline = self.rfile.readline(65537)
  File "/usr/lib/python3.10/socketserver.py", line 747, in __init__
    self.handle()
  File "/usr/lib/python3.10/socketserver.py", line 747, in __init__
    self.handle()
  File "/usr/lib/python3.10/http/server.py", line 435, in handle
    self.handle_one_request()
  File "/usr/lib/python3.10/socketserver.py", line 747, in __init__
    self.handle()
  File "/usr/lib/python3.10/http/server.py", line 435, in handle
    self.handle_one_request()
  File "/usr/lib/python3.10/socketserver.py", line 360, in finish_request
    self.RequestHandlerClass(request, client_address, self)
ConnectionResetError: [Errno 104] Connection reset by peer
  File "/usr/lib/python3.10/socketserver.py", line 360, in finish_request
    self.RequestHandlerClass(request, client_address, self)
  File "/usr/lib/python3.10/socketserver.py", line 747, in __init__
    self.handle()
  File "/usr/lib/python3.10/http/server.py", line 401, in handle_one_request
    self.raw_requestline = self.rfile.readline(65537)
  File "/usr/lib/python3.10/http/server.py", line 435, in handle
    self.handle_one_request()
  File "/usr/lib/python3.10/socketserver.py", line 360, in finish_request
    self.RequestHandlerClass(request, client_address, self)
  File "/usr/lib/python3.10/http/server.py", line 435, in handle
    self.handle_one_request()
  File "/usr/lib/python3.10/http/server.py", line 401, in handle_one_request
    self.raw_requestline = self.rfile.readline(65537)
  File "/usr/lib/python3.10/socket.py", line 705, in readinto
    return self._sock.recv_into(b)
  File "/usr/lib/python3.10/http/server.py", line 435, in handle
    self.handle_one_request()
  File "/usr/lib/python3.10/socketserver.py", line 747, in __init__
    self.handle()
  File "/usr/lib/python3.10/socketserver.py", line 747, in __init__
    self.handle()
  File "/usr/lib/python3.10/http/server.py", line 435, in handle
    self.handle_one_request()
  File "/usr/lib/python3.10/http/server.py", line 401, in handle_one_request
    self.raw_requestline = self.rfile.readline(65537)
  File "/usr/lib/python3.10/http/server.py", line 401, in handle_one_request
    self.raw_requestline = self.rfile.readline(65537)
  File "/usr/lib/python3.10/socketserver.py", line 747, in __init__
    self.handle()
  File "/usr/lib/python3.10/http/server.py", line 435, in handle
    self.handle_one_request()
  File "/usr/lib/python3.10/http/server.py", line 435, in handle
    self.handle_one_request()
  File "/usr/lib/python3.10/http/server.py", line 435, in handle
    self.handle_one_request()
  File "/usr/lib/python3.10/socketserver.py", line 360, in finish_request
    self.RequestHandlerClass(request, client_address, self)
ConnectionResetError: [Errno 104] Connection reset by peer
ConnectionResetError: [Errno 104] Connection reset by peer
  File "/usr/lib/python3.10/socketserver.py", line 360, in finish_request
    self.RequestHandlerClass(request, client_address, self)
  File "/usr/lib/python3.10/http/server.py", line 435, in handle
    self.handle_one_request()
  File "/usr/lib/python3.10/http/server.py", line 401, in handle_one_request
    self.raw_requestline = self.rfile.readline(65537)
  File "/usr/lib/python3.10/http/server.py", line 435, in handle
    self.handle_one_request()
  File "/usr/lib/python3.10/socketserver.py", line 360, in finish_request
    self.RequestHandlerClass(request, client_address, self)
  File "/usr/lib/python3.10/socket.py", line 705, in readinto
    return self._sock.recv_into(b)
  File "/usr/lib/python3.10/socket.py", line 705, in readinto
    return self._sock.recv_into(b)
  File "/usr/lib/python3.10/http/server.py", line 401, in handle_one_request
    self.raw_requestline = self.rfile.readline(65537)
----------------------------------------
  File "/usr/lib/python3.10/socketserver.py", line 360, in finish_request
    self.RequestHandlerClass(request, client_address, self)
  File "/usr/lib/python3.10/http/server.py", line 401, in handle_one_request
    self.raw_requestline = self.rfile.readline(65537)
  File "/usr/lib/python3.10/http/server.py", line 435, in handle
    self.handle_one_request()
  File "/usr/lib/python3.10/http/server.py", line 401, in handle_one_request
    self.raw_requestline = self.rfile.readline(65537)
  File "/usr/lib/python3.10/socketserver.py", line 747, in __init__
    self.handle()
  File "/usr/lib/python3.10/http/server.py", line 435, in handle
    self.handle_one_request()
  File "/usr/lib/python3.10/http/server.py", line 401, in handle_one_request
    self.raw_requestline = self.rfile.readline(65537)
  File "/usr/lib/python3.10/http/server.py", line 435, in handle
    self.handle_one_request()
  File "/usr/lib/python3.10/http/server.py", line 401, in handle_one_request
    self.raw_requestline = self.rfile.readline(65537)
  File "/usr/lib/python3.10/socket.py", line 705, in readinto
    return self._sock.recv_into(b)
  File "/usr/lib/python3.10/socket.py", line 705, in readinto
    return self._sock.recv_into(b)
  File "/usr/lib/python3.10/http/server.py", line 435, in handle
    self.handle_one_request()
  File "/usr/lib/python3.10/http/server.py", line 401, in handle_one_request
    self.raw_requestline = self.rfile.readline(65537)
  File "/usr/lib/python3.10/socketserver.py", line 747, in __init__
    self.handle()
ConnectionResetError: [Errno 104] Connection reset by peer
  File "/usr/lib/python3.10/socket.py", line 705, in readinto
    return self._sock.recv_into(b)
  File "/usr/lib/python3.10/http/server.py", line 401, in handle_one_request
    self.raw_requestline = self.rfile.readline(65537)
  File "/usr/lib/python3.10/socket.py", line 705, in readinto
    return self._sock.recv_into(b)
  File "/usr/lib/python3.10/socket.py", line 705, in readinto
    return self._sock.recv_into(b)
  File "/usr/lib/python3.10/socketserver.py", line 747, in __init__
    self.handle()
  File "/usr/lib/python3.10/http/server.py", line 401, in handle_one_request
    self.raw_requestline = self.rfile.readline(65537)
----------------------------------------
  File "/usr/lib/python3.10/socket.py", line 705, in readinto
    return self._sock.recv_into(b)
  File "/usr/lib/python3.10/socketserver.py", line 747, in __init__
    self.handle()
  File "/usr/lib/python3.10/http/server.py", line 435, in handle
    self.handle_one_request()
  File "/usr/lib/python3.10/http/server.py", line 401, in handle_one_request
    self.raw_requestline = self.rfile.readline(65537)
  File "/usr/lib/python3.10/socket.py", line 705, in readinto
    return self._sock.recv_into(b)
ConnectionResetError: [Errno 104] Connection reset by peer
ConnectionResetError: [Errno 104] Connection reset by peer
  File "/usr/lib/python3.10/http/server.py", line 435, in handle
    self.handle_one_request()
----------------------------------------
ConnectionResetError: [Errno 104] Connection reset by peer
  File "/usr/lib/python3.10/socket.py", line 705, in readinto
    return self._sock.recv_into(b)
----------------------------------------
  File "/usr/lib/python3.10/socket.py", line 705, in readinto
    return self._sock.recv_into(b)
  File "/usr/lib/python3.10/socket.py", line 705, in readinto
    return self._sock.recv_into(b)
  File "/usr/lib/python3.10/http/server.py", line 401, in handle_one_request
    self.raw_requestline = self.rfile.readline(65537)
  File "/usr/lib/python3.10/http/server.py", line 401, in handle_one_request
    self.raw_requestline = self.rfile.readline(65537)
  File "/usr/lib/python3.10/socket.py", line 705, in readinto
    return self._sock.recv_into(b)
ConnectionResetError: [Errno 104] Connection reset by peer
----------------------------------------
  File "/usr/lib/python3.10/socket.py", line 705, in readinto
    return self._sock.recv_into(b)
  File "/usr/lib/python3.10/http/server.py", line 401, in handle_one_request
    self.raw_requestline = self.rfile.readline(65537)
  File "/usr/lib/python3.10/http/server.py", line 401, in handle_one_request
    self.raw_requestline = self.rfile.readline(65537)
----------------------------------------
ConnectionResetError: [Errno 104] Connection reset by peer
  File "/usr/lib/python3.10/http/server.py", line 435, in handle
    self.handle_one_request()
  File "/usr/lib/python3.10/http/server.py", line 435, in handle
    self.handle_one_request()
ConnectionResetError: [Errno 104] Connection reset by peer
ConnectionResetError: [Errno 104] Connection reset by peer
  File "/usr/lib/python3.10/socket.py", line 705, in readinto
    return self._sock.recv_into(b)
  File "/usr/lib/python3.10/socket.py", line 705, in readinto
    return self._sock.recv_into(b)
ConnectionResetError: [Errno 104] Connection reset by peer
----------------------------------------
----------------------------------------
  File "/usr/lib/python3.10/http/server.py", line 435, in handle
    self.handle_one_request()
  File "/usr/lib/python3.10/http/server.py", line 401, in handle_one_request
    self.raw_requestline = self.rfile.readline(65537)
  File "/usr/lib/python3.10/socket.py", line 705, in readinto
    return self._sock.recv_into(b)
----------------------------------------
  File "/usr/lib/python3.10/http/server.py", line 401, in handle_one_request
    self.raw_requestline = self.rfile.readline(65537)
  File "/usr/lib/python3.10/http/server.py", line 401, in handle_one_request
    self.raw_requestline = self.rfile.readline(65537)
----------------------------------------
----------------------------------------
ConnectionResetError: [Errno 104] Connection reset by peer
ConnectionResetError: [Errno 104] Connection reset by peer
----------------------------------------
ConnectionResetError: [Errno 104] Connection reset by peer
  File "/usr/lib/python3.10/socketserver.py", line 747, in __init__
    self.handle()
ConnectionResetError: [Errno 104] Connection reset by peer
ConnectionResetError: [Errno 104] Connection reset by peer
  File "/usr/lib/python3.10/socket.py", line 705, in readinto
    return self._sock.recv_into(b)
  File "/usr/lib/python3.10/socket.py", line 705, in readinto
    return self._sock.recv_into(b)
  File "/usr/lib/python3.10/socket.py", line 705, in readinto
    return self._sock.recv_into(b)
ConnectionResetError: [Errno 104] Connection reset by peer
----------------------------------------
  File "/usr/lib/python3.10/socket.py", line 705, in readinto
    return self._sock.recv_into(b)
  File "/usr/lib/python3.10/http/server.py", line 435, in handle
    self.handle_one_request()
  File "/usr/lib/python3.10/socket.py", line 705, in readinto
    return self._sock.recv_into(b)
ConnectionResetError: [Errno 104] Connection reset by peer
----------------------------------------
ConnectionResetError: [Errno 104] Connection reset by peer
----------------------------------------
----------------------------------------
----------------------------------------
  File "/usr/lib/python3.10/socket.py", line 705, in readinto
    return self._sock.recv_into(b)
  File "/usr/lib/python3.10/http/server.py", line 401, in handle_one_request
    self.raw_requestline = self.rfile.readline(65537)
ConnectionResetError: [Errno 104] Connection reset by peer
----------------------------------------
----------------------------------------
  File "/usr/lib/python3.10/socketserver.py", line 747, in __init__
    self.handle()
  File "/usr/lib/python3.10/socket.py", line 705, in readinto
    return self._sock.recv_into(b)
ConnectionResetError: [Errno 104] Connection reset by peer
----------------------------------------
ConnectionResetError: [Errno 104] Connection reset by peer
ConnectionResetError: [Errno 104] Connection reset by peer
----------------------------------------
ConnectionResetError: [Errno 104] Connection reset by peer
ConnectionResetError: [Errno 104] Connection reset by peer
  File "/usr/lib/python3.10/socket.py", line 705, in readinto
    return self._sock.recv_into(b)
----------------------------------------
----------------------------------------
ConnectionResetError: [Errno 104] Connection reset by peer
----------------------------------------
ConnectionResetError: [Errno 104] Connection reset by peer
  File "/usr/lib/python3.10/http/server.py", line 401, in handle_one_request
    self.raw_requestline = self.rfile.readline(65537)
----------------------------------------
----------------------------------------
----------------------------------------
  File "/usr/lib/python3.10/socket.py", line 705, in readinto
    return self._sock.recv_into(b)
ConnectionResetError: [Errno 104] Connection reset by peer
----------------------------------------
  File "/usr/lib/python3.10/http/server.py", line 435, in handle
    self.handle_one_request()
ConnectionResetError: [Errno 104] Connection reset by peer
  File "/usr/lib/python3.10/http/server.py", line 401, in handle_one_request
    self.raw_requestline = self.rfile.readline(65537)
  File "/usr/lib/python3.10/socket.py", line 705, in readinto
    return self._sock.recv_into(b)
----------------------------------------
----------------------------------------
ConnectionResetError: [Errno 104] Connection reset by peer
----------------------------------------
----------------------------------------
----------------------------------------
Exception occurred during processing of request from ('10.200.2.1', 36668)
Exception occurred during processing of request from ('10.200.2.1', 36618)
----------------------------------------
----------------------------------------
----------------------------------------
----------------------------------------
----------------------------------------
----------------------------------------
Exception occurred during processing of request from ('10.200.2.1', 36638)
Exception occurred during processing of request from ('10.200.2.1', 36616)
Exception occurred during processing of request from ('10.200.2.1', 36674)
Exception occurred during processing of request from ('10.200.2.1', 36642)
Exception occurred during processing of request from ('10.200.2.1', 36658)
Exception occurred during processing of request from ('10.200.2.1', 36636)
Traceback (most recent call last):
Traceback (most recent call last):
Traceback (most recent call last):
Traceback (most recent call last):
Traceback (most recent call last):
Traceback (most recent call last):
Traceback (most recent call last):
Traceback (most recent call last):
  File "/usr/lib/python3.10/socketserver.py", line 683, in process_request_thread
    self.finish_request(request, client_address)
  File "/usr/lib/python3.10/socketserver.py", line 683, in process_request_thread
    self.finish_request(request, client_address)
  File "/usr/lib/python3.10/socketserver.py", line 683, in process_request_thread
    self.finish_request(request, client_address)
  File "/usr/lib/python3.10/socketserver.py", line 360, in finish_request
    self.RequestHandlerClass(request, client_address, self)
  File "/usr/lib/python3.10/socketserver.py", line 683, in process_request_thread
    self.finish_request(request, client_address)
  File "/usr/lib/python3.10/socketserver.py", line 360, in finish_request
    self.RequestHandlerClass(request, client_address, self)
  File "/usr/lib/python3.10/socketserver.py", line 360, in finish_request
    self.RequestHandlerClass(request, client_address, self)
  File "/usr/lib/python3.10/socketserver.py", line 747, in __init__
    self.handle()
  File "/usr/lib/python3.10/socketserver.py", line 683, in process_request_thread
    self.finish_request(request, client_address)
  File "/usr/lib/python3.10/socketserver.py", line 360, in finish_request
    self.RequestHandlerClass(request, client_address, self)
  File "/usr/lib/python3.10/socketserver.py", line 683, in process_request_thread
    self.finish_request(request, client_address)
  File "/usr/lib/python3.10/http/server.py", line 435, in handle
    self.handle_one_request()
  File "/usr/lib/python3.10/socketserver.py", line 683, in process_request_thread
    self.finish_request(request, client_address)
  File "/usr/lib/python3.10/socketserver.py", line 683, in process_request_thread
    self.finish_request(request, client_address)
  File "/usr/lib/python3.10/socketserver.py", line 360, in finish_request
    self.RequestHandlerClass(request, client_address, self)
  File "/usr/lib/python3.10/socketserver.py", line 747, in __init__
    self.handle()
  File "/usr/lib/python3.10/socketserver.py", line 360, in finish_request
    self.RequestHandlerClass(request, client_address, self)
  File "/usr/lib/python3.10/socketserver.py", line 747, in __init__
    self.handle()
  File "/usr/lib/python3.10/socketserver.py", line 360, in finish_request
    self.RequestHandlerClass(request, client_address, self)
  File "/usr/lib/python3.10/http/server.py", line 401, in handle_one_request
    self.raw_requestline = self.rfile.readline(65537)
  File "/usr/lib/python3.10/socket.py", line 705, in readinto
    return self._sock.recv_into(b)
  File "/usr/lib/python3.10/socketserver.py", line 747, in __init__
    self.handle()
  File "/usr/lib/python3.10/socketserver.py", line 747, in __init__
    self.handle()
  File "/usr/lib/python3.10/http/server.py", line 435, in handle
    self.handle_one_request()
  File "/usr/lib/python3.10/socketserver.py", line 747, in __init__
    self.handle()
  File "/usr/lib/python3.10/http/server.py", line 435, in handle
    self.handle_one_request()
  File "/usr/lib/python3.10/socketserver.py", line 747, in __init__
    self.handle()
  File "/usr/lib/python3.10/http/server.py", line 435, in handle
    self.handle_one_request()
  File "/usr/lib/python3.10/http/server.py", line 435, in handle
    self.handle_one_request()
  File "/usr/lib/python3.10/http/server.py", line 435, in handle
    self.handle_one_request()
  File "/usr/lib/python3.10/http/server.py", line 401, in handle_one_request
    self.raw_requestline = self.rfile.readline(65537)
  File "/usr/lib/python3.10/http/server.py", line 401, in handle_one_request
    self.raw_requestline = self.rfile.readline(65537)
  File "/usr/lib/python3.10/http/server.py", line 401, in handle_one_request
    self.raw_requestline = self.rfile.readline(65537)
  File "/usr/lib/python3.10/http/server.py", line 401, in handle_one_request
    self.raw_requestline = self.rfile.readline(65537)
  File "/usr/lib/python3.10/socket.py", line 705, in readinto
    return self._sock.recv_into(b)
ConnectionResetError: [Errno 104] Connection reset by peer
  File "/usr/lib/python3.10/socket.py", line 705, in readinto
    return self._sock.recv_into(b)
  File "/usr/lib/python3.10/socket.py", line 705, in readinto
    return self._sock.recv_into(b)
  File "/usr/lib/python3.10/http/server.py", line 435, in handle
    self.handle_one_request()
----------------------------------------
ConnectionResetError: [Errno 104] Connection reset by peer
ConnectionResetError: [Errno 104] Connection reset by peer
  File "/usr/lib/python3.10/socket.py", line 705, in readinto
    return self._sock.recv_into(b)
  File "/usr/lib/python3.10/http/server.py", line 401, in handle_one_request
    self.raw_requestline = self.rfile.readline(65537)
  File "/usr/lib/python3.10/socket.py", line 705, in readinto
    return self._sock.recv_into(b)
  File "/usr/lib/python3.10/socketserver.py", line 360, in finish_request
    self.RequestHandlerClass(request, client_address, self)
ConnectionResetError: [Errno 104] Connection reset by peer
  File "/usr/lib/python3.10/http/server.py", line 401, in handle_one_request
    self.raw_requestline = self.rfile.readline(65537)
ConnectionResetError: [Errno 104] Connection reset by peer
----------------------------------------
----------------------------------------
----------------------------------------
  File "/usr/lib/python3.10/socket.py", line 705, in readinto
    return self._sock.recv_into(b)
ConnectionResetError: [Errno 104] Connection reset by peer
  File "/usr/lib/python3.10/socketserver.py", line 747, in __init__
    self.handle()
  File "/usr/lib/python3.10/http/server.py", line 435, in handle
    self.handle_one_request()
----------------------------------------
ConnectionResetError: [Errno 104] Connection reset by peer
----------------------------------------
----------------------------------------
  File "/usr/lib/python3.10/http/server.py", line 401, in handle_one_request
    self.raw_requestline = self.rfile.readline(65537)
  File "/usr/lib/python3.10/socket.py", line 705, in readinto
    return self._sock.recv_into(b)
ConnectionResetError: [Errno 104] Connection reset by peer
----------------------------------------
----------------------------------------
----------------------------------------
----------------------------------------
----------------------------------------
----------------------------------------
----------------------------------------
----------------------------------------
----------------------------------------
----------------------------------------
----------------------------------------
Exception occurred during processing of request from ('10.200.2.1', 47314)
----------------------------------------
----------------------------------------
----------------------------------------
----------------------------------------
----------------------------------------
----------------------------------------
----------------------------------------
Exception occurred during processing of request from ('10.200.2.1', 47162)
----------------------------------------
----------------------------------------
----------------------------------------
Exception occurred during processing of request from ('10.200.2.1', 47236)
----------------------------------------
----------------------------------------
----------------------------------------
Exception occurred during processing of request from ('10.200.2.1', 47046)
Exception occurred during processing of request from ('10.200.2.1', 47298)
Exception occurred during processing of request from ('10.200.2.1', 47310)
Exception occurred during processing of request from ('10.200.2.1', 47328)
Exception occurred during processing of request from ('10.200.2.1', 47320)
Exception occurred during processing of request from ('10.200.2.1', 47246)
Exception occurred during processing of request from ('10.200.2.1', 47074)
----------------------------------------
Traceback (most recent call last):
Exception occurred during processing of request from ('10.200.2.1', 47452)
Exception occurred during processing of request from ('10.200.2.1', 47422)
Exception occurred during processing of request from ('10.200.2.1', 46996)
Exception occurred during processing of request from ('10.200.2.1', 47146)
Exception occurred during processing of request from ('10.200.2.1', 47032)
Exception occurred during processing of request from ('10.200.2.1', 47342)
----------------------------------------
----------------------------------------
----------------------------------------
----------------------------------------
Exception occurred during processing of request from ('10.200.2.1', 47120)
Exception occurred during processing of request from ('10.200.2.1', 47370)
Exception occurred during processing of request from ('10.200.2.1', 47182)
----------------------------------------
Traceback (most recent call last):
----------------------------------------
Traceback (most recent call last):
Traceback (most recent call last):
Traceback (most recent call last):
Exception occurred during processing of request from ('10.200.2.1', 47488)
  File "/usr/lib/python3.10/socketserver.py", line 683, in process_request_thread
    self.finish_request(request, client_address)
  File "/usr/lib/python3.10/socketserver.py", line 360, in finish_request
    self.RequestHandlerClass(request, client_address, self)
----------------------------------------
Traceback (most recent call last):
----------------------------------------
----------------------------------------
Traceback (most recent call last):
  File "/usr/lib/python3.10/socketserver.py", line 683, in process_request_thread
    self.finish_request(request, client_address)
  File "/usr/lib/python3.10/socketserver.py", line 360, in finish_request
    self.RequestHandlerClass(request, client_address, self)
Exception occurred during processing of request from ('10.200.2.1', 47088)
----------------------------------------
----------------------------------------
----------------------------------------
Exception occurred during processing of request from ('10.200.2.1', 47292)
Traceback (most recent call last):
Traceback (most recent call last):
----------------------------------------
----------------------------------------
Exception occurred during processing of request from ('10.200.2.1', 47396)
----------------------------------------
Exception occurred during processing of request from ('10.200.2.1', 47436)
----------------------------------------
Exception occurred during processing of request from ('10.200.2.1', 47268)
----------------------------------------
Exception occurred during processing of request from ('10.200.2.1', 47382)
Traceback (most recent call last):
Exception occurred during processing of request from ('10.200.2.1', 47254)
Exception occurred during processing of request from ('10.200.2.1', 47252)
Exception occurred during processing of request from ('10.200.2.1', 47418)
----------------------------------------
----------------------------------------
----------------------------------------
  File "/usr/lib/python3.10/socketserver.py", line 683, in process_request_thread
    self.finish_request(request, client_address)
Exception occurred during processing of request from ('10.200.2.1', 47358)
  File "/usr/lib/python3.10/socketserver.py", line 683, in process_request_thread
    self.finish_request(request, client_address)
  File "/usr/lib/python3.10/socketserver.py", line 683, in process_request_thread
    self.finish_request(request, client_address)
  File "/usr/lib/python3.10/socketserver.py", line 360, in finish_request
    self.RequestHandlerClass(request, client_address, self)
  File "/usr/lib/python3.10/socketserver.py", line 683, in process_request_thread
    self.finish_request(request, client_address)
  File "/usr/lib/python3.10/socketserver.py", line 747, in __init__
    self.handle()
Traceback (most recent call last):
Traceback (most recent call last):
Traceback (most recent call last):
Traceback (most recent call last):
Traceback (most recent call last):
Traceback (most recent call last):
Traceback (most recent call last):
Traceback (most recent call last):
Exception occurred during processing of request from ('10.200.2.1', 47406)
Traceback (most recent call last):
Exception occurred during processing of request from ('10.200.2.1', 47084)
Traceback (most recent call last):
Exception occurred during processing of request from ('10.200.2.1', 47462)
Exception occurred during processing of request from ('10.200.2.1', 47104)
Exception occurred during processing of request from ('10.200.2.1', 46992)
Exception occurred during processing of request from ('10.200.2.1', 47018)
  File "/usr/lib/python3.10/socketserver.py", line 360, in finish_request
    self.RequestHandlerClass(request, client_address, self)
Exception occurred during processing of request from ('10.200.2.1', 47470)
Exception occurred during processing of request from ('10.200.2.1', 47194)
----------------------------------------
Traceback (most recent call last):
  File "/usr/lib/python3.10/socketserver.py", line 683, in process_request_thread
    self.finish_request(request, client_address)
  File "/usr/lib/python3.10/socketserver.py", line 683, in process_request_thread
    self.finish_request(request, client_address)
  File "/usr/lib/python3.10/socketserver.py", line 683, in process_request_thread
    self.finish_request(request, client_address)
  File "/usr/lib/python3.10/socketserver.py", line 683, in process_request_thread
    self.finish_request(request, client_address)
  File "/usr/lib/python3.10/socketserver.py", line 683, in process_request_thread
    self.finish_request(request, client_address)
  File "/usr/lib/python3.10/socketserver.py", line 683, in process_request_thread
    self.finish_request(request, client_address)
  File "/usr/lib/python3.10/socketserver.py", line 683, in process_request_thread
    self.finish_request(request, client_address)
  File "/usr/lib/python3.10/socketserver.py", line 683, in process_request_thread
    self.finish_request(request, client_address)
  File "/usr/lib/python3.10/socketserver.py", line 683, in process_request_thread
    self.finish_request(request, client_address)
  File "/usr/lib/python3.10/socketserver.py", line 747, in __init__
    self.handle()
Exception occurred during processing of request from ('10.200.2.1', 47130)
Traceback (most recent call last):
Traceback (most recent call last):
Traceback (most recent call last):
Traceback (most recent call last):
Traceback (most recent call last):
Traceback (most recent call last):
  File "/usr/lib/python3.10/socketserver.py", line 360, in finish_request
    self.RequestHandlerClass(request, client_address, self)
Traceback (most recent call last):
  File "/usr/lib/python3.10/socketserver.py", line 747, in __init__
    self.handle()
  File "/usr/lib/python3.10/http/server.py", line 435, in handle
    self.handle_one_request()
  File "/usr/lib/python3.10/socketserver.py", line 360, in finish_request
    self.RequestHandlerClass(request, client_address, self)
Traceback (most recent call last):
Traceback (most recent call last):
Traceback (most recent call last):
Traceback (most recent call last):
Traceback (most recent call last):
  File "/usr/lib/python3.10/socketserver.py", line 683, in process_request_thread
    self.finish_request(request, client_address)
Exception occurred during processing of request from ('10.200.2.1', 47066)
Exception occurred during processing of request from ('10.200.2.1', 47486)
Exception occurred during processing of request from ('10.200.2.1', 47212)
  File "/usr/lib/python3.10/socketserver.py", line 683, in process_request_thread
    self.finish_request(request, client_address)
Traceback (most recent call last):
Traceback (most recent call last):
Traceback (most recent call last):
Exception occurred during processing of request from ('10.200.2.1', 47282)
  File "/usr/lib/python3.10/socketserver.py", line 683, in process_request_thread
    self.finish_request(request, client_address)
Traceback (most recent call last):
  File "/usr/lib/python3.10/socketserver.py", line 683, in process_request_thread
    self.finish_request(request, client_address)
  File "/usr/lib/python3.10/socketserver.py", line 747, in __init__
    self.handle()
Traceback (most recent call last):
Traceback (most recent call last):
Exception occurred during processing of request from ('10.200.2.1', 47204)
Exception occurred during processing of request from ('10.200.2.1', 47008)
  File "/usr/lib/python3.10/socketserver.py", line 747, in __init__
    self.handle()
  File "/usr/lib/python3.10/socketserver.py", line 683, in process_request_thread
    self.finish_request(request, client_address)
  File "/usr/lib/python3.10/socketserver.py", line 683, in process_request_thread
    self.finish_request(request, client_address)
  File "/usr/lib/python3.10/socketserver.py", line 683, in process_request_thread
    self.finish_request(request, client_address)
  File "/usr/lib/python3.10/socketserver.py", line 360, in finish_request
    self.RequestHandlerClass(request, client_address, self)
  File "/usr/lib/python3.10/socketserver.py", line 683, in process_request_thread
    self.finish_request(request, client_address)
  File "/usr/lib/python3.10/socketserver.py", line 360, in finish_request
    self.RequestHandlerClass(request, client_address, self)
  File "/usr/lib/python3.10/socketserver.py", line 360, in finish_request
    self.RequestHandlerClass(request, client_address, self)
Traceback (most recent call last):
  File "/usr/lib/python3.10/socketserver.py", line 360, in finish_request
    self.RequestHandlerClass(request, client_address, self)
  File "/usr/lib/python3.10/socketserver.py", line 360, in finish_request
    self.RequestHandlerClass(request, client_address, self)
  File "/usr/lib/python3.10/http/server.py", line 435, in handle
    self.handle_one_request()
  File "/usr/lib/python3.10/socketserver.py", line 683, in process_request_thread
    self.finish_request(request, client_address)
  File "/usr/lib/python3.10/socketserver.py", line 683, in process_request_thread
    self.finish_request(request, client_address)
  File "/usr/lib/python3.10/socketserver.py", line 683, in process_request_thread
    self.finish_request(request, client_address)
  File "/usr/lib/python3.10/socketserver.py", line 360, in finish_request
    self.RequestHandlerClass(request, client_address, self)
  File "/usr/lib/python3.10/socketserver.py", line 360, in finish_request
    self.RequestHandlerClass(request, client_address, self)
  File "/usr/lib/python3.10/socketserver.py", line 683, in process_request_thread
    self.finish_request(request, client_address)
  File "/usr/lib/python3.10/socketserver.py", line 360, in finish_request
    self.RequestHandlerClass(request, client_address, self)
  File "/usr/lib/python3.10/http/server.py", line 435, in handle
    self.handle_one_request()
  File "/usr/lib/python3.10/http/server.py", line 421, in handle_one_request
    method()
  File "/usr/lib/python3.10/socketserver.py", line 683, in process_request_thread
    self.finish_request(request, client_address)
  File "/usr/lib/python3.10/http/server.py", line 421, in handle_one_request
    method()
  File "/usr/lib/python3.10/http/server.py", line 435, in handle
    self.handle_one_request()
  File "/usr/lib/python3.10/socketserver.py", line 683, in process_request_thread
    self.finish_request(request, client_address)
  File "/usr/lib/python3.10/socketserver.py", line 360, in finish_request
    self.RequestHandlerClass(request, client_address, self)
  File "/usr/lib/python3.10/socketserver.py", line 360, in finish_request
    self.RequestHandlerClass(request, client_address, self)
  File "/usr/lib/python3.10/socketserver.py", line 747, in __init__
    self.handle()
  File "/usr/lib/python3.10/socketserver.py", line 360, in finish_request
    self.RequestHandlerClass(request, client_address, self)
  File "/usr/lib/python3.10/socketserver.py", line 747, in __init__
    self.handle()
  File "/usr/lib/python3.10/socketserver.py", line 683, in process_request_thread
    self.finish_request(request, client_address)
  File "/usr/lib/python3.10/socketserver.py", line 747, in __init__
    self.handle()
  File "/usr/lib/python3.10/http/server.py", line 435, in handle
    self.handle_one_request()
  File "/usr/lib/python3.10/socketserver.py", line 747, in __init__
    self.handle()
Traceback (most recent call last):
  File "/usr/lib/python3.10/socketserver.py", line 747, in __init__
    self.handle()
  File "/usr/lib/python3.10/socketserver.py", line 747, in __init__
    self.handle()
  File "/usr/lib/python3.10/http/server.py", line 421, in handle_one_request
    method()
  File "/usr/lib/python3.10/socketserver.py", line 360, in finish_request
    self.RequestHandlerClass(request, client_address, self)
  File "/usr/lib/python3.10/socketserver.py", line 360, in finish_request
    self.RequestHandlerClass(request, client_address, self)
  File "/usr/lib/python3.10/socketserver.py", line 683, in process_request_thread
    self.finish_request(request, client_address)
Traceback (most recent call last):
  File "/usr/lib/python3.10/socketserver.py", line 683, in process_request_thread
    self.finish_request(request, client_address)
  File "/usr/lib/python3.10/socketserver.py", line 360, in finish_request
    self.RequestHandlerClass(request, client_address, self)
  File "/usr/lib/python3.10/socketserver.py", line 683, in process_request_thread
    self.finish_request(request, client_address)
  File "/usr/lib/python3.10/socketserver.py", line 747, in __init__
    self.handle()
  File "/usr/lib/python3.10/http/server.py", line 435, in handle
    self.handle_one_request()
  File "/usr/lib/python3.10/socketserver.py", line 683, in process_request_thread
    self.finish_request(request, client_address)
Traceback (most recent call last):
  File "/usr/lib/python3.10/http/server.py", line 421, in handle_one_request
    method()
  File "/usr/lib/python3.10/socketserver.py", line 360, in finish_request
    self.RequestHandlerClass(request, client_address, self)
  File "/usr/lib/python3.10/socketserver.py", line 747, in __init__
    self.handle()
  File "/usr/lib/python3.10/http/server.py", line 435, in handle
    self.handle_one_request()
  File "/usr/lib/python3.10/socketserver.py", line 360, in finish_request
    self.RequestHandlerClass(request, client_address, self)
  File "/usr/lib/python3.10/socketserver.py", line 360, in finish_request
    self.RequestHandlerClass(request, client_address, self)
  File "/usr/lib/python3.10/socketserver.py", line 360, in finish_request
    self.RequestHandlerClass(request, client_address, self)
  File "/usr/lib/python3.10/socketserver.py", line 747, in __init__
    self.handle()
  File "/usr/lib/python3.10/socketserver.py", line 360, in finish_request
    self.RequestHandlerClass(request, client_address, self)
  File "/usr/lib/python3.10/socketserver.py", line 683, in process_request_thread
    self.finish_request(request, client_address)
  File "/usr/lib/python3.10/socketserver.py", line 360, in finish_request
    self.RequestHandlerClass(request, client_address, self)
  File "/usr/lib/python3.10/http/server.py", line 435, in handle
    self.handle_one_request()
  File "/usr/lib/python3.10/socketserver.py", line 683, in process_request_thread
    self.finish_request(request, client_address)
  File "/usr/lib/python3.10/socketserver.py", line 360, in finish_request
    self.RequestHandlerClass(request, client_address, self)
  File "/usr/lib/python3.10/socketserver.py", line 683, in process_request_thread
    self.finish_request(request, client_address)
  File "/usr/lib/python3.10/socketserver.py", line 747, in __init__
    self.handle()
  File "/usr/lib/python3.10/http/server.py", line 435, in handle
    self.handle_one_request()
  File "/usr/lib/python3.10/http/server.py", line 401, in handle_one_request
    self.raw_requestline = self.rfile.readline(65537)
  File "/usr/lib/python3.10/socketserver.py", line 683, in process_request_thread
    self.finish_request(request, client_address)
  File "/usr/lib/python3.10/socketserver.py", line 360, in finish_request
    self.RequestHandlerClass(request, client_address, self)
  File "/usr/lib/python3.10/socketserver.py", line 360, in finish_request
    self.RequestHandlerClass(request, client_address, self)
  File "/usr/lib/python3.10/http/server.py", line 421, in handle_one_request
    method()
  File "/usr/lib/python3.10/socketserver.py", line 360, in finish_request
    self.RequestHandlerClass(request, client_address, self)
  File "/usr/lib/python3.10/socketserver.py", line 747, in __init__
    self.handle()
Traceback (most recent call last):
  File "/usr/lib/python3.10/socketserver.py", line 683, in process_request_thread
    self.finish_request(request, client_address)
  File "/usr/lib/python3.10/socketserver.py", line 360, in finish_request
    self.RequestHandlerClass(request, client_address, self)
  File "/usr/lib/python3.10/socketserver.py", line 747, in __init__
    self.handle()
  File "/usr/lib/python3.10/http/server.py", line 435, in handle
    self.handle_one_request()
  File "/usr/lib/python3.10/socketserver.py", line 747, in __init__
    self.handle()
  File "/usr/lib/python3.10/socketserver.py", line 747, in __init__
    self.handle()
  File "/usr/lib/python3.10/http/server.py", line 421, in handle_one_request
    method()
  File "/usr/lib/python3.10/socketserver.py", line 747, in __init__
    self.handle()
  File "/usr/lib/python3.10/http/server.py", line 435, in handle
    self.handle_one_request()
  File "/usr/lib/python3.10/socketserver.py", line 747, in __init__
    self.handle()
  File "/usr/lib/python3.10/http/server.py", line 435, in handle
    self.handle_one_request()
  File "/usr/lib/python3.10/http/server.py", line 421, in handle_one_request
    method()
  File "/usr/lib/python3.10/socketserver.py", line 360, in finish_request
    self.RequestHandlerClass(request, client_address, self)
  File "/usr/lib/python3.10/socketserver.py", line 747, in __init__
    self.handle()
  File "/usr/lib/python3.10/socketserver.py", line 747, in __init__
    self.handle()
  File "/usr/lib/python3.10/socketserver.py", line 360, in finish_request
    self.RequestHandlerClass(request, client_address, self)
  File "/usr/lib/python3.10/socketserver.py", line 747, in __init__
    self.handle()
  File "/usr/lib/python3.10/http/server.py", line 435, in handle
    self.handle_one_request()
  File "/home/udeepa/CLB/scripts/fast_http_server.py", line 15, in do_GET
    self.wfile.write(body)
  File "/usr/lib/python3.10/socketserver.py", line 826, in write
    self._sock.sendall(b)
  File "/home/udeepa/CLB/scripts/fast_http_server.py", line 15, in do_GET
    self.wfile.write(body)
  File "/usr/lib/python3.10/socketserver.py", line 826, in write
    self._sock.sendall(b)
  File "/usr/lib/python3.10/http/server.py", line 435, in handle
    self.handle_one_request()
  File "/usr/lib/python3.10/http/server.py", line 421, in handle_one_request
    method()
  File "/usr/lib/python3.10/socketserver.py", line 360, in finish_request
    self.RequestHandlerClass(request, client_address, self)
  File "/usr/lib/python3.10/socketserver.py", line 747, in __init__
    self.handle()
  File "/usr/lib/python3.10/http/server.py", line 435, in handle
    self.handle_one_request()
  File "/usr/lib/python3.10/http/server.py", line 421, in handle_one_request
    method()
  File "/home/udeepa/CLB/scripts/fast_http_server.py", line 15, in do_GET
    self.wfile.write(body)
  File "/usr/lib/python3.10/http/server.py", line 435, in handle
    self.handle_one_request()
  File "/home/udeepa/CLB/scripts/fast_http_server.py", line 15, in do_GET
    self.wfile.write(body)
  File "/usr/lib/python3.10/socketserver.py", line 683, in process_request_thread
    self.finish_request(request, client_address)
  File "/usr/lib/python3.10/http/server.py", line 401, in handle_one_request
    self.raw_requestline = self.rfile.readline(65537)
  File "/home/udeepa/CLB/scripts/fast_http_server.py", line 15, in do_GET
    self.wfile.write(body)
  File "/usr/lib/python3.10/socketserver.py", line 826, in write
    self._sock.sendall(b)
  File "/usr/lib/python3.10/socketserver.py", line 747, in __init__
    self.handle()
  File "/usr/lib/python3.10/http/server.py", line 435, in handle
    self.handle_one_request()
  File "/usr/lib/python3.10/socket.py", line 705, in readinto
    return self._sock.recv_into(b)
  File "/usr/lib/python3.10/socketserver.py", line 747, in __init__
    self.handle()
  File "/usr/lib/python3.10/socketserver.py", line 683, in process_request_thread
    self.finish_request(request, client_address)
  File "/home/udeepa/CLB/scripts/fast_http_server.py", line 15, in do_GET
    self.wfile.write(body)
  File "/usr/lib/python3.10/socketserver.py", line 360, in finish_request
    self.RequestHandlerClass(request, client_address, self)
  File "/home/udeepa/CLB/scripts/fast_http_server.py", line 15, in do_GET
    self.wfile.write(body)
  File "/usr/lib/python3.10/socketserver.py", line 826, in write
    self._sock.sendall(b)
  File "/usr/lib/python3.10/socketserver.py", line 360, in finish_request
    self.RequestHandlerClass(request, client_address, self)
  File "/usr/lib/python3.10/socketserver.py", line 747, in __init__
    self.handle()
  File "/usr/lib/python3.10/http/server.py", line 435, in handle
    self.handle_one_request()
  File "/usr/lib/python3.10/http/server.py", line 435, in handle
    self.handle_one_request()
  File "/usr/lib/python3.10/http/server.py", line 401, in handle_one_request
    self.raw_requestline = self.rfile.readline(65537)
  File "/usr/lib/python3.10/socket.py", line 705, in readinto
    return self._sock.recv_into(b)
  File "/usr/lib/python3.10/http/server.py", line 435, in handle
    self.handle_one_request()
  File "/usr/lib/python3.10/http/server.py", line 401, in handle_one_request
    self.raw_requestline = self.rfile.readline(65537)
  File "/usr/lib/python3.10/socketserver.py", line 826, in write
    self._sock.sendall(b)
  File "/usr/lib/python3.10/socketserver.py", line 360, in finish_request
    self.RequestHandlerClass(request, client_address, self)
  File "/usr/lib/python3.10/socket.py", line 705, in readinto
    return self._sock.recv_into(b)
  File "/usr/lib/python3.10/socketserver.py", line 747, in __init__
    self.handle()
  File "/usr/lib/python3.10/http/server.py", line 435, in handle
    self.handle_one_request()
  File "/usr/lib/python3.10/socketserver.py", line 683, in process_request_thread
    self.finish_request(request, client_address)
  File "/usr/lib/python3.10/http/server.py", line 435, in handle
    self.handle_one_request()
  File "/usr/lib/python3.10/socketserver.py", line 747, in __init__
    self.handle()
  File "/usr/lib/python3.10/http/server.py", line 435, in handle
    self.handle_one_request()
  File "/usr/lib/python3.10/http/server.py", line 421, in handle_one_request
    method()
  File "/usr/lib/python3.10/http/server.py", line 435, in handle
    self.handle_one_request()
  File "/usr/lib/python3.10/http/server.py", line 421, in handle_one_request
    method()
ConnectionResetError: [Errno 104] Connection reset by peer
  File "/usr/lib/python3.10/socketserver.py", line 826, in write
    self._sock.sendall(b)
BrokenPipeError: [Errno 32] Broken pipe
  File "/home/udeepa/CLB/scripts/fast_http_server.py", line 15, in do_GET
    self.wfile.write(body)
  File "/usr/lib/python3.10/http/server.py", line 435, in handle
    self.handle_one_request()
  File "/usr/lib/python3.10/http/server.py", line 421, in handle_one_request
    method()
  File "/usr/lib/python3.10/http/server.py", line 401, in handle_one_request
    self.raw_requestline = self.rfile.readline(65537)
  File "/usr/lib/python3.10/http/server.py", line 435, in handle
    self.handle_one_request()
  File "/usr/lib/python3.10/http/server.py", line 401, in handle_one_request
    self.raw_requestline = self.rfile.readline(65537)
  File "/usr/lib/python3.10/socketserver.py", line 826, in write
    self._sock.sendall(b)
  File "/usr/lib/python3.10/socketserver.py", line 683, in process_request_thread
    self.finish_request(request, client_address)
Traceback (most recent call last):
  File "/usr/lib/python3.10/http/server.py", line 421, in handle_one_request
    method()
  File "/usr/lib/python3.10/http/server.py", line 435, in handle
    self.handle_one_request()
  File "/usr/lib/python3.10/socketserver.py", line 747, in __init__
    self.handle()
ConnectionResetError: [Errno 104] Connection reset by peer
  File "/usr/lib/python3.10/http/server.py", line 421, in handle_one_request
    method()
  File "/usr/lib/python3.10/http/server.py", line 435, in handle
    self.handle_one_request()
ConnectionResetError: [Errno 104] Connection reset by peer
  File "/usr/lib/python3.10/socketserver.py", line 747, in __init__
    self.handle()
  File "/home/udeepa/CLB/scripts/fast_http_server.py", line 15, in do_GET
    self.wfile.write(body)
  File "/usr/lib/python3.10/socketserver.py", line 747, in __init__
    self.handle()
  File "/usr/lib/python3.10/http/server.py", line 435, in handle
    self.handle_one_request()
  File "/usr/lib/python3.10/socketserver.py", line 683, in process_request_thread
    self.finish_request(request, client_address)
  File "/usr/lib/python3.10/socketserver.py", line 360, in finish_request
    self.RequestHandlerClass(request, client_address, self)
  File "/usr/lib/python3.10/http/server.py", line 401, in handle_one_request
    self.raw_requestline = self.rfile.readline(65537)
  File "/home/udeepa/CLB/scripts/fast_http_server.py", line 15, in do_GET
    self.wfile.write(body)
  File "/usr/lib/python3.10/socketserver.py", line 360, in finish_request
    self.RequestHandlerClass(request, client_address, self)
  File "/usr/lib/python3.10/socketserver.py", line 360, in finish_request
    self.RequestHandlerClass(request, client_address, self)
  File "/usr/lib/python3.10/socket.py", line 705, in readinto
    return self._sock.recv_into(b)
ConnectionResetError: [Errno 104] Connection reset by peer
  File "/usr/lib/python3.10/http/server.py", line 421, in handle_one_request
    method()
  File "/usr/lib/python3.10/socket.py", line 705, in readinto
    return self._sock.recv_into(b)
BrokenPipeError: [Errno 32] Broken pipe
  File "/usr/lib/python3.10/http/server.py", line 421, in handle_one_request
    method()
  File "/home/udeepa/CLB/scripts/fast_http_server.py", line 15, in do_GET
    self.wfile.write(body)
  File "/usr/lib/python3.10/http/server.py", line 435, in handle
    self.handle_one_request()
  File "/usr/lib/python3.10/http/server.py", line 421, in handle_one_request
    method()
  File "/home/udeepa/CLB/scripts/fast_http_server.py", line 15, in do_GET
    self.wfile.write(body)
  File "/usr/lib/python3.10/http/server.py", line 421, in handle_one_request
    method()
  File "/usr/lib/python3.10/socketserver.py", line 360, in finish_request
    self.RequestHandlerClass(request, client_address, self)
  File "/usr/lib/python3.10/http/server.py", line 435, in handle
    self.handle_one_request()
  File "/usr/lib/python3.10/socketserver.py", line 360, in finish_request
    self.RequestHandlerClass(request, client_address, self)
  File "/usr/lib/python3.10/http/server.py", line 435, in handle
    self.handle_one_request()
  File "/usr/lib/python3.10/http/server.py", line 421, in handle_one_request
    method()
  File "/home/udeepa/CLB/scripts/fast_http_server.py", line 15, in do_GET
    self.wfile.write(body)
  File "/usr/lib/python3.10/socketserver.py", line 826, in write
    self._sock.sendall(b)
  File "/usr/lib/python3.10/socketserver.py", line 826, in write
    self._sock.sendall(b)
  File "/usr/lib/python3.10/socketserver.py", line 747, in __init__
    self.handle()
  File "/usr/lib/python3.10/socket.py", line 705, in readinto
    return self._sock.recv_into(b)
  File "/usr/lib/python3.10/socketserver.py", line 747, in __init__
    self.handle()
  File "/usr/lib/python3.10/http/server.py", line 401, in handle_one_request
    self.raw_requestline = self.rfile.readline(65537)
  File "/usr/lib/python3.10/http/server.py", line 435, in handle
    self.handle_one_request()
----------------------------------------
  File "/home/udeepa/CLB/scripts/fast_http_server.py", line 15, in do_GET
    self.wfile.write(body)
ConnectionResetError: [Errno 104] Connection reset by peer
----------------------------------------
  File "/usr/lib/python3.10/socketserver.py", line 747, in __init__
    self.handle()
----------------------------------------
  File "/usr/lib/python3.10/socketserver.py", line 360, in finish_request
    self.RequestHandlerClass(request, client_address, self)
  File "/usr/lib/python3.10/socketserver.py", line 826, in write
    self._sock.sendall(b)
  File "/home/udeepa/CLB/scripts/fast_http_server.py", line 15, in do_GET
    self.wfile.write(body)
  File "/usr/lib/python3.10/socketserver.py", line 826, in write
    self._sock.sendall(b)
  File "/usr/lib/python3.10/socketserver.py", line 747, in __init__
    self.handle()
  File "/usr/lib/python3.10/socketserver.py", line 747, in __init__
    self.handle()
  File "/usr/lib/python3.10/http/server.py", line 401, in handle_one_request
    self.raw_requestline = self.rfile.readline(65537)
BrokenPipeError: [Errno 32] Broken pipe
----------------------------------------
  File "/usr/lib/python3.10/socketserver.py", line 747, in __init__
    self.handle()
  File "/usr/lib/python3.10/socket.py", line 705, in readinto
    return self._sock.recv_into(b)
  File "/usr/lib/python3.10/http/server.py", line 435, in handle
    self.handle_one_request()
  File "/usr/lib/python3.10/socket.py", line 705, in readinto
    return self._sock.recv_into(b)
ConnectionResetError: [Errno 104] Connection reset by peer
ConnectionResetError: [Errno 104] Connection reset by peer
  File "/usr/lib/python3.10/socketserver.py", line 826, in write
    self._sock.sendall(b)
----------------------------------------
  File "/usr/lib/python3.10/socketserver.py", line 826, in write
    self._sock.sendall(b)
  File "/usr/lib/python3.10/http/server.py", line 435, in handle
    self.handle_one_request()
  File "/home/udeepa/CLB/scripts/fast_http_server.py", line 15, in do_GET
    self.wfile.write(body)
  File "/usr/lib/python3.10/socketserver.py", line 826, in write
    self._sock.sendall(b)
  File "/usr/lib/python3.10/socketserver.py", line 747, in __init__
    self.handle()
----------------------------------------
BrokenPipeError: [Errno 32] Broken pipe
  File "/usr/lib/python3.10/http/server.py", line 401, in handle_one_request
    self.raw_requestline = self.rfile.readline(65537)
  File "/home/udeepa/CLB/scripts/fast_http_server.py", line 15, in do_GET
    self.wfile.write(body)
  File "/usr/lib/python3.10/http/server.py", line 435, in handle
    self.handle_one_request()
  File "/usr/lib/python3.10/socket.py", line 705, in readinto
    return self._sock.recv_into(b)
----------------------------------------
BrokenPipeError: [Errno 32] Broken pipe
  File "/usr/lib/python3.10/http/server.py", line 435, in handle
    self.handle_one_request()
ConnectionResetError: [Errno 104] Connection reset by peer
  File "/usr/lib/python3.10/socketserver.py", line 747, in __init__
    self.handle()
  File "/usr/lib/python3.10/http/server.py", line 401, in handle_one_request
    self.raw_requestline = self.rfile.readline(65537)
  File "/usr/lib/python3.10/http/server.py", line 401, in handle_one_request
    self.raw_requestline = self.rfile.readline(65537)
----------------------------------------
----------------------------------------
BrokenPipeError: [Errno 32] Broken pipe
BrokenPipeError: [Errno 32] Broken pipe
  File "/usr/lib/python3.10/http/server.py", line 421, in handle_one_request
    method()
  File "/usr/lib/python3.10/socketserver.py", line 826, in write
    self._sock.sendall(b)
  File "/usr/lib/python3.10/http/server.py", line 435, in handle
    self.handle_one_request()
----------------------------------------
  File "/usr/lib/python3.10/socketserver.py", line 747, in __init__
    self.handle()
ConnectionResetError: [Errno 104] Connection reset by peer
  File "/usr/lib/python3.10/http/server.py", line 435, in handle
    self.handle_one_request()
  File "/usr/lib/python3.10/socketserver.py", line 826, in write
    self._sock.sendall(b)
ConnectionResetError: [Errno 104] Connection reset by peer
  File "/usr/lib/python3.10/socketserver.py", line 747, in __init__
    self.handle()
ConnectionResetError: [Errno 104] Connection reset by peer
  File "/usr/lib/python3.10/socketserver.py", line 360, in finish_request
    self.RequestHandlerClass(request, client_address, self)
  File "/usr/lib/python3.10/socketserver.py", line 747, in __init__
    self.handle()
  File "/home/udeepa/CLB/scripts/fast_http_server.py", line 15, in do_GET
    self.wfile.write(body)
  File "/usr/lib/python3.10/socketserver.py", line 826, in write
    self._sock.sendall(b)
  File "/usr/lib/python3.10/socketserver.py", line 683, in process_request_thread
    self.finish_request(request, client_address)
----------------------------------------
----------------------------------------
BrokenPipeError: [Errno 32] Broken pipe
  File "/usr/lib/python3.10/http/server.py", line 421, in handle_one_request
    method()
BrokenPipeError: [Errno 32] Broken pipe
  File "/usr/lib/python3.10/socket.py", line 705, in readinto
    return self._sock.recv_into(b)
  File "/usr/lib/python3.10/http/server.py", line 421, in handle_one_request
    method()
  File "/usr/lib/python3.10/http/server.py", line 435, in handle
    self.handle_one_request()
----------------------------------------
  File "/usr/lib/python3.10/http/server.py", line 401, in handle_one_request
    self.raw_requestline = self.rfile.readline(65537)
BrokenPipeError: [Errno 32] Broken pipe
----------------------------------------
  File "/usr/lib/python3.10/http/server.py", line 435, in handle
    self.handle_one_request()
----------------------------------------
  File "/usr/lib/python3.10/http/server.py", line 435, in handle
    self.handle_one_request()
  File "/usr/lib/python3.10/http/server.py", line 421, in handle_one_request
    method()
  File "/usr/lib/python3.10/http/server.py", line 421, in handle_one_request
    method()
  File "/home/udeepa/CLB/scripts/fast_http_server.py", line 15, in do_GET
    self.wfile.write(body)
  File "/usr/lib/python3.10/http/server.py", line 435, in handle
    self.handle_one_request()
  File "/home/udeepa/CLB/scripts/fast_http_server.py", line 15, in do_GET
    self.wfile.write(body)
  File "/usr/lib/python3.10/socketserver.py", line 826, in write
    self._sock.sendall(b)
----------------------------------------
  File "/usr/lib/python3.10/socketserver.py", line 826, in write
    self._sock.sendall(b)
  File "/home/udeepa/CLB/scripts/fast_http_server.py", line 15, in do_GET
    self.wfile.write(body)
  File "/usr/lib/python3.10/http/server.py", line 401, in handle_one_request
    self.raw_requestline = self.rfile.readline(65537)
----------------------------------------
  File "/usr/lib/python3.10/socket.py", line 705, in readinto
    return self._sock.recv_into(b)
----------------------------------------
  File "/usr/lib/python3.10/socket.py", line 705, in readinto
    return self._sock.recv_into(b)
  File "/usr/lib/python3.10/socket.py", line 705, in readinto
    return self._sock.recv_into(b)
  File "/usr/lib/python3.10/http/server.py", line 401, in handle_one_request
    self.raw_requestline = self.rfile.readline(65537)
ConnectionResetError: [Errno 104] Connection reset by peer
  File "/home/udeepa/CLB/scripts/fast_http_server.py", line 15, in do_GET
    self.wfile.write(body)
----------------------------------------
----------------------------------------
ConnectionResetError: [Errno 104] Connection reset by peer
ConnectionResetError: [Errno 104] Connection reset by peer
BrokenPipeError: [Errno 32] Broken pipe
BrokenPipeError: [Errno 32] Broken pipe
  File "/usr/lib/python3.10/socket.py", line 705, in readinto
    return self._sock.recv_into(b)
----------------------------------------
  File "/usr/lib/python3.10/http/server.py", line 435, in handle
    self.handle_one_request()
  File "/usr/lib/python3.10/http/server.py", line 421, in handle_one_request
    method()
ConnectionResetError: [Errno 104] Connection reset by peer
  File "/usr/lib/python3.10/socket.py", line 705, in readinto
    return self._sock.recv_into(b)
----------------------------------------
  File "/usr/lib/python3.10/socketserver.py", line 826, in write
    self._sock.sendall(b)
  File "/usr/lib/python3.10/http/server.py", line 421, in handle_one_request
    method()
----------------------------------------
----------------------------------------
----------------------------------------
----------------------------------------
ConnectionResetError: [Errno 104] Connection reset by peer
  File "/usr/lib/python3.10/http/server.py", line 421, in handle_one_request
    method()
ConnectionResetError: [Errno 104] Connection reset by peer
BrokenPipeError: [Errno 32] Broken pipe
ConnectionResetError: [Errno 104] Connection reset by peer
----------------------------------------
  File "/home/udeepa/CLB/scripts/fast_http_server.py", line 15, in do_GET
    self.wfile.write(body)
  File "/usr/lib/python3.10/socketserver.py", line 826, in write
    self._sock.sendall(b)
  File "/usr/lib/python3.10/http/server.py", line 401, in handle_one_request
    self.raw_requestline = self.rfile.readline(65537)
----------------------------------------
  File "/home/udeepa/CLB/scripts/fast_http_server.py", line 15, in do_GET
    self.wfile.write(body)
----------------------------------------
----------------------------------------
  File "/home/udeepa/CLB/scripts/fast_http_server.py", line 15, in do_GET
    self.wfile.write(body)
ConnectionResetError: [Errno 104] Connection reset by peer
  File "/usr/lib/python3.10/socketserver.py", line 826, in write
    self._sock.sendall(b)
ConnectionResetError: [Errno 104] Connection reset by peer
  File "/usr/lib/python3.10/socket.py", line 705, in readinto
    return self._sock.recv_into(b)
  File "/home/udeepa/CLB/scripts/fast_http_server.py", line 15, in do_GET
    self.wfile.write(body)
----------------------------------------
ConnectionResetError: [Errno 104] Connection reset by peer
  File "/usr/lib/python3.10/http/server.py", line 421, in handle_one_request
    method()
  File "/home/udeepa/CLB/scripts/fast_http_server.py", line 15, in do_GET
    self.wfile.write(body)
  File "/usr/lib/python3.10/socketserver.py", line 826, in write
    self._sock.sendall(b)
ConnectionResetError: [Errno 104] Connection reset by peer
ConnectionResetError: [Errno 104] Connection reset by peer
ConnectionResetError: [Errno 104] Connection reset by peer
  File "/usr/lib/python3.10/socketserver.py", line 826, in write
    self._sock.sendall(b)
  File "/usr/lib/python3.10/socketserver.py", line 826, in write
    self._sock.sendall(b)
----------------------------------------
ConnectionResetError: [Errno 104] Connection reset by peer
----------------------------------------
  File "/home/udeepa/CLB/scripts/fast_http_server.py", line 15, in do_GET
    self.wfile.write(body)
  File "/usr/lib/python3.10/socketserver.py", line 826, in write
    self._sock.sendall(b)
  File "/usr/lib/python3.10/socketserver.py", line 826, in write
    self._sock.sendall(b)
----------------------------------------
----------------------------------------
  File "/usr/lib/python3.10/socketserver.py", line 826, in write
    self._sock.sendall(b)
----------------------------------------
  File "/usr/lib/python3.10/socketserver.py", line 360, in finish_request
    self.RequestHandlerClass(request, client_address, self)
ConnectionResetError: [Errno 104] Connection reset by peer
ConnectionResetError: [Errno 104] Connection reset by peer
BrokenPipeError: [Errno 32] Broken pipe
BrokenPipeError: [Errno 32] Broken pipe
----------------------------------------
ConnectionResetError: [Errno 104] Connection reset by peer
----------------------------------------
----------------------------------------
----------------------------------------
----------------------------------------
ConnectionResetError: [Errno 104] Connection reset by peer
----------------------------------------
  File "/usr/lib/python3.10/socketserver.py", line 747, in __init__
    self.handle()
----------------------------------------
  File "/usr/lib/python3.10/http/server.py", line 435, in handle
    self.handle_one_request()
----------------------------------------
  File "/usr/lib/python3.10/http/server.py", line 401, in handle_one_request
    self.raw_requestline = self.rfile.readline(65537)
  File "/usr/lib/python3.10/socket.py", line 705, in readinto
    return self._sock.recv_into(b)
ConnectionResetError: [Errno 104] Connection reset by peer
----------------------------------------
----------------------------------------
Exception occurred during processing of request from ('10.200.2.1', 52424)
----------------------------------------
----------------------------------------
Exception occurred during processing of request from ('10.200.2.1', 52370)
----------------------------------------
----------------------------------------
Exception occurred during processing of request from ('10.200.2.1', 52478)
----------------------------------------
----------------------------------------
----------------------------------------
----------------------------------------
----------------------------------------
----------------------------------------
----------------------------------------
Exception occurred during processing of request from ('10.200.2.1', 52324)
----------------------------------------
----------------------------------------
----------------------------------------
Exception occurred during processing of request from ('10.200.2.1', 52548)
----------------------------------------
Exception occurred during processing of request from ('10.200.2.1', 52376)
Exception occurred during processing of request from ('10.200.2.1', 52356)
Exception occurred during processing of request from ('10.200.2.1', 52452)
Exception occurred during processing of request from ('10.200.2.1', 52504)
Exception occurred during processing of request from ('10.200.2.1', 52516)
----------------------------------------
----------------------------------------
----------------------------------------
Exception occurred during processing of request from ('10.200.2.1', 52418)
Exception occurred during processing of request from ('10.200.2.1', 52336)
----------------------------------------
----------------------------------------
Exception occurred during processing of request from ('10.200.2.1', 52388)
----------------------------------------
Exception occurred during processing of request from ('10.200.2.1', 52532)
Exception occurred during processing of request from ('10.200.2.1', 52494)
Exception occurred during processing of request from ('10.200.2.1', 52464)
Exception occurred during processing of request from ('10.200.2.1', 52488)
----------------------------------------
Exception occurred during processing of request from ('10.200.2.1', 52438)
----------------------------------------
----------------------------------------
Exception occurred during processing of request from ('10.200.2.1', 52366)
Exception occurred during processing of request from ('10.200.2.1', 52530)
----------------------------------------
Exception occurred during processing of request from ('10.200.2.1', 52350)
Exception occurred during processing of request from ('10.200.2.1', 52496)
Exception occurred during processing of request from ('10.200.2.1', 52400)
Exception occurred during processing of request from ('10.200.2.1', 52508)
----------------------------------------
----------------------------------------
Exception occurred during processing of request from ('10.200.2.1', 52412)
Exception occurred during processing of request from ('10.200.2.1', 52408)
Exception occurred during processing of request from ('10.200.2.1', 52510)
Exception occurred during processing of request from ('10.200.2.1', 52308)
Traceback (most recent call last):
Traceback (most recent call last):
Traceback (most recent call last):
Traceback (most recent call last):
Traceback (most recent call last):
Traceback (most recent call last):
Traceback (most recent call last):
Traceback (most recent call last):
Traceback (most recent call last):
Traceback (most recent call last):
Traceback (most recent call last):
Traceback (most recent call last):
  File "/usr/lib/python3.10/socketserver.py", line 683, in process_request_thread
    self.finish_request(request, client_address)
Traceback (most recent call last):
Traceback (most recent call last):
Traceback (most recent call last):
  File "/usr/lib/python3.10/socketserver.py", line 683, in process_request_thread
    self.finish_request(request, client_address)
  File "/usr/lib/python3.10/socketserver.py", line 360, in finish_request
    self.RequestHandlerClass(request, client_address, self)
Traceback (most recent call last):
  File "/usr/lib/python3.10/socketserver.py", line 683, in process_request_thread
    self.finish_request(request, client_address)
  File "/usr/lib/python3.10/socketserver.py", line 683, in process_request_thread
    self.finish_request(request, client_address)
Traceback (most recent call last):
Traceback (most recent call last):
Traceback (most recent call last):
Traceback (most recent call last):
Traceback (most recent call last):
Traceback (most recent call last):
Traceback (most recent call last):
Traceback (most recent call last):
Traceback (most recent call last):
  File "/usr/lib/python3.10/socketserver.py", line 683, in process_request_thread
    self.finish_request(request, client_address)
  File "/usr/lib/python3.10/socketserver.py", line 747, in __init__
    self.handle()
Traceback (most recent call last):
Traceback (most recent call last):
  File "/usr/lib/python3.10/socketserver.py", line 360, in finish_request
    self.RequestHandlerClass(request, client_address, self)
  File "/usr/lib/python3.10/socketserver.py", line 747, in __init__
    self.handle()
  File "/usr/lib/python3.10/socketserver.py", line 683, in process_request_thread
    self.finish_request(request, client_address)
  File "/usr/lib/python3.10/socketserver.py", line 683, in process_request_thread
    self.finish_request(request, client_address)
  File "/usr/lib/python3.10/socketserver.py", line 683, in process_request_thread
    self.finish_request(request, client_address)
  File "/usr/lib/python3.10/socketserver.py", line 360, in finish_request
    self.RequestHandlerClass(request, client_address, self)
  File "/usr/lib/python3.10/socketserver.py", line 747, in __init__
    self.handle()
  File "/usr/lib/python3.10/http/server.py", line 435, in handle
    self.handle_one_request()
  File "/usr/lib/python3.10/socketserver.py", line 683, in process_request_thread
    self.finish_request(request, client_address)
  File "/usr/lib/python3.10/socketserver.py", line 360, in finish_request
    self.RequestHandlerClass(request, client_address, self)
  File "/usr/lib/python3.10/socketserver.py", line 683, in process_request_thread
    self.finish_request(request, client_address)
  File "/usr/lib/python3.10/socketserver.py", line 683, in process_request_thread
    self.finish_request(request, client_address)
Traceback (most recent call last):
  File "/usr/lib/python3.10/socketserver.py", line 360, in finish_request
    self.RequestHandlerClass(request, client_address, self)
  File "/usr/lib/python3.10/socketserver.py", line 683, in process_request_thread
    self.finish_request(request, client_address)
  File "/usr/lib/python3.10/socketserver.py", line 683, in process_request_thread
    self.finish_request(request, client_address)
  File "/usr/lib/python3.10/socketserver.py", line 360, in finish_request
    self.RequestHandlerClass(request, client_address, self)
  File "/usr/lib/python3.10/socketserver.py", line 683, in process_request_thread
    self.finish_request(request, client_address)
  File "/usr/lib/python3.10/socketserver.py", line 360, in finish_request
    self.RequestHandlerClass(request, client_address, self)
  File "/usr/lib/python3.10/socketserver.py", line 683, in process_request_thread
    self.finish_request(request, client_address)
  File "/usr/lib/python3.10/socketserver.py", line 683, in process_request_thread
    self.finish_request(request, client_address)
  File "/usr/lib/python3.10/socketserver.py", line 683, in process_request_thread
    self.finish_request(request, client_address)
  File "/usr/lib/python3.10/socketserver.py", line 747, in __init__
    self.handle()
  File "/usr/lib/python3.10/socketserver.py", line 683, in process_request_thread
    self.finish_request(request, client_address)
  File "/usr/lib/python3.10/socketserver.py", line 683, in process_request_thread
    self.finish_request(request, client_address)
  File "/usr/lib/python3.10/http/server.py", line 435, in handle
    self.handle_one_request()
  File "/usr/lib/python3.10/socketserver.py", line 683, in process_request_thread
    self.finish_request(request, client_address)
  File "/usr/lib/python3.10/socketserver.py", line 683, in process_request_thread
    self.finish_request(request, client_address)
  File "/usr/lib/python3.10/socketserver.py", line 360, in finish_request
    self.RequestHandlerClass(request, client_address, self)
  File "/usr/lib/python3.10/socketserver.py", line 683, in process_request_thread
    self.finish_request(request, client_address)
  File "/usr/lib/python3.10/socketserver.py", line 360, in finish_request
    self.RequestHandlerClass(request, client_address, self)
  File "/usr/lib/python3.10/http/server.py", line 435, in handle
    self.handle_one_request()
  File "/usr/lib/python3.10/http/server.py", line 401, in handle_one_request
    self.raw_requestline = self.rfile.readline(65537)
  File "/usr/lib/python3.10/socketserver.py", line 747, in __init__
    self.handle()
  File "/usr/lib/python3.10/socketserver.py", line 360, in finish_request
    self.RequestHandlerClass(request, client_address, self)
  File "/usr/lib/python3.10/socketserver.py", line 747, in __init__
    self.handle()
  File "/usr/lib/python3.10/socketserver.py", line 360, in finish_request
    self.RequestHandlerClass(request, client_address, self)
  File "/usr/lib/python3.10/http/server.py", line 401, in handle_one_request
    self.raw_requestline = self.rfile.readline(65537)
  File "/usr/lib/python3.10/socketserver.py", line 683, in process_request_thread
    self.finish_request(request, client_address)
  File "/usr/lib/python3.10/socketserver.py", line 360, in finish_request
    self.RequestHandlerClass(request, client_address, self)
  File "/usr/lib/python3.10/socketserver.py", line 360, in finish_request
    self.RequestHandlerClass(request, client_address, self)
  File "/usr/lib/python3.10/socketserver.py", line 747, in __init__
    self.handle()
  File "/usr/lib/python3.10/socketserver.py", line 747, in __init__
    self.handle()
  File "/usr/lib/python3.10/socketserver.py", line 360, in finish_request
    self.RequestHandlerClass(request, client_address, self)
  File "/usr/lib/python3.10/socketserver.py", line 747, in __init__
    self.handle()
  File "/usr/lib/python3.10/socketserver.py", line 683, in process_request_thread
    self.finish_request(request, client_address)
  File "/usr/lib/python3.10/socketserver.py", line 360, in finish_request
    self.RequestHandlerClass(request, client_address, self)
  File "/usr/lib/python3.10/socket.py", line 705, in readinto
    return self._sock.recv_into(b)
  File "/usr/lib/python3.10/socketserver.py", line 683, in process_request_thread
    self.finish_request(request, client_address)
  File "/usr/lib/python3.10/socketserver.py", line 360, in finish_request
    self.RequestHandlerClass(request, client_address, self)
  File "/usr/lib/python3.10/socket.py", line 705, in readinto
    return self._sock.recv_into(b)
  File "/usr/lib/python3.10/socketserver.py", line 360, in finish_request
    self.RequestHandlerClass(request, client_address, self)
  File "/usr/lib/python3.10/socketserver.py", line 360, in finish_request
    self.RequestHandlerClass(request, client_address, self)
  File "/usr/lib/python3.10/socketserver.py", line 747, in __init__
    self.handle()
  File "/usr/lib/python3.10/http/server.py", line 435, in handle
    self.handle_one_request()
  File "/usr/lib/python3.10/socketserver.py", line 360, in finish_request
    self.RequestHandlerClass(request, client_address, self)
  File "/usr/lib/python3.10/socketserver.py", line 683, in process_request_thread
    self.finish_request(request, client_address)
  File "/usr/lib/python3.10/socketserver.py", line 747, in __init__
    self.handle()
  File "/usr/lib/python3.10/http/server.py", line 435, in handle
    self.handle_one_request()
  File "/usr/lib/python3.10/socketserver.py", line 683, in process_request_thread
    self.finish_request(request, client_address)
  File "/usr/lib/python3.10/socketserver.py", line 683, in process_request_thread
    self.finish_request(request, client_address)
ConnectionResetError: [Errno 104] Connection reset by peer
  File "/usr/lib/python3.10/socketserver.py", line 360, in finish_request
    self.RequestHandlerClass(request, client_address, self)
  File "/usr/lib/python3.10/socketserver.py", line 360, in finish_request
    self.RequestHandlerClass(request, client_address, self)
  File "/usr/lib/python3.10/socketserver.py", line 747, in __init__
    self.handle()
  File "/usr/lib/python3.10/http/server.py", line 435, in handle
    self.handle_one_request()
  File "/usr/lib/python3.10/socketserver.py", line 747, in __init__
    self.handle()
  File "/usr/lib/python3.10/http/server.py", line 435, in handle
    self.handle_one_request()
  File "/usr/lib/python3.10/http/server.py", line 401, in handle_one_request
    self.raw_requestline = self.rfile.readline(65537)
  File "/usr/lib/python3.10/socketserver.py", line 360, in finish_request
    self.RequestHandlerClass(request, client_address, self)
  File "/usr/lib/python3.10/http/server.py", line 401, in handle_one_request
    self.raw_requestline = self.rfile.readline(65537)
  File "/usr/lib/python3.10/socketserver.py", line 747, in __init__
    self.handle()
  File "/usr/lib/python3.10/socketserver.py", line 747, in __init__
    self.handle()
  File "/usr/lib/python3.10/http/server.py", line 435, in handle
    self.handle_one_request()
  File "/usr/lib/python3.10/http/server.py", line 435, in handle
    self.handle_one_request()
  File "/usr/lib/python3.10/socketserver.py", line 360, in finish_request
    self.RequestHandlerClass(request, client_address, self)
  File "/usr/lib/python3.10/http/server.py", line 435, in handle
    self.handle_one_request()
  File "/usr/lib/python3.10/http/server.py", line 435, in handle
    self.handle_one_request()
----------------------------------------
  File "/usr/lib/python3.10/socketserver.py", line 747, in __init__
    self.handle()
  File "/usr/lib/python3.10/http/server.py", line 435, in handle
    self.handle_one_request()
  File "/usr/lib/python3.10/socketserver.py", line 360, in finish_request
    self.RequestHandlerClass(request, client_address, self)
  File "/usr/lib/python3.10/socketserver.py", line 747, in __init__
    self.handle()
  File "/usr/lib/python3.10/socketserver.py", line 747, in __init__
    self.handle()
  File "/usr/lib/python3.10/http/server.py", line 435, in handle
    self.handle_one_request()
  File "/usr/lib/python3.10/socket.py", line 705, in readinto
    return self._sock.recv_into(b)
  File "/usr/lib/python3.10/http/server.py", line 435, in handle
    self.handle_one_request()
  File "/usr/lib/python3.10/socketserver.py", line 360, in finish_request
    self.RequestHandlerClass(request, client_address, self)
  File "/usr/lib/python3.10/socketserver.py", line 747, in __init__
    self.handle()
  File "/usr/lib/python3.10/http/server.py", line 435, in handle
    self.handle_one_request()
  File "/usr/lib/python3.10/socketserver.py", line 360, in finish_request
    self.RequestHandlerClass(request, client_address, self)
  File "/usr/lib/python3.10/http/server.py", line 401, in handle_one_request
    self.raw_requestline = self.rfile.readline(65537)
  File "/usr/lib/python3.10/socket.py", line 705, in readinto
    return self._sock.recv_into(b)
  File "/usr/lib/python3.10/socketserver.py", line 747, in __init__
    self.handle()
ConnectionResetError: [Errno 104] Connection reset by peer
  File "/usr/lib/python3.10/http/server.py", line 401, in handle_one_request
    self.raw_requestline = self.rfile.readline(65537)
  File "/usr/lib/python3.10/socket.py", line 705, in readinto
    return self._sock.recv_into(b)
  File "/usr/lib/python3.10/http/server.py", line 435, in handle
    self.handle_one_request()
  File "/usr/lib/python3.10/socketserver.py", line 747, in __init__
    self.handle()
  File "/usr/lib/python3.10/http/server.py", line 401, in handle_one_request
    self.raw_requestline = self.rfile.readline(65537)
  File "/usr/lib/python3.10/socketserver.py", line 360, in finish_request
    self.RequestHandlerClass(request, client_address, self)
  File "/usr/lib/python3.10/http/server.py", line 401, in handle_one_request
    self.raw_requestline = self.rfile.readline(65537)
  File "/usr/lib/python3.10/socketserver.py", line 747, in __init__
    self.handle()
ConnectionResetError: [Errno 104] Connection reset by peer
  File "/usr/lib/python3.10/http/server.py", line 435, in handle
    self.handle_one_request()
----------------------------------------
  File "/usr/lib/python3.10/http/server.py", line 401, in handle_one_request
    self.raw_requestline = self.rfile.readline(65537)
ConnectionResetError: [Errno 104] Connection reset by peer
  File "/usr/lib/python3.10/http/server.py", line 435, in handle
    self.handle_one_request()
  File "/usr/lib/python3.10/http/server.py", line 401, in handle_one_request
    self.raw_requestline = self.rfile.readline(65537)
  File "/usr/lib/python3.10/socketserver.py", line 360, in finish_request
    self.RequestHandlerClass(request, client_address, self)
  File "/usr/lib/python3.10/socketserver.py", line 747, in __init__
    self.handle()
  File "/usr/lib/python3.10/http/server.py", line 401, in handle_one_request
    self.raw_requestline = self.rfile.readline(65537)
  File "/usr/lib/python3.10/http/server.py", line 401, in handle_one_request
    self.raw_requestline = self.rfile.readline(65537)
  File "/usr/lib/python3.10/http/server.py", line 435, in handle
    self.handle_one_request()
  File "/usr/lib/python3.10/socketserver.py", line 747, in __init__
    self.handle()
----------------------------------------
  File "/usr/lib/python3.10/http/server.py", line 435, in handle
    self.handle_one_request()
  File "/usr/lib/python3.10/socketserver.py", line 747, in __init__
    self.handle()
  File "/usr/lib/python3.10/socket.py", line 705, in readinto
    return self._sock.recv_into(b)
----------------------------------------
  File "/usr/lib/python3.10/socket.py", line 705, in readinto
    return self._sock.recv_into(b)
ConnectionResetError: [Errno 104] Connection reset by peer
  File "/usr/lib/python3.10/http/server.py", line 401, in handle_one_request
    self.raw_requestline = self.rfile.readline(65537)
  File "/usr/lib/python3.10/socket.py", line 705, in readinto
    return self._sock.recv_into(b)
  File "/usr/lib/python3.10/http/server.py", line 435, in handle
    self.handle_one_request()
  File "/usr/lib/python3.10/socket.py", line 705, in readinto
    return self._sock.recv_into(b)
  File "/usr/lib/python3.10/socket.py", line 705, in readinto
    return self._sock.recv_into(b)
  File "/usr/lib/python3.10/http/server.py", line 401, in handle_one_request
    self.raw_requestline = self.rfile.readline(65537)
  File "/usr/lib/python3.10/http/server.py", line 435, in handle
    self.handle_one_request()
  File "/usr/lib/python3.10/http/server.py", line 401, in handle_one_request
    self.raw_requestline = self.rfile.readline(65537)
  File "/usr/lib/python3.10/http/server.py", line 435, in handle
    self.handle_one_request()
  File "/usr/lib/python3.10/http/server.py", line 401, in handle_one_request
    self.raw_requestline = self.rfile.readline(65537)
ConnectionResetError: [Errno 104] Connection reset by peer
ConnectionResetError: [Errno 104] Connection reset by peer
  File "/usr/lib/python3.10/socketserver.py", line 747, in __init__
    self.handle()
  File "/usr/lib/python3.10/http/server.py", line 401, in handle_one_request
    self.raw_requestline = self.rfile.readline(65537)
  File "/usr/lib/python3.10/socket.py", line 705, in readinto
    return self._sock.recv_into(b)
  File "/usr/lib/python3.10/socketserver.py", line 747, in __init__
    self.handle()
  File "/usr/lib/python3.10/http/server.py", line 401, in handle_one_request
    self.raw_requestline = self.rfile.readline(65537)
  File "/usr/lib/python3.10/http/server.py", line 401, in handle_one_request
    self.raw_requestline = self.rfile.readline(65537)
  File "/usr/lib/python3.10/socket.py", line 705, in readinto
    return self._sock.recv_into(b)
  File "/usr/lib/python3.10/http/server.py", line 401, in handle_one_request
    self.raw_requestline = self.rfile.readline(65537)
  File "/usr/lib/python3.10/socket.py", line 705, in readinto
    return self._sock.recv_into(b)
  File "/usr/lib/python3.10/http/server.py", line 435, in handle
    self.handle_one_request()
----------------------------------------
----------------------------------------
  File "/usr/lib/python3.10/http/server.py", line 435, in handle
    self.handle_one_request()
  File "/usr/lib/python3.10/socket.py", line 705, in readinto
    return self._sock.recv_into(b)
ConnectionResetError: [Errno 104] Connection reset by peer
  File "/usr/lib/python3.10/http/server.py", line 435, in handle
    self.handle_one_request()
  File "/usr/lib/python3.10/socket.py", line 705, in readinto
    return self._sock.recv_into(b)
  File "/usr/lib/python3.10/socket.py", line 705, in readinto
    return self._sock.recv_into(b)
  File "/usr/lib/python3.10/http/server.py", line 401, in handle_one_request
    self.raw_requestline = self.rfile.readline(65537)
  File "/usr/lib/python3.10/socket.py", line 705, in readinto
    return self._sock.recv_into(b)
ConnectionResetError: [Errno 104] Connection reset by peer
  File "/usr/lib/python3.10/socket.py", line 705, in readinto
    return self._sock.recv_into(b)
  File "/usr/lib/python3.10/http/server.py", line 435, in handle
    self.handle_one_request()
  File "/usr/lib/python3.10/http/server.py", line 401, in handle_one_request
    self.raw_requestline = self.rfile.readline(65537)
  File "/usr/lib/python3.10/socket.py", line 705, in readinto
    return self._sock.recv_into(b)
----------------------------------------
  File "/usr/lib/python3.10/http/server.py", line 401, in handle_one_request
    self.raw_requestline = self.rfile.readline(65537)
ConnectionResetError: [Errno 104] Connection reset by peer
ConnectionResetError: [Errno 104] Connection reset by peer
  File "/usr/lib/python3.10/socket.py", line 705, in readinto
    return self._sock.recv_into(b)
ConnectionResetError: [Errno 104] Connection reset by peer
----------------------------------------
ConnectionResetError: [Errno 104] Connection reset by peer
  File "/usr/lib/python3.10/http/server.py", line 401, in handle_one_request
    self.raw_requestline = self.rfile.readline(65537)
  File "/usr/lib/python3.10/socket.py", line 705, in readinto
    return self._sock.recv_into(b)
ConnectionResetError: [Errno 104] Connection reset by peer
  File "/usr/lib/python3.10/socketserver.py", line 747, in __init__
    self.handle()
----------------------------------------
----------------------------------------
ConnectionResetError: [Errno 104] Connection reset by peer
----------------------------------------
----------------------------------------
ConnectionResetError: [Errno 104] Connection reset by peer
ConnectionResetError: [Errno 104] Connection reset by peer
  File "/usr/lib/python3.10/http/server.py", line 401, in handle_one_request
    self.raw_requestline = self.rfile.readline(65537)
----------------------------------------
  File "/usr/lib/python3.10/http/server.py", line 435, in handle
    self.handle_one_request()
  File "/usr/lib/python3.10/socket.py", line 705, in readinto
    return self._sock.recv_into(b)
  File "/usr/lib/python3.10/socket.py", line 705, in readinto
    return self._sock.recv_into(b)
  File "/usr/lib/python3.10/http/server.py", line 401, in handle_one_request
    self.raw_requestline = self.rfile.readline(65537)
ConnectionResetError: [Errno 104] Connection reset by peer
ConnectionResetError: [Errno 104] Connection reset by peer
----------------------------------------
  File "/usr/lib/python3.10/socket.py", line 705, in readinto
    return self._sock.recv_into(b)
  File "/usr/lib/python3.10/http/server.py", line 401, in handle_one_request
    self.raw_requestline = self.rfile.readline(65537)
  File "/usr/lib/python3.10/http/server.py", line 401, in handle_one_request
    self.raw_requestline = self.rfile.readline(65537)
ConnectionResetError: [Errno 104] Connection reset by peer
  File "/usr/lib/python3.10/socket.py", line 705, in readinto
    return self._sock.recv_into(b)
----------------------------------------
----------------------------------------
ConnectionResetError: [Errno 104] Connection reset by peer
ConnectionResetError: [Errno 104] Connection reset by peer
----------------------------------------
----------------------------------------
----------------------------------------
ConnectionResetError: [Errno 104] Connection reset by peer
ConnectionResetError: [Errno 104] Connection reset by peer
  File "/usr/lib/python3.10/socket.py", line 705, in readinto
    return self._sock.recv_into(b)
  File "/usr/lib/python3.10/socket.py", line 705, in readinto
    return self._sock.recv_into(b)
ConnectionResetError: [Errno 104] Connection reset by peer
----------------------------------------
----------------------------------------
ConnectionResetError: [Errno 104] Connection reset by peer
ConnectionResetError: [Errno 104] Connection reset by peer
----------------------------------------
----------------------------------------
----------------------------------------
----------------------------------------
----------------------------------------
----------------------------------------
  File "/usr/lib/python3.10/socket.py", line 705, in readinto
    return self._sock.recv_into(b)
ConnectionResetError: [Errno 104] Connection reset by peer
----------------------------------------
----------------------------------------
----------------------------------------
----------------------------------------
----------------------------------------
----------------------------------------
----------------------------------------
----------------------------------------
----------------------------------------
----------------------------------------
Exception occurred during processing of request from ('10.200.2.1', 40678)
----------------------------------------
----------------------------------------
----------------------------------------
----------------------------------------
----------------------------------------
----------------------------------------
----------------------------------------
----------------------------------------
Exception occurred during processing of request from ('10.200.2.1', 40912)
----------------------------------------
----------------------------------------
----------------------------------------
----------------------------------------
----------------------------------------
----------------------------------------
Exception occurred during processing of request from ('10.200.2.1', 41076)
Exception occurred during processing of request from ('10.200.2.1', 40958)
Exception occurred during processing of request from ('10.200.2.1', 40872)
----------------------------------------
----------------------------------------
----------------------------------------
----------------------------------------
----------------------------------------
Exception occurred during processing of request from ('10.200.2.1', 40908)
----------------------------------------
Exception occurred during processing of request from ('10.200.2.1', 40994)
Exception occurred during processing of request from ('10.200.2.1', 40774)
----------------------------------------
Exception occurred during processing of request from ('10.200.2.1', 40924)
Exception occurred during processing of request from ('10.200.2.1', 40674)
Exception occurred during processing of request from ('10.200.2.1', 40936)
----------------------------------------
----------------------------------------
Exception occurred during processing of request from ('10.200.2.1', 40768)
----------------------------------------
----------------------------------------
----------------------------------------
Exception occurred during processing of request from ('10.200.2.1', 41074)
----------------------------------------
----------------------------------------
Exception occurred during processing of request from ('10.200.2.1', 40796)
Exception occurred during processing of request from ('10.200.2.1', 40970)
Exception occurred during processing of request from ('10.200.2.1', 41052)
Exception occurred during processing of request from ('10.200.2.1', 40642)
----------------------------------------
----------------------------------------
----------------------------------------
----------------------------------------
----------------------------------------
----------------------------------------
----------------------------------------
Exception occurred during processing of request from ('10.200.2.1', 40778)
Exception occurred during processing of request from ('10.200.2.1', 40944)
Exception occurred during processing of request from ('10.200.2.1', 40836)
Exception occurred during processing of request from ('10.200.2.1', 40726)
Exception occurred during processing of request from ('10.200.2.1', 40978)
Exception occurred during processing of request from ('10.200.2.1', 41066)
Exception occurred during processing of request from ('10.200.2.1', 41042)
Exception occurred during processing of request from ('10.200.2.1', 40960)
----------------------------------------
Exception occurred during processing of request from ('10.200.2.1', 41038)
Exception occurred during processing of request from ('10.200.2.1', 40854)
Exception occurred during processing of request from ('10.200.2.1', 40736)
Exception occurred during processing of request from ('10.200.2.1', 40708)
----------------------------------------
Exception occurred during processing of request from ('10.200.2.1', 40790)
Exception occurred during processing of request from ('10.200.2.1', 40890)
----------------------------------------
Exception occurred during processing of request from ('10.200.2.1', 40746)
----------------------------------------
Exception occurred during processing of request from ('10.200.2.1', 40776)
Exception occurred during processing of request from ('10.200.2.1', 40876)
Exception occurred during processing of request from ('10.200.2.1', 40756)
Exception occurred during processing of request from ('10.200.2.1', 40656)
Exception occurred during processing of request from ('10.200.2.1', 40974)
Exception occurred during processing of request from ('10.200.2.1', 41022)
Exception occurred during processing of request from ('10.200.2.1', 40714)
Exception occurred during processing of request from ('10.200.2.1', 40686)
Exception occurred during processing of request from ('10.200.2.1', 40700)
Exception occurred during processing of request from ('10.200.2.1', 40660)
Exception occurred during processing of request from ('10.200.2.1', 40808)
Exception occurred during processing of request from ('10.200.2.1', 40858)
Exception occurred during processing of request from ('10.200.2.1', 40894)
Exception occurred during processing of request from ('10.200.2.1', 41008)
Exception occurred during processing of request from ('10.200.2.1', 40820)
Exception occurred during processing of request from ('10.200.2.1', 40838)
Traceback (most recent call last):
Traceback (most recent call last):
Traceback (most recent call last):
Traceback (most recent call last):
  File "/usr/lib/python3.10/socketserver.py", line 683, in process_request_thread
    self.finish_request(request, client_address)
Traceback (most recent call last):
  File "/usr/lib/python3.10/socketserver.py", line 683, in process_request_thread
    self.finish_request(request, client_address)
  File "/usr/lib/python3.10/socketserver.py", line 360, in finish_request
    self.RequestHandlerClass(request, client_address, self)
  File "/usr/lib/python3.10/socketserver.py", line 747, in __init__
    self.handle()
Traceback (most recent call last):
Traceback (most recent call last):
Traceback (most recent call last):
Traceback (most recent call last):
Traceback (most recent call last):
Traceback (most recent call last):
Traceback (most recent call last):
Traceback (most recent call last):
Traceback (most recent call last):
Traceback (most recent call last):
Traceback (most recent call last):
  File "/usr/lib/python3.10/socketserver.py", line 683, in process_request_thread
    self.finish_request(request, client_address)
Traceback (most recent call last):
Traceback (most recent call last):
Traceback (most recent call last):
Traceback (most recent call last):
Traceback (most recent call last):
Traceback (most recent call last):
  File "/usr/lib/python3.10/socketserver.py", line 683, in process_request_thread
    self.finish_request(request, client_address)
Traceback (most recent call last):
Traceback (most recent call last):
Traceback (most recent call last):
  File "/usr/lib/python3.10/http/server.py", line 435, in handle
    self.handle_one_request()
Traceback (most recent call last):
  File "/usr/lib/python3.10/socketserver.py", line 683, in process_request_thread
    self.finish_request(request, client_address)
  File "/usr/lib/python3.10/socketserver.py", line 683, in process_request_thread
    self.finish_request(request, client_address)
  File "/usr/lib/python3.10/socketserver.py", line 683, in process_request_thread
    self.finish_request(request, client_address)
  File "/usr/lib/python3.10/socketserver.py", line 360, in finish_request
    self.RequestHandlerClass(request, client_address, self)
  File "/usr/lib/python3.10/socketserver.py", line 683, in process_request_thread
    self.finish_request(request, client_address)
Traceback (most recent call last):
Traceback (most recent call last):
Traceback (most recent call last):
  File "/usr/lib/python3.10/socketserver.py", line 683, in process_request_thread
    self.finish_request(request, client_address)
  File "/usr/lib/python3.10/socketserver.py", line 360, in finish_request
    self.RequestHandlerClass(request, client_address, self)
  File "/usr/lib/python3.10/socketserver.py", line 747, in __init__
    self.handle()
Traceback (most recent call last):
Traceback (most recent call last):
  File "/usr/lib/python3.10/socketserver.py", line 683, in process_request_thread
    self.finish_request(request, client_address)
Traceback (most recent call last):
  File "/usr/lib/python3.10/socketserver.py", line 683, in process_request_thread
    self.finish_request(request, client_address)
  File "/usr/lib/python3.10/socketserver.py", line 360, in finish_request
    self.RequestHandlerClass(request, client_address, self)
Traceback (most recent call last):
  File "/usr/lib/python3.10/socketserver.py", line 683, in process_request_thread
    self.finish_request(request, client_address)
  File "/usr/lib/python3.10/socketserver.py", line 683, in process_request_thread
    self.finish_request(request, client_address)
  File "/usr/lib/python3.10/socketserver.py", line 360, in finish_request
    self.RequestHandlerClass(request, client_address, self)
  File "/usr/lib/python3.10/socketserver.py", line 747, in __init__
    self.handle()
Traceback (most recent call last):
  File "/usr/lib/python3.10/socketserver.py", line 683, in process_request_thread
    self.finish_request(request, client_address)
  File "/usr/lib/python3.10/socketserver.py", line 683, in process_request_thread
    self.finish_request(request, client_address)
  File "/usr/lib/python3.10/http/server.py", line 401, in handle_one_request
    self.raw_requestline = self.rfile.readline(65537)
  File "/usr/lib/python3.10/socketserver.py", line 683, in process_request_thread
    self.finish_request(request, client_address)
  File "/usr/lib/python3.10/socketserver.py", line 360, in finish_request
    self.RequestHandlerClass(request, client_address, self)
  File "/usr/lib/python3.10/socketserver.py", line 360, in finish_request
    self.RequestHandlerClass(request, client_address, self)
Traceback (most recent call last):
Traceback (most recent call last):
  File "/usr/lib/python3.10/socketserver.py", line 360, in finish_request
    self.RequestHandlerClass(request, client_address, self)
  File "/usr/lib/python3.10/socketserver.py", line 683, in process_request_thread
    self.finish_request(request, client_address)
  File "/usr/lib/python3.10/socketserver.py", line 360, in finish_request
    self.RequestHandlerClass(request, client_address, self)
  File "/usr/lib/python3.10/socketserver.py", line 683, in process_request_thread
    self.finish_request(request, client_address)
Traceback (most recent call last):
Traceback (most recent call last):
Traceback (most recent call last):
  File "/usr/lib/python3.10/socketserver.py", line 683, in process_request_thread
    self.finish_request(request, client_address)
  File "/usr/lib/python3.10/socketserver.py", line 360, in finish_request
    self.RequestHandlerClass(request, client_address, self)
  File "/usr/lib/python3.10/socketserver.py", line 360, in finish_request
    self.RequestHandlerClass(request, client_address, self)
  File "/usr/lib/python3.10/socketserver.py", line 747, in __init__
    self.handle()
  File "/usr/lib/python3.10/socketserver.py", line 683, in process_request_thread
    self.finish_request(request, client_address)
Traceback (most recent call last):
  File "/usr/lib/python3.10/socketserver.py", line 360, in finish_request
    self.RequestHandlerClass(request, client_address, self)
  File "/usr/lib/python3.10/socketserver.py", line 747, in __init__
    self.handle()
  File "/usr/lib/python3.10/socketserver.py", line 360, in finish_request
    self.RequestHandlerClass(request, client_address, self)
  File "/usr/lib/python3.10/socketserver.py", line 683, in process_request_thread
    self.finish_request(request, client_address)
  File "/usr/lib/python3.10/socketserver.py", line 360, in finish_request
    self.RequestHandlerClass(request, client_address, self)
  File "/usr/lib/python3.10/socketserver.py", line 683, in process_request_thread
    self.finish_request(request, client_address)
Traceback (most recent call last):
Traceback (most recent call last):
Traceback (most recent call last):
Traceback (most recent call last):
  File "/usr/lib/python3.10/socketserver.py", line 747, in __init__
    self.handle()
  File "/usr/lib/python3.10/socketserver.py", line 683, in process_request_thread
    self.finish_request(request, client_address)
  File "/usr/lib/python3.10/socketserver.py", line 683, in process_request_thread
    self.finish_request(request, client_address)
  File "/usr/lib/python3.10/socketserver.py", line 360, in finish_request
    self.RequestHandlerClass(request, client_address, self)
  File "/usr/lib/python3.10/socketserver.py", line 747, in __init__
    self.handle()
  File "/usr/lib/python3.10/socketserver.py", line 747, in __init__
    self.handle()
  File "/usr/lib/python3.10/socketserver.py", line 683, in process_request_thread
    self.finish_request(request, client_address)
  File "/usr/lib/python3.10/socketserver.py", line 683, in process_request_thread
    self.finish_request(request, client_address)
  File "/usr/lib/python3.10/socketserver.py", line 683, in process_request_thread
    self.finish_request(request, client_address)
  File "/usr/lib/python3.10/socketserver.py", line 683, in process_request_thread
    self.finish_request(request, client_address)
  File "/usr/lib/python3.10/socketserver.py", line 360, in finish_request
    self.RequestHandlerClass(request, client_address, self)
  File "/usr/lib/python3.10/socketserver.py", line 683, in process_request_thread
    self.finish_request(request, client_address)
  File "/usr/lib/python3.10/socketserver.py", line 683, in process_request_thread
    self.finish_request(request, client_address)
  File "/usr/lib/python3.10/socketserver.py", line 683, in process_request_thread
    self.finish_request(request, client_address)
Traceback (most recent call last):
Traceback (most recent call last):
  File "/usr/lib/python3.10/socketserver.py", line 360, in finish_request
    self.RequestHandlerClass(request, client_address, self)
  File "/usr/lib/python3.10/socketserver.py", line 747, in __init__
    self.handle()
  File "/usr/lib/python3.10/http/server.py", line 435, in handle
    self.handle_one_request()
  File "/usr/lib/python3.10/socketserver.py", line 747, in __init__
    self.handle()
  File "/usr/lib/python3.10/socketserver.py", line 360, in finish_request
    self.RequestHandlerClass(request, client_address, self)
  File "/usr/lib/python3.10/socketserver.py", line 360, in finish_request
    self.RequestHandlerClass(request, client_address, self)
  File "/usr/lib/python3.10/socketserver.py", line 747, in __init__
    self.handle()
  File "/usr/lib/python3.10/socket.py", line 705, in readinto
    return self._sock.recv_into(b)
  File "/usr/lib/python3.10/socketserver.py", line 683, in process_request_thread
    self.finish_request(request, client_address)
  File "/usr/lib/python3.10/socketserver.py", line 683, in process_request_thread
    self.finish_request(request, client_address)
  File "/usr/lib/python3.10/http/server.py", line 435, in handle
    self.handle_one_request()
  File "/usr/lib/python3.10/socketserver.py", line 360, in finish_request
    self.RequestHandlerClass(request, client_address, self)
  File "/usr/lib/python3.10/socketserver.py", line 747, in __init__
    self.handle()
  File "/usr/lib/python3.10/http/server.py", line 435, in handle
    self.handle_one_request()
  File "/usr/lib/python3.10/http/server.py", line 435, in handle
    self.handle_one_request()
  File "/usr/lib/python3.10/http/server.py", line 435, in handle
    self.handle_one_request()
  File "/usr/lib/python3.10/http/server.py", line 401, in handle_one_request
    self.raw_requestline = self.rfile.readline(65537)
  File "/usr/lib/python3.10/socketserver.py", line 360, in finish_request
    self.RequestHandlerClass(request, client_address, self)
Traceback (most recent call last):
  File "/usr/lib/python3.10/socketserver.py", line 683, in process_request_thread
    self.finish_request(request, client_address)
  File "/usr/lib/python3.10/socketserver.py", line 683, in process_request_thread
    self.finish_request(request, client_address)
  File "/usr/lib/python3.10/http/server.py", line 435, in handle
    self.handle_one_request()
  File "/usr/lib/python3.10/http/server.py", line 401, in handle_one_request
    self.raw_requestline = self.rfile.readline(65537)
  File "/usr/lib/python3.10/socketserver.py", line 360, in finish_request
    self.RequestHandlerClass(request, client_address, self)
  File "/usr/lib/python3.10/socketserver.py", line 360, in finish_request
    self.RequestHandlerClass(request, client_address, self)
  File "/usr/lib/python3.10/socketserver.py", line 683, in process_request_thread
    self.finish_request(request, client_address)
  File "/usr/lib/python3.10/socketserver.py", line 683, in process_request_thread
    self.finish_request(request, client_address)
  File "/usr/lib/python3.10/socketserver.py", line 360, in finish_request
    self.RequestHandlerClass(request, client_address, self)
  File "/usr/lib/python3.10/socketserver.py", line 747, in __init__
    self.handle()
  File "/usr/lib/python3.10/socketserver.py", line 683, in process_request_thread
    self.finish_request(request, client_address)
  File "/usr/lib/python3.10/socketserver.py", line 683, in process_request_thread
    self.finish_request(request, client_address)
  File "/usr/lib/python3.10/socketserver.py", line 360, in finish_request
    self.RequestHandlerClass(request, client_address, self)
  File "/usr/lib/python3.10/socketserver.py", line 747, in __init__
    self.handle()
  File "/usr/lib/python3.10/http/server.py", line 435, in handle
    self.handle_one_request()
  File "/usr/lib/python3.10/http/server.py", line 401, in handle_one_request
    self.raw_requestline = self.rfile.readline(65537)
  File "/usr/lib/python3.10/socketserver.py", line 683, in process_request_thread
    self.finish_request(request, client_address)
  File "/usr/lib/python3.10/socketserver.py", line 360, in finish_request
    self.RequestHandlerClass(request, client_address, self)
  File "/usr/lib/python3.10/socketserver.py", line 747, in __init__
    self.handle()
  File "/usr/lib/python3.10/http/server.py", line 435, in handle
    self.handle_one_request()
  File "/usr/lib/python3.10/socketserver.py", line 683, in process_request_thread
    self.finish_request(request, client_address)
  File "/usr/lib/python3.10/socketserver.py", line 360, in finish_request
    self.RequestHandlerClass(request, client_address, self)
  File "/usr/lib/python3.10/socketserver.py", line 360, in finish_request
    self.RequestHandlerClass(request, client_address, self)
  File "/usr/lib/python3.10/socketserver.py", line 747, in __init__
    self.handle()
  File "/usr/lib/python3.10/socketserver.py", line 360, in finish_request
    self.RequestHandlerClass(request, client_address, self)
  File "/usr/lib/python3.10/socketserver.py", line 747, in __init__
    self.handle()
  File "/usr/lib/python3.10/socketserver.py", line 360, in finish_request
    self.RequestHandlerClass(request, client_address, self)
  File "/usr/lib/python3.10/socketserver.py", line 747, in __init__
    self.handle()
  File "/usr/lib/python3.10/http/server.py", line 435, in handle
    self.handle_one_request()
  File "/usr/lib/python3.10/socketserver.py", line 360, in finish_request
    self.RequestHandlerClass(request, client_address, self)
  File "/usr/lib/python3.10/socketserver.py", line 683, in process_request_thread
    self.finish_request(request, client_address)
  File "/usr/lib/python3.10/socketserver.py", line 360, in finish_request
    self.RequestHandlerClass(request, client_address, self)
  File "/usr/lib/python3.10/socketserver.py", line 747, in __init__
    self.handle()
Traceback (most recent call last):
  File "/usr/lib/python3.10/socketserver.py", line 747, in __init__
    self.handle()
  File "/usr/lib/python3.10/http/server.py", line 435, in handle
    self.handle_one_request()
  File "/usr/lib/python3.10/http/server.py", line 401, in handle_one_request
    self.raw_requestline = self.rfile.readline(65537)
  File "/usr/lib/python3.10/socketserver.py", line 360, in finish_request
    self.RequestHandlerClass(request, client_address, self)
  File "/usr/lib/python3.10/http/server.py", line 435, in handle
    self.handle_one_request()
  File "/usr/lib/python3.10/socketserver.py", line 747, in __init__
    self.handle()
  File "/usr/lib/python3.10/http/server.py", line 435, in handle
    self.handle_one_request()
  File "/usr/lib/python3.10/http/server.py", line 401, in handle_one_request
    self.raw_requestline = self.rfile.readline(65537)
  File "/usr/lib/python3.10/socketserver.py", line 747, in __init__
    self.handle()
  File "/usr/lib/python3.10/http/server.py", line 435, in handle
    self.handle_one_request()
  File "/usr/lib/python3.10/socketserver.py", line 683, in process_request_thread
    self.finish_request(request, client_address)
  File "/usr/lib/python3.10/http/server.py", line 401, in handle_one_request
    self.raw_requestline = self.rfile.readline(65537)
  File "/usr/lib/python3.10/socket.py", line 705, in readinto
    return self._sock.recv_into(b)
  File "/usr/lib/python3.10/socketserver.py", line 360, in finish_request
    self.RequestHandlerClass(request, client_address, self)
  File "/usr/lib/python3.10/socket.py", line 705, in readinto
    return self._sock.recv_into(b)
  File "/usr/lib/python3.10/socketserver.py", line 683, in process_request_thread
    self.finish_request(request, client_address)
  File "/usr/lib/python3.10/http/server.py", line 435, in handle
    self.handle_one_request()
  File "/usr/lib/python3.10/socketserver.py", line 747, in __init__
    self.handle()
  File "/usr/lib/python3.10/socketserver.py", line 747, in __init__
    self.handle()
  File "/usr/lib/python3.10/socketserver.py", line 747, in __init__
    self.handle()
  File "/usr/lib/python3.10/socketserver.py", line 360, in finish_request
    self.RequestHandlerClass(request, client_address, self)
  File "/usr/lib/python3.10/socketserver.py", line 747, in __init__
    self.handle()
  File "/usr/lib/python3.10/socketserver.py", line 683, in process_request_thread
    self.finish_request(request, client_address)
  File "/usr/lib/python3.10/http/server.py", line 401, in handle_one_request
    self.raw_requestline = self.rfile.readline(65537)
  File "/usr/lib/python3.10/socket.py", line 705, in readinto
    return self._sock.recv_into(b)
  File "/usr/lib/python3.10/socketserver.py", line 747, in __init__
    self.handle()
ConnectionResetError: [Errno 104] Connection reset by peer
  File "/usr/lib/python3.10/socketserver.py", line 360, in finish_request
    self.RequestHandlerClass(request, client_address, self)
  File "/usr/lib/python3.10/socketserver.py", line 747, in __init__
    self.handle()
  File "/usr/lib/python3.10/http/server.py", line 435, in handle
    self.handle_one_request()
  File "/usr/lib/python3.10/socketserver.py", line 683, in process_request_thread
    self.finish_request(request, client_address)
  File "/usr/lib/python3.10/socketserver.py", line 747, in __init__
    self.handle()
  File "/usr/lib/python3.10/socket.py", line 705, in readinto
    return self._sock.recv_into(b)
  File "/usr/lib/python3.10/http/server.py", line 435, in handle
    self.handle_one_request()
  File "/usr/lib/python3.10/socketserver.py", line 360, in finish_request
    self.RequestHandlerClass(request, client_address, self)
  File "/usr/lib/python3.10/http/server.py", line 401, in handle_one_request
    self.raw_requestline = self.rfile.readline(65537)
  File "/usr/lib/python3.10/socketserver.py", line 747, in __init__
    self.handle()
  File "/usr/lib/python3.10/socketserver.py", line 747, in __init__
    self.handle()
  File "/usr/lib/python3.10/socketserver.py", line 747, in __init__
    self.handle()
  File "/usr/lib/python3.10/socketserver.py", line 360, in finish_request
    self.RequestHandlerClass(request, client_address, self)
  File "/usr/lib/python3.10/socketserver.py", line 747, in __init__
    self.handle()
  File "/usr/lib/python3.10/http/server.py", line 435, in handle
    self.handle_one_request()
  File "/usr/lib/python3.10/http/server.py", line 401, in handle_one_request
    self.raw_requestline = self.rfile.readline(65537)
  File "/usr/lib/python3.10/http/server.py", line 401, in handle_one_request
    self.raw_requestline = self.rfile.readline(65537)
  File "/usr/lib/python3.10/http/server.py", line 435, in handle
    self.handle_one_request()
  File "/usr/lib/python3.10/http/server.py", line 435, in handle
    self.handle_one_request()
  File "/usr/lib/python3.10/http/server.py", line 401, in handle_one_request
    self.raw_requestline = self.rfile.readline(65537)
  File "/usr/lib/python3.10/socket.py", line 705, in readinto
    return self._sock.recv_into(b)
  File "/usr/lib/python3.10/socketserver.py", line 360, in finish_request
    self.RequestHandlerClass(request, client_address, self)
  File "/usr/lib/python3.10/socketserver.py", line 747, in __init__
    self.handle()
  File "/usr/lib/python3.10/http/server.py", line 401, in handle_one_request
    self.raw_requestline = self.rfile.readline(65537)
  File "/usr/lib/python3.10/http/server.py", line 401, in handle_one_request
    self.raw_requestline = self.rfile.readline(65537)
  File "/usr/lib/python3.10/socket.py", line 705, in readinto
    return self._sock.recv_into(b)
  File "/usr/lib/python3.10/socketserver.py", line 683, in process_request_thread
    self.finish_request(request, client_address)
  File "/usr/lib/python3.10/http/server.py", line 435, in handle
    self.handle_one_request()
  File "/usr/lib/python3.10/http/server.py", line 401, in handle_one_request
    self.raw_requestline = self.rfile.readline(65537)
  File "/usr/lib/python3.10/socketserver.py", line 360, in finish_request
    self.RequestHandlerClass(request, client_address, self)
  File "/usr/lib/python3.10/socketserver.py", line 747, in __init__
    self.handle()
  File "/usr/lib/python3.10/socket.py", line 705, in readinto
    return self._sock.recv_into(b)
  File "/usr/lib/python3.10/http/server.py", line 435, in handle
    self.handle_one_request()
  File "/usr/lib/python3.10/http/server.py", line 435, in handle
    self.handle_one_request()
  File "/usr/lib/python3.10/http/server.py", line 401, in handle_one_request
    self.raw_requestline = self.rfile.readline(65537)
  File "/usr/lib/python3.10/http/server.py", line 435, in handle
    self.handle_one_request()
  File "/usr/lib/python3.10/http/server.py", line 401, in handle_one_request
    self.raw_requestline = self.rfile.readline(65537)
  File "/usr/lib/python3.10/socketserver.py", line 747, in __init__
    self.handle()
  File "/usr/lib/python3.10/http/server.py", line 435, in handle
    self.handle_one_request()
  File "/usr/lib/python3.10/http/server.py", line 435, in handle
    self.handle_one_request()
  File "/usr/lib/python3.10/http/server.py", line 401, in handle_one_request
    self.raw_requestline = self.rfile.readline(65537)
  File "/usr/lib/python3.10/http/server.py", line 435, in handle
    self.handle_one_request()
  File "/usr/lib/python3.10/http/server.py", line 401, in handle_one_request
    self.raw_requestline = self.rfile.readline(65537)
  File "/usr/lib/python3.10/socketserver.py", line 360, in finish_request
    self.RequestHandlerClass(request, client_address, self)
  File "/usr/lib/python3.10/http/server.py", line 435, in handle
    self.handle_one_request()
ConnectionResetError: [Errno 104] Connection reset by peer
  File "/usr/lib/python3.10/socketserver.py", line 747, in __init__
    self.handle()
  File "/usr/lib/python3.10/http/server.py", line 435, in handle
    self.handle_one_request()
  File "/usr/lib/python3.10/http/server.py", line 435, in handle
    self.handle_one_request()
  File "/usr/lib/python3.10/socketserver.py", line 360, in finish_request
    self.RequestHandlerClass(request, client_address, self)
  File "/usr/lib/python3.10/socketserver.py", line 360, in finish_request
    self.RequestHandlerClass(request, client_address, self)
ConnectionResetError: [Errno 104] Connection reset by peer
ConnectionResetError: [Errno 104] Connection reset by peer
  File "/usr/lib/python3.10/http/server.py", line 401, in handle_one_request
    self.raw_requestline = self.rfile.readline(65537)
  File "/usr/lib/python3.10/socketserver.py", line 360, in finish_request
    self.RequestHandlerClass(request, client_address, self)
ConnectionResetError: [Errno 104] Connection reset by peer
  File "/usr/lib/python3.10/socketserver.py", line 747, in __init__
    self.handle()
  File "/usr/lib/python3.10/http/server.py", line 435, in handle
    self.handle_one_request()
  File "/usr/lib/python3.10/http/server.py", line 401, in handle_one_request
    self.raw_requestline = self.rfile.readline(65537)
  File "/usr/lib/python3.10/socket.py", line 705, in readinto
    return self._sock.recv_into(b)
  File "/usr/lib/python3.10/http/server.py", line 401, in handle_one_request
    self.raw_requestline = self.rfile.readline(65537)
  File "/usr/lib/python3.10/socket.py", line 705, in readinto
    return self._sock.recv_into(b)
  File "/usr/lib/python3.10/http/server.py", line 401, in handle_one_request
    self.raw_requestline = self.rfile.readline(65537)
  File "/usr/lib/python3.10/socket.py", line 705, in readinto
    return self._sock.recv_into(b)
  File "/usr/lib/python3.10/socket.py", line 705, in readinto
    return self._sock.recv_into(b)
  File "/usr/lib/python3.10/socket.py", line 705, in readinto
    return self._sock.recv_into(b)
ConnectionResetError: [Errno 104] Connection reset by peer
  File "/usr/lib/python3.10/http/server.py", line 435, in handle
    self.handle_one_request()
  File "/usr/lib/python3.10/http/server.py", line 401, in handle_one_request
    self.raw_requestline = self.rfile.readline(65537)
----------------------------------------
  File "/usr/lib/python3.10/socket.py", line 705, in readinto
    return self._sock.recv_into(b)
  File "/usr/lib/python3.10/socket.py", line 705, in readinto
    return self._sock.recv_into(b)
  File "/usr/lib/python3.10/socketserver.py", line 360, in finish_request
    self.RequestHandlerClass(request, client_address, self)
  File "/usr/lib/python3.10/socketserver.py", line 747, in __init__
    self.handle()
----------------------------------------
----------------------------------------
  File "/usr/lib/python3.10/socket.py", line 705, in readinto
    return self._sock.recv_into(b)
  File "/usr/lib/python3.10/socketserver.py", line 747, in __init__
    self.handle()
  File "/usr/lib/python3.10/socketserver.py", line 747, in __init__
    self.handle()
  File "/usr/lib/python3.10/http/server.py", line 435, in handle
    self.handle_one_request()
----------------------------------------
ConnectionResetError: [Errno 104] Connection reset by peer
  File "/usr/lib/python3.10/socket.py", line 705, in readinto
    return self._sock.recv_into(b)
  File "/usr/lib/python3.10/http/server.py", line 435, in handle
    self.handle_one_request()
  File "/usr/lib/python3.10/socket.py", line 705, in readinto
    return self._sock.recv_into(b)
  File "/usr/lib/python3.10/socket.py", line 705, in readinto
    return self._sock.recv_into(b)
ConnectionResetError: [Errno 104] Connection reset by peer
  File "/usr/lib/python3.10/http/server.py", line 435, in handle
    self.handle_one_request()
ConnectionResetError: [Errno 104] Connection reset by peer
----------------------------------------
  File "/usr/lib/python3.10/socketserver.py", line 747, in __init__
    self.handle()
----------------------------------------
  File "/usr/lib/python3.10/http/server.py", line 401, in handle_one_request
    self.raw_requestline = self.rfile.readline(65537)
ConnectionResetError: [Errno 104] Connection reset by peer
  File "/usr/lib/python3.10/http/server.py", line 435, in handle
    self.handle_one_request()
  File "/usr/lib/python3.10/socketserver.py", line 747, in __init__
    self.handle()
  File "/usr/lib/python3.10/http/server.py", line 435, in handle
    self.handle_one_request()
  File "/usr/lib/python3.10/socket.py", line 705, in readinto
    return self._sock.recv_into(b)
  File "/usr/lib/python3.10/http/server.py", line 435, in handle
    self.handle_one_request()
  File "/usr/lib/python3.10/http/server.py", line 401, in handle_one_request
    self.raw_requestline = self.rfile.readline(65537)
  File "/usr/lib/python3.10/http/server.py", line 401, in handle_one_request
    self.raw_requestline = self.rfile.readline(65537)
----------------------------------------
ConnectionResetError: [Errno 104] Connection reset by peer
  File "/usr/lib/python3.10/http/server.py", line 401, in handle_one_request
    self.raw_requestline = self.rfile.readline(65537)
ConnectionResetError: [Errno 104] Connection reset by peer
ConnectionResetError: [Errno 104] Connection reset by peer
----------------------------------------
  File "/usr/lib/python3.10/http/server.py", line 401, in handle_one_request
    self.raw_requestline = self.rfile.readline(65537)
  File "/usr/lib/python3.10/http/server.py", line 435, in handle
    self.handle_one_request()
ConnectionResetError: [Errno 104] Connection reset by peer
  File "/usr/lib/python3.10/http/server.py", line 401, in handle_one_request
    self.raw_requestline = self.rfile.readline(65537)
----------------------------------------
  File "/usr/lib/python3.10/socket.py", line 705, in readinto
    return self._sock.recv_into(b)
  File "/usr/lib/python3.10/socket.py", line 705, in readinto
    return self._sock.recv_into(b)
----------------------------------------
  File "/usr/lib/python3.10/socketserver.py", line 360, in finish_request
    self.RequestHandlerClass(request, client_address, self)
  File "/usr/lib/python3.10/http/server.py", line 401, in handle_one_request
    self.raw_requestline = self.rfile.readline(65537)
ConnectionResetError: [Errno 104] Connection reset by peer
  File "/usr/lib/python3.10/http/server.py", line 435, in handle
    self.handle_one_request()
ConnectionResetError: [Errno 104] Connection reset by peer
  File "/usr/lib/python3.10/http/server.py", line 401, in handle_one_request
    self.raw_requestline = self.rfile.readline(65537)
  File "/usr/lib/python3.10/socket.py", line 705, in readinto
    return self._sock.recv_into(b)
  File "/usr/lib/python3.10/http/server.py", line 435, in handle
    self.handle_one_request()
ConnectionResetError: [Errno 104] Connection reset by peer
  File "/usr/lib/python3.10/http/server.py", line 435, in handle
    self.handle_one_request()
----------------------------------------
  File "/usr/lib/python3.10/socketserver.py", line 683, in process_request_thread
    self.finish_request(request, client_address)
  File "/usr/lib/python3.10/http/server.py", line 401, in handle_one_request
    self.raw_requestline = self.rfile.readline(65537)
  File "/usr/lib/python3.10/socket.py", line 705, in readinto
    return self._sock.recv_into(b)
----------------------------------------
  File "/usr/lib/python3.10/http/server.py", line 435, in handle
    self.handle_one_request()
  File "/usr/lib/python3.10/http/server.py", line 401, in handle_one_request
    self.raw_requestline = self.rfile.readline(65537)
ConnectionResetError: [Errno 104] Connection reset by peer
  File "/usr/lib/python3.10/socketserver.py", line 747, in __init__
    self.handle()
  File "/usr/lib/python3.10/socketserver.py", line 747, in __init__
    self.handle()
  File "/usr/lib/python3.10/socket.py", line 705, in readinto
    return self._sock.recv_into(b)
----------------------------------------
  File "/usr/lib/python3.10/http/server.py", line 401, in handle_one_request
    self.raw_requestline = self.rfile.readline(65537)
  File "/usr/lib/python3.10/socket.py", line 705, in readinto
    return self._sock.recv_into(b)
  File "/usr/lib/python3.10/socketserver.py", line 360, in finish_request
    self.RequestHandlerClass(request, client_address, self)
  File "/usr/lib/python3.10/socket.py", line 705, in readinto
    return self._sock.recv_into(b)
  File "/usr/lib/python3.10/socket.py", line 705, in readinto
    return self._sock.recv_into(b)
  File "/usr/lib/python3.10/http/server.py", line 401, in handle_one_request
    self.raw_requestline = self.rfile.readline(65537)
----------------------------------------
  File "/usr/lib/python3.10/http/server.py", line 401, in handle_one_request
    self.raw_requestline = self.rfile.readline(65537)
  File "/usr/lib/python3.10/socket.py", line 705, in readinto
    return self._sock.recv_into(b)
ConnectionResetError: [Errno 104] Connection reset by peer
  File "/usr/lib/python3.10/socket.py", line 705, in readinto
    return self._sock.recv_into(b)
  File "/usr/lib/python3.10/http/server.py", line 401, in handle_one_request
    self.raw_requestline = self.rfile.readline(65537)
  File "/usr/lib/python3.10/socket.py", line 705, in readinto
    return self._sock.recv_into(b)
ConnectionResetError: [Errno 104] Connection reset by peer
----------------------------------------
  File "/usr/lib/python3.10/http/server.py", line 435, in handle
    self.handle_one_request()
  File "/usr/lib/python3.10/http/server.py", line 435, in handle
    self.handle_one_request()
ConnectionResetError: [Errno 104] Connection reset by peer
  File "/usr/lib/python3.10/socket.py", line 705, in readinto
    return self._sock.recv_into(b)
ConnectionResetError: [Errno 104] Connection reset by peer
ConnectionResetError: [Errno 104] Connection reset by peer
ConnectionResetError: [Errno 104] Connection reset by peer
  File "/usr/lib/python3.10/socket.py", line 705, in readinto
    return self._sock.recv_into(b)
  File "/usr/lib/python3.10/socketserver.py", line 747, in __init__
    self.handle()
  File "/usr/lib/python3.10/socket.py", line 705, in readinto
    return self._sock.recv_into(b)
ConnectionResetError: [Errno 104] Connection reset by peer
----------------------------------------
ConnectionResetError: [Errno 104] Connection reset by peer
----------------------------------------
ConnectionResetError: [Errno 104] Connection reset by peer
  File "/usr/lib/python3.10/http/server.py", line 401, in handle_one_request
    self.raw_requestline = self.rfile.readline(65537)
  File "/usr/lib/python3.10/http/server.py", line 401, in handle_one_request
    self.raw_requestline = self.rfile.readline(65537)
ConnectionResetError: [Errno 104] Connection reset by peer
----------------------------------------
ConnectionResetError: [Errno 104] Connection reset by peer
ConnectionResetError: [Errno 104] Connection reset by peer
----------------------------------------
----------------------------------------
----------------------------------------
ConnectionResetError: [Errno 104] Connection reset by peer
  File "/usr/lib/python3.10/http/server.py", line 435, in handle
    self.handle_one_request()
ConnectionResetError: [Errno 104] Connection reset by peer
----------------------------------------
  File "/usr/lib/python3.10/http/server.py", line 401, in handle_one_request
    self.raw_requestline = self.rfile.readline(65537)
----------------------------------------
  File "/usr/lib/python3.10/socket.py", line 705, in readinto
    return self._sock.recv_into(b)
  File "/usr/lib/python3.10/http/server.py", line 401, in handle_one_request
    self.raw_requestline = self.rfile.readline(65537)
  File "/usr/lib/python3.10/http/server.py", line 401, in handle_one_request
    self.raw_requestline = self.rfile.readline(65537)
----------------------------------------
----------------------------------------
----------------------------------------
  File "/usr/lib/python3.10/socket.py", line 705, in readinto
    return self._sock.recv_into(b)
  File "/usr/lib/python3.10/socket.py", line 705, in readinto
    return self._sock.recv_into(b)
  File "/usr/lib/python3.10/socketserver.py", line 360, in finish_request
    self.RequestHandlerClass(request, client_address, self)
  File "/usr/lib/python3.10/socket.py", line 705, in readinto
    return self._sock.recv_into(b)
ConnectionResetError: [Errno 104] Connection reset by peer
  File "/usr/lib/python3.10/socket.py", line 705, in readinto
    return self._sock.recv_into(b)
----------------------------------------
ConnectionResetError: [Errno 104] Connection reset by peer
  File "/usr/lib/python3.10/socket.py", line 705, in readinto
    return self._sock.recv_into(b)
  File "/usr/lib/python3.10/socket.py", line 705, in readinto
    return self._sock.recv_into(b)
  File "/usr/lib/python3.10/http/server.py", line 401, in handle_one_request
    self.raw_requestline = self.rfile.readline(65537)
----------------------------------------
----------------------------------------
  File "/usr/lib/python3.10/http/server.py", line 401, in handle_one_request
    self.raw_requestline = self.rfile.readline(65537)
----------------------------------------
  File "/usr/lib/python3.10/socket.py", line 705, in readinto
    return self._sock.recv_into(b)
ConnectionResetError: [Errno 104] Connection reset by peer
  File "/usr/lib/python3.10/http/server.py", line 401, in handle_one_request
    self.raw_requestline = self.rfile.readline(65537)
  File "/usr/lib/python3.10/socket.py", line 705, in readinto
    return self._sock.recv_into(b)
----------------------------------------
----------------------------------------
ConnectionResetError: [Errno 104] Connection reset by peer
  File "/usr/lib/python3.10/socket.py", line 705, in readinto
    return self._sock.recv_into(b)
ConnectionResetError: [Errno 104] Connection reset by peer
  File "/usr/lib/python3.10/socket.py", line 705, in readinto
    return self._sock.recv_into(b)
----------------------------------------
ConnectionResetError: [Errno 104] Connection reset by peer
  File "/usr/lib/python3.10/socket.py", line 705, in readinto
    return self._sock.recv_into(b)
ConnectionResetError: [Errno 104] Connection reset by peer
----------------------------------------
ConnectionResetError: [Errno 104] Connection reset by peer
  File "/usr/lib/python3.10/socketserver.py", line 747, in __init__
    self.handle()
ConnectionResetError: [Errno 104] Connection reset by peer
ConnectionResetError: [Errno 104] Connection reset by peer
----------------------------------------
ConnectionResetError: [Errno 104] Connection reset by peer
----------------------------------------
ConnectionResetError: [Errno 104] Connection reset by peer
----------------------------------------
ConnectionResetError: [Errno 104] Connection reset by peer
----------------------------------------
----------------------------------------
----------------------------------------
----------------------------------------
----------------------------------------
----------------------------------------
  File "/usr/lib/python3.10/http/server.py", line 435, in handle
    self.handle_one_request()
----------------------------------------
ConnectionResetError: [Errno 104] Connection reset by peer
----------------------------------------
----------------------------------------
  File "/usr/lib/python3.10/socketserver.py", line 747, in __init__
    self.handle()
  File "/usr/lib/python3.10/http/server.py", line 435, in handle
    self.handle_one_request()
  File "/usr/lib/python3.10/http/server.py", line 401, in handle_one_request
    self.raw_requestline = self.rfile.readline(65537)
  File "/usr/lib/python3.10/socket.py", line 705, in readinto
    return self._sock.recv_into(b)
ConnectionResetError: [Errno 104] Connection reset by peer
----------------------------------------
  File "/usr/lib/python3.10/http/server.py", line 401, in handle_one_request
    self.raw_requestline = self.rfile.readline(65537)
  File "/usr/lib/python3.10/socket.py", line 705, in readinto
    return self._sock.recv_into(b)
ConnectionResetError: [Errno 104] Connection reset by peer
----------------------------------------
----------------------------------------
----------------------------------------
----------------------------------------
----------------------------------------
----------------------------------------
----------------------------------------
----------------------------------------
----------------------------------------
----------------------------------------
----------------------------------------
----------------------------------------
----------------------------------------
Exception occurred during processing of request from ('10.200.2.1', 32894)
----------------------------------------
----------------------------------------
----------------------------------------
----------------------------------------
----------------------------------------
----------------------------------------
----------------------------------------
----------------------------------------
----------------------------------------
----------------------------------------
----------------------------------------
Exception occurred during processing of request from ('10.200.2.1', 33122)
----------------------------------------
----------------------------------------
Exception occurred during processing of request from ('10.200.2.1', 33074)
Exception occurred during processing of request from ('10.200.2.1', 33172)
Exception occurred during processing of request from ('10.200.2.1', 32832)
----------------------------------------
Exception occurred during processing of request from ('10.200.2.1', 32962)
Exception occurred during processing of request from ('10.200.2.1', 33052)
Exception occurred during processing of request from ('10.200.2.1', 33062)
Exception occurred during processing of request from ('10.200.2.1', 33192)
Exception occurred during processing of request from ('10.200.2.1', 32952)
Exception occurred during processing of request from ('10.200.2.1', 32982)
----------------------------------------
----------------------------------------
----------------------------------------
----------------------------------------
----------------------------------------
----------------------------------------
----------------------------------------
----------------------------------------
----------------------------------------
----------------------------------------
----------------------------------------
----------------------------------------
Exception occurred during processing of request from ('10.200.2.1', 33104)
Exception occurred during processing of request from ('10.200.2.1', 32862)
----------------------------------------
----------------------------------------
----------------------------------------
----------------------------------------
----------------------------------------
----------------------------------------
Exception occurred during processing of request from ('10.200.2.1', 33182)
Exception occurred during processing of request from ('10.200.2.1', 32990)
Exception occurred during processing of request from ('10.200.2.1', 32968)
Exception occurred during processing of request from ('10.200.2.1', 32910)
Exception occurred during processing of request from ('10.200.2.1', 32840)
Exception occurred during processing of request from ('10.200.2.1', 33190)
Exception occurred during processing of request from ('10.200.2.1', 60600)
Exception occurred during processing of request from ('10.200.2.1', 33006)
Exception occurred during processing of request from ('10.200.2.1', 33044)
Exception occurred during processing of request from ('10.200.2.1', 32986)
Exception occurred during processing of request from ('10.200.2.1', 33170)
----------------------------------------
Exception occurred during processing of request from ('10.200.2.1', 33064)
Exception occurred during processing of request from ('10.200.2.1', 33130)
----------------------------------------
----------------------------------------
----------------------------------------
Exception occurred during processing of request from ('10.200.2.1', 32848)
Exception occurred during processing of request from ('10.200.2.1', 33160)
Exception occurred during processing of request from ('10.200.2.1', 32856)
Exception occurred during processing of request from ('10.200.2.1', 32948)
Exception occurred during processing of request from ('10.200.2.1', 33000)
Exception occurred during processing of request from ('10.200.2.1', 32836)
Exception occurred during processing of request from ('10.200.2.1', 33022)
Exception occurred during processing of request from ('10.200.2.1', 33030)
Exception occurred during processing of request from ('10.200.2.1', 33116)
Exception occurred during processing of request from ('10.200.2.1', 32886)
Exception occurred during processing of request from ('10.200.2.1', 33188)
Exception occurred during processing of request from ('10.200.2.1', 32944)
Exception occurred during processing of request from ('10.200.2.1', 32928)
Exception occurred during processing of request from ('10.200.2.1', 32924)
Exception occurred during processing of request from ('10.200.2.1', 33092)
Exception occurred during processing of request from ('10.200.2.1', 32920)
Exception occurred during processing of request from ('10.200.2.1', 33086)
Exception occurred during processing of request from ('10.200.2.1', 32850)
Exception occurred during processing of request from ('10.200.2.1', 33146)
Exception occurred during processing of request from ('10.200.2.1', 32940)
Exception occurred during processing of request from ('10.200.2.1', 33164)
----------------------------------------
Exception occurred during processing of request from ('10.200.2.1', 33024)
Exception occurred during processing of request from ('10.200.2.1', 32852)
Traceback (most recent call last):
Traceback (most recent call last):
Traceback (most recent call last):
Traceback (most recent call last):
Traceback (most recent call last):
Traceback (most recent call last):
Traceback (most recent call last):
Traceback (most recent call last):
Traceback (most recent call last):
Traceback (most recent call last):
  File "/usr/lib/python3.10/socketserver.py", line 683, in process_request_thread
    self.finish_request(request, client_address)
Traceback (most recent call last):
Traceback (most recent call last):
Traceback (most recent call last):
Traceback (most recent call last):
Traceback (most recent call last):
Traceback (most recent call last):
Traceback (most recent call last):
Traceback (most recent call last):
Traceback (most recent call last):
Traceback (most recent call last):
Traceback (most recent call last):
Traceback (most recent call last):
Traceback (most recent call last):
Traceback (most recent call last):
Traceback (most recent call last):
Traceback (most recent call last):
  File "/usr/lib/python3.10/socketserver.py", line 683, in process_request_thread
    self.finish_request(request, client_address)
  File "/usr/lib/python3.10/socketserver.py", line 360, in finish_request
    self.RequestHandlerClass(request, client_address, self)
  File "/usr/lib/python3.10/socketserver.py", line 683, in process_request_thread
    self.finish_request(request, client_address)
Traceback (most recent call last):
Traceback (most recent call last):
Traceback (most recent call last):
Traceback (most recent call last):
Traceback (most recent call last):
Traceback (most recent call last):
Traceback (most recent call last):
Traceback (most recent call last):
Traceback (most recent call last):
Traceback (most recent call last):
Traceback (most recent call last):
Traceback (most recent call last):
  File "/usr/lib/python3.10/socketserver.py", line 683, in process_request_thread
    self.finish_request(request, client_address)
  File "/usr/lib/python3.10/socketserver.py", line 683, in process_request_thread
    self.finish_request(request, client_address)
Traceback (most recent call last):
Traceback (most recent call last):
Traceback (most recent call last):
Traceback (most recent call last):
Traceback (most recent call last):
  File "/usr/lib/python3.10/socketserver.py", line 683, in process_request_thread
    self.finish_request(request, client_address)
Traceback (most recent call last):
Traceback (most recent call last):
Traceback (most recent call last):
Traceback (most recent call last):
  File "/usr/lib/python3.10/socketserver.py", line 360, in finish_request
    self.RequestHandlerClass(request, client_address, self)
  File "/usr/lib/python3.10/socketserver.py", line 683, in process_request_thread
    self.finish_request(request, client_address)
  File "/usr/lib/python3.10/socketserver.py", line 360, in finish_request
    self.RequestHandlerClass(request, client_address, self)
  File "/usr/lib/python3.10/socketserver.py", line 683, in process_request_thread
    self.finish_request(request, client_address)
  File "/usr/lib/python3.10/socketserver.py", line 683, in process_request_thread
    self.finish_request(request, client_address)
  File "/usr/lib/python3.10/socketserver.py", line 360, in finish_request
    self.RequestHandlerClass(request, client_address, self)
  File "/usr/lib/python3.10/socketserver.py", line 683, in process_request_thread
    self.finish_request(request, client_address)
  File "/usr/lib/python3.10/socketserver.py", line 360, in finish_request
    self.RequestHandlerClass(request, client_address, self)
  File "/usr/lib/python3.10/socketserver.py", line 683, in process_request_thread
    self.finish_request(request, client_address)
  File "/usr/lib/python3.10/socketserver.py", line 683, in process_request_thread
    self.finish_request(request, client_address)
  File "/usr/lib/python3.10/socketserver.py", line 683, in process_request_thread
    self.finish_request(request, client_address)
  File "/usr/lib/python3.10/socketserver.py", line 683, in process_request_thread
    self.finish_request(request, client_address)
  File "/usr/lib/python3.10/socketserver.py", line 683, in process_request_thread
    self.finish_request(request, client_address)
  File "/usr/lib/python3.10/socketserver.py", line 683, in process_request_thread
    self.finish_request(request, client_address)
Traceback (most recent call last):
  File "/usr/lib/python3.10/socketserver.py", line 683, in process_request_thread
    self.finish_request(request, client_address)
  File "/usr/lib/python3.10/socketserver.py", line 683, in process_request_thread
    self.finish_request(request, client_address)
  File "/usr/lib/python3.10/socketserver.py", line 683, in process_request_thread
    self.finish_request(request, client_address)
  File "/usr/lib/python3.10/socketserver.py", line 360, in finish_request
    self.RequestHandlerClass(request, client_address, self)
  File "/usr/lib/python3.10/socketserver.py", line 683, in process_request_thread
    self.finish_request(request, client_address)
  File "/usr/lib/python3.10/socketserver.py", line 683, in process_request_thread
    self.finish_request(request, client_address)
  File "/usr/lib/python3.10/socketserver.py", line 683, in process_request_thread
    self.finish_request(request, client_address)
  File "/usr/lib/python3.10/socketserver.py", line 683, in process_request_thread
    self.finish_request(request, client_address)
  File "/usr/lib/python3.10/socketserver.py", line 360, in finish_request
    self.RequestHandlerClass(request, client_address, self)
  File "/usr/lib/python3.10/socketserver.py", line 683, in process_request_thread
    self.finish_request(request, client_address)
  File "/usr/lib/python3.10/socketserver.py", line 683, in process_request_thread
    self.finish_request(request, client_address)
  File "/usr/lib/python3.10/socketserver.py", line 360, in finish_request
    self.RequestHandlerClass(request, client_address, self)
  File "/usr/lib/python3.10/socketserver.py", line 683, in process_request_thread
    self.finish_request(request, client_address)
  File "/usr/lib/python3.10/socketserver.py", line 683, in process_request_thread
    self.finish_request(request, client_address)
  File "/usr/lib/python3.10/socketserver.py", line 360, in finish_request
    self.RequestHandlerClass(request, client_address, self)
  File "/usr/lib/python3.10/socketserver.py", line 747, in __init__
    self.handle()
  File "/usr/lib/python3.10/socketserver.py", line 360, in finish_request
    self.RequestHandlerClass(request, client_address, self)
  File "/usr/lib/python3.10/socketserver.py", line 747, in __init__
    self.handle()
  File "/usr/lib/python3.10/socketserver.py", line 747, in __init__
    self.handle()
  File "/usr/lib/python3.10/socketserver.py", line 683, in process_request_thread
    self.finish_request(request, client_address)
  File "/usr/lib/python3.10/socketserver.py", line 360, in finish_request
    self.RequestHandlerClass(request, client_address, self)
  File "/usr/lib/python3.10/socketserver.py", line 360, in finish_request
    self.RequestHandlerClass(request, client_address, self)
  File "/usr/lib/python3.10/socketserver.py", line 683, in process_request_thread
    self.finish_request(request, client_address)
  File "/usr/lib/python3.10/socketserver.py", line 360, in finish_request
    self.RequestHandlerClass(request, client_address, self)
  File "/usr/lib/python3.10/socketserver.py", line 360, in finish_request
    self.RequestHandlerClass(request, client_address, self)
  File "/usr/lib/python3.10/socketserver.py", line 360, in finish_request
    self.RequestHandlerClass(request, client_address, self)
  File "/usr/lib/python3.10/socketserver.py", line 747, in __init__
    self.handle()
  File "/usr/lib/python3.10/socketserver.py", line 360, in finish_request
    self.RequestHandlerClass(request, client_address, self)
Traceback (most recent call last):
  File "/usr/lib/python3.10/socketserver.py", line 360, in finish_request
    self.RequestHandlerClass(request, client_address, self)
  File "/usr/lib/python3.10/socketserver.py", line 360, in finish_request
    self.RequestHandlerClass(request, client_address, self)
  File "/usr/lib/python3.10/socketserver.py", line 683, in process_request_thread
    self.finish_request(request, client_address)
  File "/usr/lib/python3.10/socketserver.py", line 683, in process_request_thread
    self.finish_request(request, client_address)
  File "/usr/lib/python3.10/socketserver.py", line 683, in process_request_thread
    self.finish_request(request, client_address)
  File "/usr/lib/python3.10/socketserver.py", line 683, in process_request_thread
    self.finish_request(request, client_address)
  File "/usr/lib/python3.10/socketserver.py", line 683, in process_request_thread
    self.finish_request(request, client_address)
  File "/usr/lib/python3.10/socketserver.py", line 683, in process_request_thread
    self.finish_request(request, client_address)
  File "/usr/lib/python3.10/socketserver.py", line 360, in finish_request
    self.RequestHandlerClass(request, client_address, self)
  File "/usr/lib/python3.10/socketserver.py", line 747, in __init__
    self.handle()
  File "/usr/lib/python3.10/socketserver.py", line 683, in process_request_thread
    self.finish_request(request, client_address)
  File "/usr/lib/python3.10/socketserver.py", line 360, in finish_request
    self.RequestHandlerClass(request, client_address, self)
  File "/usr/lib/python3.10/socketserver.py", line 747, in __init__
    self.handle()
  File "/usr/lib/python3.10/http/server.py", line 435, in handle
    self.handle_one_request()
  File "/usr/lib/python3.10/socketserver.py", line 683, in process_request_thread
    self.finish_request(request, client_address)
  File "/usr/lib/python3.10/http/server.py", line 435, in handle
    self.handle_one_request()
  File "/usr/lib/python3.10/http/server.py", line 435, in handle
    self.handle_one_request()
  File "/usr/lib/python3.10/http/server.py", line 401, in handle_one_request
    self.raw_requestline = self.rfile.readline(65537)
  File "/usr/lib/python3.10/socketserver.py", line 747, in __init__
    self.handle()
  File "/usr/lib/python3.10/socketserver.py", line 360, in finish_request
    self.RequestHandlerClass(request, client_address, self)
  File "/usr/lib/python3.10/socketserver.py", line 747, in __init__
    self.handle()
  File "/usr/lib/python3.10/socketserver.py", line 747, in __init__
    self.handle()
  File "/usr/lib/python3.10/http/server.py", line 435, in handle
    self.handle_one_request()
  File "/usr/lib/python3.10/socketserver.py", line 360, in finish_request
    self.RequestHandlerClass(request, client_address, self)
  File "/usr/lib/python3.10/socketserver.py", line 683, in process_request_thread
    self.finish_request(request, client_address)
  File "/usr/lib/python3.10/socketserver.py", line 683, in process_request_thread
    self.finish_request(request, client_address)
  File "/usr/lib/python3.10/socketserver.py", line 360, in finish_request
    self.RequestHandlerClass(request, client_address, self)
  File "/usr/lib/python3.10/socketserver.py", line 683, in process_request_thread
    self.finish_request(request, client_address)
  File "/usr/lib/python3.10/socketserver.py", line 360, in finish_request
    self.RequestHandlerClass(request, client_address, self)
  File "/usr/lib/python3.10/socketserver.py", line 360, in finish_request
    self.RequestHandlerClass(request, client_address, self)
  File "/usr/lib/python3.10/socketserver.py", line 360, in finish_request
    self.RequestHandlerClass(request, client_address, self)
  File "/usr/lib/python3.10/socketserver.py", line 747, in __init__
    self.handle()
  File "/usr/lib/python3.10/socketserver.py", line 360, in finish_request
    self.RequestHandlerClass(request, client_address, self)
  File "/usr/lib/python3.10/socketserver.py", line 747, in __init__
    self.handle()
  File "/usr/lib/python3.10/socketserver.py", line 360, in finish_request
    self.RequestHandlerClass(request, client_address, self)
  File "/usr/lib/python3.10/socketserver.py", line 747, in __init__
    self.handle()
  File "/usr/lib/python3.10/http/server.py", line 435, in handle
    self.handle_one_request()
  File "/usr/lib/python3.10/socketserver.py", line 747, in __init__
    self.handle()
  File "/usr/lib/python3.10/http/server.py", line 435, in handle
    self.handle_one_request()
  File "/usr/lib/python3.10/socketserver.py", line 683, in process_request_thread
    self.finish_request(request, client_address)
  File "/usr/lib/python3.10/socketserver.py", line 360, in finish_request
    self.RequestHandlerClass(request, client_address, self)
  File "/usr/lib/python3.10/http/server.py", line 421, in handle_one_request
    method()
  File "/home/udeepa/CLB/scripts/fast_http_server.py", line 15, in do_GET
    self.wfile.write(body)
  File "/usr/lib/python3.10/socketserver.py", line 683, in process_request_thread
    self.finish_request(request, client_address)
  File "/usr/lib/python3.10/socketserver.py", line 747, in __init__
    self.handle()
  File "/usr/lib/python3.10/http/server.py", line 435, in handle
    self.handle_one_request()
  File "/usr/lib/python3.10/http/server.py", line 435, in handle
    self.handle_one_request()
  File "/usr/lib/python3.10/socketserver.py", line 683, in process_request_thread
    self.finish_request(request, client_address)
  File "/usr/lib/python3.10/socketserver.py", line 747, in __init__
    self.handle()
  File "/usr/lib/python3.10/socketserver.py", line 747, in __init__
    self.handle()
  File "/usr/lib/python3.10/http/server.py", line 435, in handle
    self.handle_one_request()
  File "/usr/lib/python3.10/socketserver.py", line 747, in __init__
    self.handle()
  File "/usr/lib/python3.10/socketserver.py", line 360, in finish_request
    self.RequestHandlerClass(request, client_address, self)
  File "/usr/lib/python3.10/socketserver.py", line 747, in __init__
    self.handle()
  File "/usr/lib/python3.10/http/server.py", line 435, in handle
    self.handle_one_request()
  File "/usr/lib/python3.10/socketserver.py", line 747, in __init__
    self.handle()
  File "/usr/lib/python3.10/http/server.py", line 435, in handle
    self.handle_one_request()
  File "/usr/lib/python3.10/socketserver.py", line 683, in process_request_thread
    self.finish_request(request, client_address)
  File "/usr/lib/python3.10/http/server.py", line 435, in handle
    self.handle_one_request()
  File "/usr/lib/python3.10/socketserver.py", line 360, in finish_request
    self.RequestHandlerClass(request, client_address, self)
  File "/usr/lib/python3.10/http/server.py", line 421, in handle_one_request
    method()
  File "/usr/lib/python3.10/socketserver.py", line 683, in process_request_thread
    self.finish_request(request, client_address)
  File "/usr/lib/python3.10/socketserver.py", line 360, in finish_request
    self.RequestHandlerClass(request, client_address, self)
  File "/usr/lib/python3.10/socketserver.py", line 360, in finish_request
    self.RequestHandlerClass(request, client_address, self)
  File "/usr/lib/python3.10/socketserver.py", line 747, in __init__
    self.handle()
  File "/usr/lib/python3.10/socketserver.py", line 747, in __init__
    self.handle()
  File "/usr/lib/python3.10/socketserver.py", line 683, in process_request_thread
    self.finish_request(request, client_address)
  File "/usr/lib/python3.10/socket.py", line 705, in readinto
    return self._sock.recv_into(b)
  File "/usr/lib/python3.10/socketserver.py", line 360, in finish_request
    self.RequestHandlerClass(request, client_address, self)
  File "/usr/lib/python3.10/socketserver.py", line 683, in process_request_thread
    self.finish_request(request, client_address)
  File "/usr/lib/python3.10/socketserver.py", line 360, in finish_request
    self.RequestHandlerClass(request, client_address, self)
  File "/usr/lib/python3.10/http/server.py", line 435, in handle
    self.handle_one_request()
  File "/usr/lib/python3.10/http/server.py", line 421, in handle_one_request
    method()
  File "/usr/lib/python3.10/socketserver.py", line 683, in process_request_thread
    self.finish_request(request, client_address)
  File "/usr/lib/python3.10/http/server.py", line 401, in handle_one_request
    self.raw_requestline = self.rfile.readline(65537)
  File "/usr/lib/python3.10/socket.py", line 705, in readinto
    return self._sock.recv_into(b)
  File "/usr/lib/python3.10/http/server.py", line 435, in handle
    self.handle_one_request()
  File "/usr/lib/python3.10/socketserver.py", line 747, in __init__
    self.handle()
  File "/usr/lib/python3.10/socketserver.py", line 360, in finish_request
    self.RequestHandlerClass(request, client_address, self)
  File "/usr/lib/python3.10/socketserver.py", line 360, in finish_request
    self.RequestHandlerClass(request, client_address, self)
  File "/usr/lib/python3.10/socketserver.py", line 747, in __init__
    self.handle()
  File "/usr/lib/python3.10/http/server.py", line 435, in handle
    self.handle_one_request()
  File "/usr/lib/python3.10/socketserver.py", line 360, in finish_request
    self.RequestHandlerClass(request, client_address, self)
  File "/usr/lib/python3.10/socketserver.py", line 683, in process_request_thread
    self.finish_request(request, client_address)
  File "/usr/lib/python3.10/socketserver.py", line 747, in __init__
    self.handle()
  File "/usr/lib/python3.10/http/server.py", line 401, in handle_one_request
    self.raw_requestline = self.rfile.readline(65537)
  File "/usr/lib/python3.10/socketserver.py", line 747, in __init__
    self.handle()
  File "/usr/lib/python3.10/http/server.py", line 435, in handle
    self.handle_one_request()
  File "/usr/lib/python3.10/socketserver.py", line 826, in write
    self._sock.sendall(b)
  File "/usr/lib/python3.10/http/server.py", line 435, in handle
    self.handle_one_request()
  File "/usr/lib/python3.10/socketserver.py", line 360, in finish_request
    self.RequestHandlerClass(request, client_address, self)
  File "/usr/lib/python3.10/socketserver.py", line 747, in __init__
    self.handle()
  File "/usr/lib/python3.10/socketserver.py", line 360, in finish_request
    self.RequestHandlerClass(request, client_address, self)
  File "/usr/lib/python3.10/socketserver.py", line 360, in finish_request
    self.RequestHandlerClass(request, client_address, self)
  File "/home/udeepa/CLB/scripts/fast_http_server.py", line 15, in do_GET
    self.wfile.write(body)
  File "/usr/lib/python3.10/socketserver.py", line 360, in finish_request
    self.RequestHandlerClass(request, client_address, self)
  File "/usr/lib/python3.10/socketserver.py", line 747, in __init__
    self.handle()
  File "/usr/lib/python3.10/socketserver.py", line 360, in finish_request
    self.RequestHandlerClass(request, client_address, self)
  File "/usr/lib/python3.10/socketserver.py", line 747, in __init__
    self.handle()
ConnectionResetError: [Errno 104] Connection reset by peer
  File "/usr/lib/python3.10/http/server.py", line 401, in handle_one_request
    self.raw_requestline = self.rfile.readline(65537)
  File "/usr/lib/python3.10/socket.py", line 705, in readinto
    return self._sock.recv_into(b)
  File "/usr/lib/python3.10/http/server.py", line 435, in handle
    self.handle_one_request()
  File "/usr/lib/python3.10/http/server.py", line 435, in handle
    self.handle_one_request()
  File "/usr/lib/python3.10/socketserver.py", line 747, in __init__
    self.handle()
  File "/usr/lib/python3.10/socketserver.py", line 747, in __init__
    self.handle()
  File "/usr/lib/python3.10/http/server.py", line 435, in handle
    self.handle_one_request()
  File "/usr/lib/python3.10/socketserver.py", line 747, in __init__
    self.handle()
  File "/usr/lib/python3.10/http/server.py", line 401, in handle_one_request
    self.raw_requestline = self.rfile.readline(65537)
  File "/usr/lib/python3.10/socketserver.py", line 360, in finish_request
    self.RequestHandlerClass(request, client_address, self)
  File "/usr/lib/python3.10/http/server.py", line 435, in handle
    self.handle_one_request()
  File "/usr/lib/python3.10/socketserver.py", line 360, in finish_request
    self.RequestHandlerClass(request, client_address, self)
  File "/usr/lib/python3.10/socketserver.py", line 747, in __init__
    self.handle()
  File "/usr/lib/python3.10/http/server.py", line 435, in handle
    self.handle_one_request()
  File "/usr/lib/python3.10/http/server.py", line 435, in handle
    self.handle_one_request()
  File "/usr/lib/python3.10/socketserver.py", line 747, in __init__
    self.handle()
  File "/usr/lib/python3.10/http/server.py", line 401, in handle_one_request
    self.raw_requestline = self.rfile.readline(65537)
  File "/usr/lib/python3.10/http/server.py", line 401, in handle_one_request
    self.raw_requestline = self.rfile.readline(65537)
  File "/usr/lib/python3.10/socketserver.py", line 747, in __init__
    self.handle()
  File "/usr/lib/python3.10/http/server.py", line 435, in handle
    self.handle_one_request()
  File "/usr/lib/python3.10/socketserver.py", line 747, in __init__
    self.handle()
  File "/usr/lib/python3.10/http/server.py", line 435, in handle
    self.handle_one_request()
  File "/usr/lib/python3.10/socketserver.py", line 360, in finish_request
    self.RequestHandlerClass(request, client_address, self)
  File "/usr/lib/python3.10/socketserver.py", line 747, in __init__
    self.handle()
  File "/usr/lib/python3.10/http/server.py", line 435, in handle
    self.handle_one_request()
  File "/usr/lib/python3.10/http/server.py", line 435, in handle
    self.handle_one_request()
  File "/usr/lib/python3.10/http/server.py", line 421, in handle_one_request
    method()
  File "/usr/lib/python3.10/socketserver.py", line 360, in finish_request
    self.RequestHandlerClass(request, client_address, self)
  File "/usr/lib/python3.10/socketserver.py", line 747, in __init__
    self.handle()
  File "/usr/lib/python3.10/http/server.py", line 401, in handle_one_request
    self.raw_requestline = self.rfile.readline(65537)
  File "/usr/lib/python3.10/socket.py", line 705, in readinto
    return self._sock.recv_into(b)
  File "/usr/lib/python3.10/http/server.py", line 421, in handle_one_request
    method()
  File "/usr/lib/python3.10/socketserver.py", line 747, in __init__
    self.handle()
  File "/usr/lib/python3.10/http/server.py", line 401, in handle_one_request
    self.raw_requestline = self.rfile.readline(65537)
  File "/usr/lib/python3.10/socket.py", line 705, in readinto
    return self._sock.recv_into(b)
  File "/usr/lib/python3.10/socketserver.py", line 747, in __init__
    self.handle()
  File "/usr/lib/python3.10/socket.py", line 705, in readinto
    return self._sock.recv_into(b)
  File "/usr/lib/python3.10/http/server.py", line 435, in handle
    self.handle_one_request()
  File "/usr/lib/python3.10/http/server.py", line 435, in handle
    self.handle_one_request()
  File "/usr/lib/python3.10/http/server.py", line 401, in handle_one_request
    self.raw_requestline = self.rfile.readline(65537)
  File "/usr/lib/python3.10/socket.py", line 705, in readinto
    return self._sock.recv_into(b)
ConnectionResetError: [Errno 104] Connection reset by peer
  File "/usr/lib/python3.10/socket.py", line 705, in readinto
    return self._sock.recv_into(b)
  File "/usr/lib/python3.10/socketserver.py", line 747, in __init__
    self.handle()
  File "/usr/lib/python3.10/http/server.py", line 435, in handle
    self.handle_one_request()
  File "/usr/lib/python3.10/socketserver.py", line 747, in __init__
    self.handle()
  File "/usr/lib/python3.10/socketserver.py", line 826, in write
    self._sock.sendall(b)
  File "/usr/lib/python3.10/socketserver.py", line 747, in __init__
    self.handle()
  File "/usr/lib/python3.10/http/server.py", line 401, in handle_one_request
    self.raw_requestline = self.rfile.readline(65537)
  File "/usr/lib/python3.10/socketserver.py", line 360, in finish_request
    self.RequestHandlerClass(request, client_address, self)
  File "/usr/lib/python3.10/http/server.py", line 435, in handle
    self.handle_one_request()
  File "/usr/lib/python3.10/socketserver.py", line 747, in __init__
    self.handle()
  File "/usr/lib/python3.10/http/server.py", line 435, in handle
    self.handle_one_request()
  File "/usr/lib/python3.10/http/server.py", line 421, in handle_one_request
    method()
  File "/usr/lib/python3.10/http/server.py", line 435, in handle
    self.handle_one_request()
  File "/usr/lib/python3.10/http/server.py", line 401, in handle_one_request
    self.raw_requestline = self.rfile.readline(65537)
  File "/usr/lib/python3.10/http/server.py", line 401, in handle_one_request
    self.raw_requestline = self.rfile.readline(65537)
  File "/usr/lib/python3.10/http/server.py", line 435, in handle
    self.handle_one_request()
  File "/usr/lib/python3.10/http/server.py", line 435, in handle
    self.handle_one_request()
  File "/home/udeepa/CLB/scripts/fast_http_server.py", line 15, in do_GET
    self.wfile.write(body)
  File "/usr/lib/python3.10/http/server.py", line 435, in handle
    self.handle_one_request()
ConnectionResetError: [Errno 104] Connection reset by peer
  File "/usr/lib/python3.10/http/server.py", line 401, in handle_one_request
    self.raw_requestline = self.rfile.readline(65537)
  File "/usr/lib/python3.10/socketserver.py", line 360, in finish_request
    self.RequestHandlerClass(request, client_address, self)
ConnectionResetError: [Errno 104] Connection reset by peer
  File "/usr/lib/python3.10/http/server.py", line 435, in handle
    self.handle_one_request()
----------------------------------------
ConnectionResetError: [Errno 104] Connection reset by peer
  File "/usr/lib/python3.10/http/server.py", line 421, in handle_one_request
    method()
  File "/usr/lib/python3.10/http/server.py", line 435, in handle
    self.handle_one_request()
ConnectionResetError: [Errno 104] Connection reset by peer
  File "/usr/lib/python3.10/socketserver.py", line 747, in __init__
    self.handle()
  File "/usr/lib/python3.10/http/server.py", line 435, in handle
    self.handle_one_request()
----------------------------------------
  File "/usr/lib/python3.10/http/server.py", line 421, in handle_one_request
    method()
  File "/home/udeepa/CLB/scripts/fast_http_server.py", line 15, in do_GET
    self.wfile.write(body)
  File "/usr/lib/python3.10/http/server.py", line 435, in handle
    self.handle_one_request()
  File "/usr/lib/python3.10/http/server.py", line 435, in handle
    self.handle_one_request()
  File "/home/udeepa/CLB/scripts/fast_http_server.py", line 15, in do_GET
    self.wfile.write(body)
  File "/usr/lib/python3.10/socketserver.py", line 826, in write
    self._sock.sendall(b)
  File "/usr/lib/python3.10/socket.py", line 705, in readinto
    return self._sock.recv_into(b)
  File "/usr/lib/python3.10/socketserver.py", line 747, in __init__
    self.handle()
ConnectionResetError: [Errno 104] Connection reset by peer
  File "/usr/lib/python3.10/socketserver.py", line 826, in write
    self._sock.sendall(b)
  File "/usr/lib/python3.10/http/server.py", line 401, in handle_one_request
    self.raw_requestline = self.rfile.readline(65537)
----------------------------------------
  File "/usr/lib/python3.10/socket.py", line 705, in readinto
    return self._sock.recv_into(b)
  File "/usr/lib/python3.10/socketserver.py", line 747, in __init__
    self.handle()
----------------------------------------
  File "/usr/lib/python3.10/http/server.py", line 401, in handle_one_request
    self.raw_requestline = self.rfile.readline(65537)
  File "/usr/lib/python3.10/socket.py", line 705, in readinto
    return self._sock.recv_into(b)
  File "/usr/lib/python3.10/socket.py", line 705, in readinto
    return self._sock.recv_into(b)
  File "/usr/lib/python3.10/http/server.py", line 421, in handle_one_request
    method()
  File "/usr/lib/python3.10/http/server.py", line 401, in handle_one_request
    self.raw_requestline = self.rfile.readline(65537)
----------------------------------------
  File "/usr/lib/python3.10/socket.py", line 705, in readinto
    return self._sock.recv_into(b)
ConnectionResetError: [Errno 104] Connection reset by peer
  File "/usr/lib/python3.10/socketserver.py", line 826, in write
    self._sock.sendall(b)
  File "/usr/lib/python3.10/http/server.py", line 401, in handle_one_request
    self.raw_requestline = self.rfile.readline(65537)
  File "/home/udeepa/CLB/scripts/fast_http_server.py", line 15, in do_GET
    self.wfile.write(body)
  File "/usr/lib/python3.10/http/server.py", line 401, in handle_one_request
    self.raw_requestline = self.rfile.readline(65537)
  File "/usr/lib/python3.10/http/server.py", line 401, in handle_one_request
    self.raw_requestline = self.rfile.readline(65537)
  File "/usr/lib/python3.10/socket.py", line 705, in readinto
    return self._sock.recv_into(b)
ConnectionResetError: [Errno 104] Connection reset by peer
  File "/usr/lib/python3.10/http/server.py", line 435, in handle
    self.handle_one_request()
----------------------------------------
ConnectionResetError: [Errno 104] Connection reset by peer
  File "/usr/lib/python3.10/socket.py", line 705, in readinto
    return self._sock.recv_into(b)
  File "/usr/lib/python3.10/http/server.py", line 401, in handle_one_request
    self.raw_requestline = self.rfile.readline(65537)
  File "/usr/lib/python3.10/http/server.py", line 435, in handle
    self.handle_one_request()
  File "/usr/lib/python3.10/http/server.py", line 435, in handle
    self.handle_one_request()
  File "/usr/lib/python3.10/http/server.py", line 421, in handle_one_request
    method()
ConnectionResetError: [Errno 104] Connection reset by peer
  File "/home/udeepa/CLB/scripts/fast_http_server.py", line 15, in do_GET
    self.wfile.write(body)
  File "/usr/lib/python3.10/socketserver.py", line 826, in write
    self._sock.sendall(b)
  File "/usr/lib/python3.10/socket.py", line 705, in readinto
    return self._sock.recv_into(b)
  File "/usr/lib/python3.10/http/server.py", line 421, in handle_one_request
    method()
  File "/home/udeepa/CLB/scripts/fast_http_server.py", line 15, in do_GET
    self.wfile.write(body)
----------------------------------------
ConnectionResetError: [Errno 104] Connection reset by peer
  File "/usr/lib/python3.10/socket.py", line 705, in readinto
    return self._sock.recv_into(b)
  File "/usr/lib/python3.10/socketserver.py", line 826, in write
    self._sock.sendall(b)
  File "/usr/lib/python3.10/socket.py", line 705, in readinto
    return self._sock.recv_into(b)
  File "/usr/lib/python3.10/socket.py", line 705, in readinto
    return self._sock.recv_into(b)
ConnectionResetError: [Errno 104] Connection reset by peer
----------------------------------------
  File "/usr/lib/python3.10/http/server.py", line 401, in handle_one_request
    self.raw_requestline = self.rfile.readline(65537)
----------------------------------------
ConnectionResetError: [Errno 104] Connection reset by peer
  File "/usr/lib/python3.10/socket.py", line 705, in readinto
    return self._sock.recv_into(b)
  File "/usr/lib/python3.10/socketserver.py", line 747, in __init__
    self.handle()
  File "/usr/lib/python3.10/http/server.py", line 435, in handle
    self.handle_one_request()
----------------------------------------
  File "/usr/lib/python3.10/http/server.py", line 421, in handle_one_request
    method()
  File "/usr/lib/python3.10/http/server.py", line 401, in handle_one_request
    self.raw_requestline = self.rfile.readline(65537)
  File "/usr/lib/python3.10/socket.py", line 705, in readinto
    return self._sock.recv_into(b)
ConnectionResetError: [Errno 104] Connection reset by peer
  File "/home/udeepa/CLB/scripts/fast_http_server.py", line 15, in do_GET
    self.wfile.write(body)
  File "/usr/lib/python3.10/socketserver.py", line 826, in write
    self._sock.sendall(b)
  File "/usr/lib/python3.10/http/server.py", line 401, in handle_one_request
    self.raw_requestline = self.rfile.readline(65537)
ConnectionResetError: [Errno 104] Connection reset by peer
  File "/usr/lib/python3.10/socket.py", line 705, in readinto
    return self._sock.recv_into(b)
BrokenPipeError: [Errno 32] Broken pipe
  File "/usr/lib/python3.10/http/server.py", line 401, in handle_one_request
    self.raw_requestline = self.rfile.readline(65537)
  File "/usr/lib/python3.10/http/server.py", line 421, in handle_one_request
    method()
  File "/usr/lib/python3.10/http/server.py", line 421, in handle_one_request
    method()
  File "/usr/lib/python3.10/socket.py", line 705, in readinto
    return self._sock.recv_into(b)
  File "/usr/lib/python3.10/http/server.py", line 401, in handle_one_request
    self.raw_requestline = self.rfile.readline(65537)
  File "/usr/lib/python3.10/socket.py", line 705, in readinto
    return self._sock.recv_into(b)
----------------------------------------
ConnectionResetError: [Errno 104] Connection reset by peer
----------------------------------------
ConnectionResetError: [Errno 104] Connection reset by peer
  File "/usr/lib/python3.10/socketserver.py", line 747, in __init__
    self.handle()
----------------------------------------
  File "/usr/lib/python3.10/socketserver.py", line 826, in write
    self._sock.sendall(b)
BrokenPipeError: [Errno 32] Broken pipe
  File "/usr/lib/python3.10/socket.py", line 705, in readinto
    return self._sock.recv_into(b)
----------------------------------------
ConnectionResetError: [Errno 104] Connection reset by peer
ConnectionResetError: [Errno 104] Connection reset by peer
----------------------------------------
  File "/home/udeepa/CLB/scripts/fast_http_server.py", line 15, in do_GET
    self.wfile.write(body)
ConnectionResetError: [Errno 104] Connection reset by peer
ConnectionResetError: [Errno 104] Connection reset by peer
----------------------------------------
ConnectionResetError: [Errno 104] Connection reset by peer
  File "/usr/lib/python3.10/http/server.py", line 421, in handle_one_request
    method()
  File "/home/udeepa/CLB/scripts/fast_http_server.py", line 15, in do_GET
    self.wfile.write(body)
  File "/home/udeepa/CLB/scripts/fast_http_server.py", line 15, in do_GET
    self.wfile.write(body)
ConnectionResetError: [Errno 104] Connection reset by peer
----------------------------------------
  File "/usr/lib/python3.10/http/server.py", line 435, in handle
    self.handle_one_request()
  File "/usr/lib/python3.10/http/server.py", line 421, in handle_one_request
    method()
----------------------------------------
ConnectionResetError: [Errno 104] Connection reset by peer
BrokenPipeError: [Errno 32] Broken pipe
----------------------------------------
----------------------------------------
  File "/usr/lib/python3.10/socketserver.py", line 747, in __init__
    self.handle()
  File "/usr/lib/python3.10/socketserver.py", line 826, in write
    self._sock.sendall(b)
----------------------------------------
  File "/usr/lib/python3.10/http/server.py", line 421, in handle_one_request
    method()
  File "/home/udeepa/CLB/scripts/fast_http_server.py", line 15, in do_GET
    self.wfile.write(body)
  File "/usr/lib/python3.10/socketserver.py", line 826, in write
    self._sock.sendall(b)
  File "/usr/lib/python3.10/socketserver.py", line 826, in write
    self._sock.sendall(b)
----------------------------------------
  File "/usr/lib/python3.10/http/server.py", line 421, in handle_one_request
    method()
ConnectionResetError: [Errno 104] Connection reset by peer
----------------------------------------
----------------------------------------
----------------------------------------
  File "/usr/lib/python3.10/socket.py", line 705, in readinto
    return self._sock.recv_into(b)
  File "/usr/lib/python3.10/http/server.py", line 401, in handle_one_request
    self.raw_requestline = self.rfile.readline(65537)
ConnectionResetError: [Errno 104] Connection reset by peer
ConnectionResetError: [Errno 104] Connection reset by peer
  File "/home/udeepa/CLB/scripts/fast_http_server.py", line 15, in do_GET
    self.wfile.write(body)
----------------------------------------
  File "/usr/lib/python3.10/http/server.py", line 435, in handle
    self.handle_one_request()
BrokenPipeError: [Errno 32] Broken pipe
ConnectionResetError: [Errno 104] Connection reset by peer
  File "/home/udeepa/CLB/scripts/fast_http_server.py", line 15, in do_GET
    self.wfile.write(body)
----------------------------------------
ConnectionResetError: [Errno 104] Connection reset by peer
  File "/home/udeepa/CLB/scripts/fast_http_server.py", line 15, in do_GET
    self.wfile.write(body)
  File "/usr/lib/python3.10/socketserver.py", line 826, in write
    self._sock.sendall(b)
  File "/usr/lib/python3.10/http/server.py", line 435, in handle
    self.handle_one_request()
  File "/usr/lib/python3.10/socket.py", line 705, in readinto
    return self._sock.recv_into(b)
----------------------------------------
  File "/home/udeepa/CLB/scripts/fast_http_server.py", line 15, in do_GET
    self.wfile.write(body)
  File "/usr/lib/python3.10/socketserver.py", line 826, in write
    self._sock.sendall(b)
  File "/usr/lib/python3.10/http/server.py", line 435, in handle
    self.handle_one_request()
  File "/usr/lib/python3.10/http/server.py", line 421, in handle_one_request
    method()
  File "/home/udeepa/CLB/scripts/fast_http_server.py", line 15, in do_GET
    self.wfile.write(body)
ConnectionResetError: [Errno 104] Connection reset by peer
----------------------------------------
BrokenPipeError: [Errno 32] Broken pipe
----------------------------------------
  File "/usr/lib/python3.10/socketserver.py", line 826, in write
    self._sock.sendall(b)
BrokenPipeError: [Errno 32] Broken pipe
BrokenPipeError: [Errno 32] Broken pipe
  File "/usr/lib/python3.10/http/server.py", line 401, in handle_one_request
    self.raw_requestline = self.rfile.readline(65537)
  File "/usr/lib/python3.10/socket.py", line 705, in readinto
    return self._sock.recv_into(b)
  File "/home/udeepa/CLB/scripts/fast_http_server.py", line 15, in do_GET
    self.wfile.write(body)
  File "/usr/lib/python3.10/socketserver.py", line 826, in write
    self._sock.sendall(b)
----------------------------------------
ConnectionResetError: [Errno 104] Connection reset by peer
----------------------------------------
----------------------------------------
ConnectionResetError: [Errno 104] Connection reset by peer
----------------------------------------
----------------------------------------
  File "/usr/lib/python3.10/socketserver.py", line 826, in write
    self._sock.sendall(b)
ConnectionResetError: [Errno 104] Connection reset by peer
  File "/usr/lib/python3.10/http/server.py", line 421, in handle_one_request
    method()
  File "/home/udeepa/CLB/scripts/fast_http_server.py", line 15, in do_GET
    self.wfile.write(body)
ConnectionResetError: [Errno 104] Connection reset by peer
----------------------------------------
----------------------------------------
  File "/usr/lib/python3.10/socketserver.py", line 826, in write
    self._sock.sendall(b)
ConnectionResetError: [Errno 104] Connection reset by peer
----------------------------------------
  File "/usr/lib/python3.10/socketserver.py", line 826, in write
    self._sock.sendall(b)
  File "/usr/lib/python3.10/socketserver.py", line 826, in write
    self._sock.sendall(b)
  File "/usr/lib/python3.10/http/server.py", line 401, in handle_one_request
    self.raw_requestline = self.rfile.readline(65537)
  File "/usr/lib/python3.10/socket.py", line 705, in readinto
    return self._sock.recv_into(b)
----------------------------------------
BrokenPipeError: [Errno 32] Broken pipe
----------------------------------------
----------------------------------------
BrokenPipeError: [Errno 32] Broken pipe
ConnectionResetError: [Errno 104] Connection reset by peer
----------------------------------------
----------------------------------------
----------------------------------------
----------------------------------------
ConnectionResetError: [Errno 104] Connection reset by peer
----------------------------------------
ConnectionResetError: [Errno 104] Connection reset by peer
BrokenPipeError: [Errno 32] Broken pipe
----------------------------------------
----------------------------------------
----------------------------------------
----------------------------------------
----------------------------------------
Exception occurred during processing of request from ('10.200.2.1', 36830)
----------------------------------------
----------------------------------------
----------------------------------------
----------------------------------------
----------------------------------------
----------------------------------------
----------------------------------------
----------------------------------------
----------------------------------------
----------------------------------------
----------------------------------------
Exception occurred during processing of request from ('10.200.2.1', 37020)
----------------------------------------
----------------------------------------
----------------------------------------
----------------------------------------
----------------------------------------
----------------------------------------
----------------------------------------
----------------------------------------
----------------------------------------
----------------------------------------
----------------------------------------
Exception occurred during processing of request from ('10.200.2.1', 36714)
Exception occurred during processing of request from ('10.200.2.1', 37080)
Exception occurred during processing of request from ('10.200.2.1', 37106)
Exception occurred during processing of request from ('10.200.2.1', 36904)
Exception occurred during processing of request from ('10.200.2.1', 36756)
Exception occurred during processing of request from ('10.200.2.1', 36848)
Exception occurred during processing of request from ('10.200.2.1', 36874)
Exception occurred during processing of request from ('10.200.2.1', 36842)
Exception occurred during processing of request from ('10.200.2.1', 36864)
Exception occurred during processing of request from ('10.200.2.1', 36984)
Exception occurred during processing of request from ('10.200.2.1', 36744)
Exception occurred during processing of request from ('10.200.2.1', 36940)
Exception occurred during processing of request from ('10.200.2.1', 36888)
Exception occurred during processing of request from ('10.200.2.1', 36854)
Exception occurred during processing of request from ('10.200.2.1', 37014)
Exception occurred during processing of request from ('10.200.2.1', 36956)
Exception occurred during processing of request from ('10.200.2.1', 36668)
----------------------------------------
----------------------------------------
Exception occurred during processing of request from ('10.200.2.1', 37102)
----------------------------------------
----------------------------------------
----------------------------------------
----------------------------------------
----------------------------------------
----------------------------------------
----------------------------------------
----------------------------------------
----------------------------------------
----------------------------------------
Exception occurred during processing of request from ('10.200.2.1', 36768)
Exception occurred during processing of request from ('10.200.2.1', 37066)
Exception occurred during processing of request from ('10.200.2.1', 37008)
----------------------------------------
----------------------------------------
----------------------------------------
----------------------------------------
----------------------------------------
----------------------------------------
----------------------------------------
----------------------------------------
Exception occurred during processing of request from ('10.200.2.1', 36784)
Exception occurred during processing of request from ('10.200.2.1', 36900)
Exception occurred during processing of request from ('10.200.2.1', 37030)
Exception occurred during processing of request from ('10.200.2.1', 36926)
Exception occurred during processing of request from ('10.200.2.1', 36964)
Exception occurred during processing of request from ('10.200.2.1', 36920)
Exception occurred during processing of request from ('10.200.2.1', 36694)
Exception occurred during processing of request from ('10.200.2.1', 37046)
Exception occurred during processing of request from ('10.200.2.1', 36728)
Exception occurred during processing of request from ('10.200.2.1', 37000)
Exception occurred during processing of request from ('10.200.2.1', 36734)
Exception occurred during processing of request from ('10.200.2.1', 37068)
Exception occurred during processing of request from ('10.200.2.1', 36822)
Exception occurred during processing of request from ('10.200.2.1', 36800)
Exception occurred during processing of request from ('10.200.2.1', 36806)
Exception occurred during processing of request from ('10.200.2.1', 36834)
Exception occurred during processing of request from ('10.200.2.1', 36944)
Exception occurred during processing of request from ('10.200.2.1', 37090)
Exception occurred during processing of request from ('10.200.2.1', 37050)
Exception occurred during processing of request from ('10.200.2.1', 36974)
Exception occurred during processing of request from ('10.200.2.1', 36686)
Traceback (most recent call last):
Traceback (most recent call last):
Traceback (most recent call last):
Traceback (most recent call last):
  File "/usr/lib/python3.10/socketserver.py", line 683, in process_request_thread
    self.finish_request(request, client_address)
  File "/usr/lib/python3.10/socketserver.py", line 360, in finish_request
    self.RequestHandlerClass(request, client_address, self)
Traceback (most recent call last):
Traceback (most recent call last):
Traceback (most recent call last):
Traceback (most recent call last):
Traceback (most recent call last):
  File "/usr/lib/python3.10/socketserver.py", line 683, in process_request_thread
    self.finish_request(request, client_address)
Traceback (most recent call last):
  File "/usr/lib/python3.10/socketserver.py", line 683, in process_request_thread
    self.finish_request(request, client_address)
Traceback (most recent call last):
Traceback (most recent call last):
Traceback (most recent call last):
Traceback (most recent call last):
Traceback (most recent call last):
Traceback (most recent call last):
Traceback (most recent call last):
Traceback (most recent call last):
Traceback (most recent call last):
Traceback (most recent call last):
Traceback (most recent call last):
Traceback (most recent call last):
Traceback (most recent call last):
  File "/usr/lib/python3.10/socketserver.py", line 683, in process_request_thread
    self.finish_request(request, client_address)
  File "/usr/lib/python3.10/socketserver.py", line 360, in finish_request
    self.RequestHandlerClass(request, client_address, self)
  File "/usr/lib/python3.10/socketserver.py", line 683, in process_request_thread
    self.finish_request(request, client_address)
  File "/usr/lib/python3.10/socketserver.py", line 683, in process_request_thread
    self.finish_request(request, client_address)
  File "/usr/lib/python3.10/socketserver.py", line 683, in process_request_thread
    self.finish_request(request, client_address)
  File "/usr/lib/python3.10/socketserver.py", line 683, in process_request_thread
    self.finish_request(request, client_address)
  File "/usr/lib/python3.10/socketserver.py", line 360, in finish_request
    self.RequestHandlerClass(request, client_address, self)
  File "/usr/lib/python3.10/socketserver.py", line 683, in process_request_thread
    self.finish_request(request, client_address)
  File "/usr/lib/python3.10/socketserver.py", line 683, in process_request_thread
    self.finish_request(request, client_address)
  File "/usr/lib/python3.10/socketserver.py", line 360, in finish_request
    self.RequestHandlerClass(request, client_address, self)
  File "/usr/lib/python3.10/socketserver.py", line 360, in finish_request
    self.RequestHandlerClass(request, client_address, self)
  File "/usr/lib/python3.10/socketserver.py", line 683, in process_request_thread
    self.finish_request(request, client_address)
  File "/usr/lib/python3.10/socketserver.py", line 360, in finish_request
    self.RequestHandlerClass(request, client_address, self)
  File "/usr/lib/python3.10/socketserver.py", line 683, in process_request_thread
    self.finish_request(request, client_address)
Traceback (most recent call last):
Traceback (most recent call last):
Traceback (most recent call last):
Traceback (most recent call last):
Traceback (most recent call last):
  File "/usr/lib/python3.10/socketserver.py", line 683, in process_request_thread
    self.finish_request(request, client_address)
Traceback (most recent call last):
Traceback (most recent call last):
Traceback (most recent call last):
Traceback (most recent call last):
  File "/usr/lib/python3.10/socketserver.py", line 683, in process_request_thread
    self.finish_request(request, client_address)
Traceback (most recent call last):
  File "/usr/lib/python3.10/socketserver.py", line 747, in __init__
    self.handle()
  File "/usr/lib/python3.10/socketserver.py", line 360, in finish_request
    self.RequestHandlerClass(request, client_address, self)
  File "/usr/lib/python3.10/socketserver.py", line 360, in finish_request
    self.RequestHandlerClass(request, client_address, self)
  File "/usr/lib/python3.10/socketserver.py", line 747, in __init__
    self.handle()
  File "/usr/lib/python3.10/http/server.py", line 435, in handle
    self.handle_one_request()
  File "/usr/lib/python3.10/socketserver.py", line 747, in __init__
    self.handle()
  File "/usr/lib/python3.10/socketserver.py", line 683, in process_request_thread
    self.finish_request(request, client_address)
  File "/usr/lib/python3.10/socketserver.py", line 360, in finish_request
    self.RequestHandlerClass(request, client_address, self)
  File "/usr/lib/python3.10/socketserver.py", line 683, in process_request_thread
    self.finish_request(request, client_address)
  File "/usr/lib/python3.10/socketserver.py", line 360, in finish_request
    self.RequestHandlerClass(request, client_address, self)
  File "/usr/lib/python3.10/socketserver.py", line 360, in finish_request
    self.RequestHandlerClass(request, client_address, self)
Traceback (most recent call last):
  File "/usr/lib/python3.10/socketserver.py", line 683, in process_request_thread
    self.finish_request(request, client_address)
  File "/usr/lib/python3.10/socketserver.py", line 360, in finish_request
    self.RequestHandlerClass(request, client_address, self)
  File "/usr/lib/python3.10/socketserver.py", line 747, in __init__
    self.handle()
  File "/usr/lib/python3.10/socketserver.py", line 683, in process_request_thread
    self.finish_request(request, client_address)
Traceback (most recent call last):
Traceback (most recent call last):
Traceback (most recent call last):
Traceback (most recent call last):
  File "/usr/lib/python3.10/socketserver.py", line 683, in process_request_thread
    self.finish_request(request, client_address)
Traceback (most recent call last):
  File "/usr/lib/python3.10/socketserver.py", line 683, in process_request_thread
    self.finish_request(request, client_address)
  File "/usr/lib/python3.10/socketserver.py", line 747, in __init__
    self.handle()
  File "/usr/lib/python3.10/socketserver.py", line 683, in process_request_thread
    self.finish_request(request, client_address)
  File "/usr/lib/python3.10/http/server.py", line 435, in handle
    self.handle_one_request()
  File "/usr/lib/python3.10/socketserver.py", line 747, in __init__
    self.handle()
  File "/usr/lib/python3.10/socketserver.py", line 683, in process_request_thread
    self.finish_request(request, client_address)
  File "/usr/lib/python3.10/socketserver.py", line 747, in __init__
    self.handle()
  File "/usr/lib/python3.10/socketserver.py", line 747, in __init__
    self.handle()
  File "/usr/lib/python3.10/socketserver.py", line 747, in __init__
    self.handle()
  File "/usr/lib/python3.10/socketserver.py", line 683, in process_request_thread
    self.finish_request(request, client_address)
Traceback (most recent call last):
Traceback (most recent call last):
  File "/usr/lib/python3.10/socketserver.py", line 360, in finish_request
    self.RequestHandlerClass(request, client_address, self)
  File "/usr/lib/python3.10/socketserver.py", line 683, in process_request_thread
    self.finish_request(request, client_address)
  File "/usr/lib/python3.10/socketserver.py", line 683, in process_request_thread
    self.finish_request(request, client_address)
  File "/usr/lib/python3.10/socketserver.py", line 683, in process_request_thread
    self.finish_request(request, client_address)
  File "/usr/lib/python3.10/socketserver.py", line 360, in finish_request
    self.RequestHandlerClass(request, client_address, self)
  File "/usr/lib/python3.10/socketserver.py", line 683, in process_request_thread
    self.finish_request(request, client_address)
  File "/usr/lib/python3.10/socketserver.py", line 360, in finish_request
    self.RequestHandlerClass(request, client_address, self)
  File "/usr/lib/python3.10/socketserver.py", line 360, in finish_request
    self.RequestHandlerClass(request, client_address, self)
  File "/usr/lib/python3.10/socketserver.py", line 360, in finish_request
    self.RequestHandlerClass(request, client_address, self)
  File "/usr/lib/python3.10/socketserver.py", line 683, in process_request_thread
    self.finish_request(request, client_address)
  File "/usr/lib/python3.10/socketserver.py", line 360, in finish_request
    self.RequestHandlerClass(request, client_address, self)
  File "/usr/lib/python3.10/socketserver.py", line 747, in __init__
    self.handle()
  File "/usr/lib/python3.10/http/server.py", line 421, in handle_one_request
    method()
  File "/usr/lib/python3.10/http/server.py", line 421, in handle_one_request
    method()
  File "/usr/lib/python3.10/http/server.py", line 435, in handle
    self.handle_one_request()
  File "/usr/lib/python3.10/socketserver.py", line 360, in finish_request
    self.RequestHandlerClass(request, client_address, self)
  File "/usr/lib/python3.10/socketserver.py", line 747, in __init__
    self.handle()
  File "/usr/lib/python3.10/http/server.py", line 435, in handle
    self.handle_one_request()
  File "/usr/lib/python3.10/http/server.py", line 421, in handle_one_request
    method()
Traceback (most recent call last):
Traceback (most recent call last):
  File "/usr/lib/python3.10/http/server.py", line 435, in handle
    self.handle_one_request()
  File "/usr/lib/python3.10/http/server.py", line 401, in handle_one_request
    self.raw_requestline = self.rfile.readline(65537)
  File "/usr/lib/python3.10/socketserver.py", line 683, in process_request_thread
    self.finish_request(request, client_address)
  File "/usr/lib/python3.10/socketserver.py", line 683, in process_request_thread
    self.finish_request(request, client_address)
  File "/usr/lib/python3.10/socketserver.py", line 360, in finish_request
    self.RequestHandlerClass(request, client_address, self)
  File "/usr/lib/python3.10/socketserver.py", line 360, in finish_request
    self.RequestHandlerClass(request, client_address, self)
  File "/usr/lib/python3.10/socketserver.py", line 747, in __init__
    self.handle()
  File "/usr/lib/python3.10/socketserver.py", line 683, in process_request_thread
    self.finish_request(request, client_address)
  File "/usr/lib/python3.10/socketserver.py", line 683, in process_request_thread
    self.finish_request(request, client_address)
  File "/usr/lib/python3.10/socketserver.py", line 360, in finish_request
    self.RequestHandlerClass(request, client_address, self)
  File "/usr/lib/python3.10/socketserver.py", line 747, in __init__
    self.handle()
  File "/usr/lib/python3.10/http/server.py", line 435, in handle
    self.handle_one_request()
  File "/usr/lib/python3.10/http/server.py", line 421, in handle_one_request
    method()
  File "/usr/lib/python3.10/socketserver.py", line 683, in process_request_thread
    self.finish_request(request, client_address)
  File "/usr/lib/python3.10/socketserver.py", line 360, in finish_request
    self.RequestHandlerClass(request, client_address, self)
  File "/usr/lib/python3.10/http/server.py", line 435, in handle
    self.handle_one_request()
  File "/home/udeepa/CLB/scripts/fast_http_server.py", line 15, in do_GET
    self.wfile.write(body)
  File "/usr/lib/python3.10/socketserver.py", line 683, in process_request_thread
    self.finish_request(request, client_address)
  File "/usr/lib/python3.10/socketserver.py", line 360, in finish_request
    self.RequestHandlerClass(request, client_address, self)
  File "/usr/lib/python3.10/socketserver.py", line 747, in __init__
    self.handle()
  File "/usr/lib/python3.10/socketserver.py", line 747, in __init__
    self.handle()
  File "/usr/lib/python3.10/http/server.py", line 435, in handle
    self.handle_one_request()
  File "/usr/lib/python3.10/socketserver.py", line 360, in finish_request
    self.RequestHandlerClass(request, client_address, self)
  File "/usr/lib/python3.10/socketserver.py", line 683, in process_request_thread
    self.finish_request(request, client_address)
  File "/usr/lib/python3.10/socketserver.py", line 360, in finish_request
    self.RequestHandlerClass(request, client_address, self)
  File "/usr/lib/python3.10/socketserver.py", line 683, in process_request_thread
    self.finish_request(request, client_address)
  File "/usr/lib/python3.10/socketserver.py", line 360, in finish_request
    self.RequestHandlerClass(request, client_address, self)
  File "/usr/lib/python3.10/socketserver.py", line 683, in process_request_thread
    self.finish_request(request, client_address)
  File "/usr/lib/python3.10/socketserver.py", line 360, in finish_request
    self.RequestHandlerClass(request, client_address, self)
Traceback (most recent call last):
  File "/usr/lib/python3.10/socketserver.py", line 747, in __init__
    self.handle()
  File "/usr/lib/python3.10/socketserver.py", line 360, in finish_request
    self.RequestHandlerClass(request, client_address, self)
  File "/usr/lib/python3.10/socketserver.py", line 747, in __init__
    self.handle()
  File "/usr/lib/python3.10/http/server.py", line 435, in handle
    self.handle_one_request()
  File "/usr/lib/python3.10/socketserver.py", line 747, in __init__
    self.handle()
  File "/usr/lib/python3.10/socketserver.py", line 683, in process_request_thread
    self.finish_request(request, client_address)
  File "/usr/lib/python3.10/socketserver.py", line 360, in finish_request
    self.RequestHandlerClass(request, client_address, self)
  File "/usr/lib/python3.10/socketserver.py", line 747, in __init__
    self.handle()
  File "/usr/lib/python3.10/socketserver.py", line 360, in finish_request
    self.RequestHandlerClass(request, client_address, self)
  File "/home/udeepa/CLB/scripts/fast_http_server.py", line 15, in do_GET
    self.wfile.write(body)
  File "/usr/lib/python3.10/http/server.py", line 421, in handle_one_request
    method()
  File "/home/udeepa/CLB/scripts/fast_http_server.py", line 15, in do_GET
    self.wfile.write(body)
  File "/usr/lib/python3.10/socketserver.py", line 747, in __init__
    self.handle()
  File "/usr/lib/python3.10/socketserver.py", line 747, in __init__
    self.handle()
  File "/usr/lib/python3.10/http/server.py", line 435, in handle
    self.handle_one_request()
  File "/usr/lib/python3.10/socketserver.py", line 360, in finish_request
    self.RequestHandlerClass(request, client_address, self)
  File "/usr/lib/python3.10/http/server.py", line 435, in handle
    self.handle_one_request()
  File "/usr/lib/python3.10/socketserver.py", line 683, in process_request_thread
    self.finish_request(request, client_address)
  File "/usr/lib/python3.10/socketserver.py", line 360, in finish_request
    self.RequestHandlerClass(request, client_address, self)
  File "/usr/lib/python3.10/socketserver.py", line 747, in __init__
    self.handle()
  File "/usr/lib/python3.10/socketserver.py", line 360, in finish_request
    self.RequestHandlerClass(request, client_address, self)
  File "/usr/lib/python3.10/socketserver.py", line 747, in __init__
    self.handle()
  File "/usr/lib/python3.10/socketserver.py", line 747, in __init__
    self.handle()
  File "/usr/lib/python3.10/http/server.py", line 435, in handle
    self.handle_one_request()
  File "/usr/lib/python3.10/http/server.py", line 401, in handle_one_request
    self.raw_requestline = self.rfile.readline(65537)
  File "/usr/lib/python3.10/socketserver.py", line 683, in process_request_thread
    self.finish_request(request, client_address)
  File "/usr/lib/python3.10/http/server.py", line 435, in handle
    self.handle_one_request()
  File "/usr/lib/python3.10/socketserver.py", line 747, in __init__
    self.handle()
  File "/usr/lib/python3.10/http/server.py", line 401, in handle_one_request
    self.raw_requestline = self.rfile.readline(65537)
  File "/usr/lib/python3.10/socket.py", line 705, in readinto
    return self._sock.recv_into(b)
  File "/usr/lib/python3.10/http/server.py", line 435, in handle
    self.handle_one_request()
  File "/usr/lib/python3.10/socketserver.py", line 683, in process_request_thread
    self.finish_request(request, client_address)
  File "/usr/lib/python3.10/socketserver.py", line 826, in write
    self._sock.sendall(b)
  File "/usr/lib/python3.10/socketserver.py", line 360, in finish_request
    self.RequestHandlerClass(request, client_address, self)
  File "/usr/lib/python3.10/socketserver.py", line 747, in __init__
    self.handle()
  File "/usr/lib/python3.10/http/server.py", line 435, in handle
    self.handle_one_request()
  File "/usr/lib/python3.10/http/server.py", line 421, in handle_one_request
    method()
  File "/usr/lib/python3.10/socketserver.py", line 747, in __init__
    self.handle()
  File "/usr/lib/python3.10/http/server.py", line 421, in handle_one_request
    method()
  File "/usr/lib/python3.10/socketserver.py", line 747, in __init__
    self.handle()
  File "/usr/lib/python3.10/socket.py", line 705, in readinto
    return self._sock.recv_into(b)
  File "/usr/lib/python3.10/socketserver.py", line 360, in finish_request
    self.RequestHandlerClass(request, client_address, self)
  File "/usr/lib/python3.10/socketserver.py", line 747, in __init__
    self.handle()
  File "/usr/lib/python3.10/http/server.py", line 435, in handle
    self.handle_one_request()
  File "/usr/lib/python3.10/socketserver.py", line 683, in process_request_thread
    self.finish_request(request, client_address)
  File "/usr/lib/python3.10/socketserver.py", line 747, in __init__
    self.handle()
  File "/usr/lib/python3.10/http/server.py", line 401, in handle_one_request
    self.raw_requestline = self.rfile.readline(65537)
  File "/usr/lib/python3.10/socket.py", line 705, in readinto
    return self._sock.recv_into(b)
  File "/usr/lib/python3.10/http/server.py", line 435, in handle
    self.handle_one_request()
  File "/usr/lib/python3.10/http/server.py", line 435, in handle
    self.handle_one_request()
  File "/home/udeepa/CLB/scripts/fast_http_server.py", line 15, in do_GET
    self.wfile.write(body)
  File "/usr/lib/python3.10/socketserver.py", line 826, in write
    self._sock.sendall(b)
  File "/usr/lib/python3.10/socketserver.py", line 747, in __init__
    self.handle()
  File "/usr/lib/python3.10/http/server.py", line 421, in handle_one_request
    method()
  File "/usr/lib/python3.10/socketserver.py", line 826, in write
    self._sock.sendall(b)
  File "/usr/lib/python3.10/socketserver.py", line 826, in write
    self._sock.sendall(b)
  File "/usr/lib/python3.10/http/server.py", line 435, in handle
    self.handle_one_request()
  File "/usr/lib/python3.10/http/server.py", line 435, in handle
    self.handle_one_request()
  File "/usr/lib/python3.10/http/server.py", line 421, in handle_one_request
    method()
  File "/home/udeepa/CLB/scripts/fast_http_server.py", line 15, in do_GET
    self.wfile.write(body)
  File "/usr/lib/python3.10/socketserver.py", line 826, in write
    self._sock.sendall(b)
  File "/usr/lib/python3.10/http/server.py", line 435, in handle
    self.handle_one_request()
  File "/usr/lib/python3.10/socketserver.py", line 747, in __init__
    self.handle()
  File "/usr/lib/python3.10/http/server.py", line 435, in handle
    self.handle_one_request()
  File "/usr/lib/python3.10/http/server.py", line 435, in handle
    self.handle_one_request()
  File "/usr/lib/python3.10/http/server.py", line 435, in handle
    self.handle_one_request()
  File "/usr/lib/python3.10/http/server.py", line 421, in handle_one_request
    method()
  File "/usr/lib/python3.10/socketserver.py", line 683, in process_request_thread
    self.finish_request(request, client_address)
  File "/usr/lib/python3.10/socketserver.py", line 360, in finish_request
    self.RequestHandlerClass(request, client_address, self)
  File "/usr/lib/python3.10/socketserver.py", line 360, in finish_request
    self.RequestHandlerClass(request, client_address, self)
  File "/usr/lib/python3.10/http/server.py", line 435, in handle
    self.handle_one_request()
  File "/usr/lib/python3.10/http/server.py", line 435, in handle
    self.handle_one_request()
  File "/usr/lib/python3.10/http/server.py", line 421, in handle_one_request
    method()
  File "/usr/lib/python3.10/socketserver.py", line 747, in __init__
    self.handle()
  File "/home/udeepa/CLB/scripts/fast_http_server.py", line 15, in do_GET
    self.wfile.write(body)
BrokenPipeError: [Errno 32] Broken pipe
  File "/usr/lib/python3.10/http/server.py", line 435, in handle
    self.handle_one_request()
  File "/usr/lib/python3.10/http/server.py", line 421, in handle_one_request
    method()
  File "/usr/lib/python3.10/http/server.py", line 421, in handle_one_request
    method()
  File "/home/udeepa/CLB/scripts/fast_http_server.py", line 15, in do_GET
    self.wfile.write(body)
  File "/usr/lib/python3.10/socketserver.py", line 826, in write
    self._sock.sendall(b)
  File "/home/udeepa/CLB/scripts/fast_http_server.py", line 15, in do_GET
    self.wfile.write(body)
  File "/usr/lib/python3.10/http/server.py", line 401, in handle_one_request
    self.raw_requestline = self.rfile.readline(65537)
  File "/usr/lib/python3.10/socketserver.py", line 360, in finish_request
    self.RequestHandlerClass(request, client_address, self)
ConnectionResetError: [Errno 104] Connection reset by peer
  File "/usr/lib/python3.10/socketserver.py", line 747, in __init__
    self.handle()
  File "/usr/lib/python3.10/socketserver.py", line 747, in __init__
    self.handle()
  File "/usr/lib/python3.10/socketserver.py", line 360, in finish_request
    self.RequestHandlerClass(request, client_address, self)
  File "/usr/lib/python3.10/socketserver.py", line 747, in __init__
    self.handle()
  File "/usr/lib/python3.10/http/server.py", line 435, in handle
    self.handle_one_request()
  File "/usr/lib/python3.10/http/server.py", line 401, in handle_one_request
    self.raw_requestline = self.rfile.readline(65537)
ConnectionResetError: [Errno 104] Connection reset by peer
----------------------------------------
  File "/home/udeepa/CLB/scripts/fast_http_server.py", line 15, in do_GET
    self.wfile.write(body)
  File "/usr/lib/python3.10/socketserver.py", line 826, in write
    self._sock.sendall(b)
  File "/usr/lib/python3.10/http/server.py", line 435, in handle
    self.handle_one_request()
ConnectionResetError: [Errno 104] Connection reset by peer
----------------------------------------
  File "/usr/lib/python3.10/http/server.py", line 421, in handle_one_request
    method()
  File "/home/udeepa/CLB/scripts/fast_http_server.py", line 15, in do_GET
    self.wfile.write(body)
  File "/home/udeepa/CLB/scripts/fast_http_server.py", line 15, in do_GET
    self.wfile.write(body)
  File "/usr/lib/python3.10/socketserver.py", line 747, in __init__
    self.handle()
  File "/usr/lib/python3.10/http/server.py", line 421, in handle_one_request
    method()
  File "/usr/lib/python3.10/http/server.py", line 435, in handle
    self.handle_one_request()
  File "/usr/lib/python3.10/http/server.py", line 401, in handle_one_request
    self.raw_requestline = self.rfile.readline(65537)
  File "/usr/lib/python3.10/http/server.py", line 401, in handle_one_request
    self.raw_requestline = self.rfile.readline(65537)
  File "/usr/lib/python3.10/socket.py", line 705, in readinto
    return self._sock.recv_into(b)
  File "/usr/lib/python3.10/http/server.py", line 435, in handle
    self.handle_one_request()
  File "/usr/lib/python3.10/http/server.py", line 401, in handle_one_request
    self.raw_requestline = self.rfile.readline(65537)
  File "/usr/lib/python3.10/socketserver.py", line 747, in __init__
    self.handle()
  File "/usr/lib/python3.10/http/server.py", line 435, in handle
    self.handle_one_request()
  File "/usr/lib/python3.10/socketserver.py", line 747, in __init__
    self.handle()
  File "/usr/lib/python3.10/http/server.py", line 401, in handle_one_request
    self.raw_requestline = self.rfile.readline(65537)
  File "/usr/lib/python3.10/socketserver.py", line 360, in finish_request
    self.RequestHandlerClass(request, client_address, self)
  File "/usr/lib/python3.10/http/server.py", line 421, in handle_one_request
    method()
  File "/usr/lib/python3.10/socketserver.py", line 360, in finish_request
    self.RequestHandlerClass(request, client_address, self)
  File "/usr/lib/python3.10/http/server.py", line 421, in handle_one_request
    method()
----------------------------------------
  File "/usr/lib/python3.10/http/server.py", line 435, in handle
    self.handle_one_request()
  File "/home/udeepa/CLB/scripts/fast_http_server.py", line 15, in do_GET
    self.wfile.write(body)
  File "/usr/lib/python3.10/socketserver.py", line 826, in write
    self._sock.sendall(b)
  File "/usr/lib/python3.10/socketserver.py", line 826, in write
    self._sock.sendall(b)
BrokenPipeError: [Errno 32] Broken pipe
  File "/usr/lib/python3.10/socketserver.py", line 826, in write
    self._sock.sendall(b)
  File "/usr/lib/python3.10/socket.py", line 705, in readinto
    return self._sock.recv_into(b)
  File "/usr/lib/python3.10/http/server.py", line 435, in handle
    self.handle_one_request()
  File "/usr/lib/python3.10/http/server.py", line 435, in handle
    self.handle_one_request()
  File "/usr/lib/python3.10/socket.py", line 705, in readinto
    return self._sock.recv_into(b)
  File "/usr/lib/python3.10/socketserver.py", line 360, in finish_request
    self.RequestHandlerClass(request, client_address, self)
  File "/usr/lib/python3.10/socketserver.py", line 747, in __init__
    self.handle()
  File "/usr/lib/python3.10/http/server.py", line 435, in handle
    self.handle_one_request()
ConnectionResetError: [Errno 104] Connection reset by peer
  File "/usr/lib/python3.10/http/server.py", line 421, in handle_one_request
    method()
BrokenPipeError: [Errno 32] Broken pipe
ConnectionResetError: [Errno 104] Connection reset by peer
  File "/usr/lib/python3.10/socketserver.py", line 747, in __init__
    self.handle()
  File "/home/udeepa/CLB/scripts/fast_http_server.py", line 15, in do_GET
    self.wfile.write(body)
  File "/home/udeepa/CLB/scripts/fast_http_server.py", line 15, in do_GET
    self.wfile.write(body)
  File "/usr/lib/python3.10/socketserver.py", line 683, in process_request_thread
    self.finish_request(request, client_address)
  File "/usr/lib/python3.10/http/server.py", line 421, in handle_one_request
    method()
ConnectionResetError: [Errno 104] Connection reset by peer
  File "/usr/lib/python3.10/http/server.py", line 435, in handle
    self.handle_one_request()
  File "/usr/lib/python3.10/http/server.py", line 401, in handle_one_request
    self.raw_requestline = self.rfile.readline(65537)
  File "/home/udeepa/CLB/scripts/fast_http_server.py", line 15, in do_GET
    self.wfile.write(body)
  File "/usr/lib/python3.10/socketserver.py", line 747, in __init__
    self.handle()
  File "/usr/lib/python3.10/http/server.py", line 401, in handle_one_request
    self.raw_requestline = self.rfile.readline(65537)
  File "/usr/lib/python3.10/socket.py", line 705, in readinto
    return self._sock.recv_into(b)
  File "/usr/lib/python3.10/http/server.py", line 401, in handle_one_request
    self.raw_requestline = self.rfile.readline(65537)
  File "/usr/lib/python3.10/http/server.py", line 435, in handle
    self.handle_one_request()
  File "/usr/lib/python3.10/socket.py", line 705, in readinto
    return self._sock.recv_into(b)
----------------------------------------
  File "/home/udeepa/CLB/scripts/fast_http_server.py", line 15, in do_GET
    self.wfile.write(body)
  File "/usr/lib/python3.10/socketserver.py", line 826, in write
    self._sock.sendall(b)
  File "/usr/lib/python3.10/http/server.py", line 435, in handle
    self.handle_one_request()
  File "/usr/lib/python3.10/socketserver.py", line 826, in write
    self._sock.sendall(b)
ConnectionResetError: [Errno 104] Connection reset by peer
  File "/usr/lib/python3.10/http/server.py", line 421, in handle_one_request
    method()
  File "/usr/lib/python3.10/socketserver.py", line 826, in write
    self._sock.sendall(b)
BrokenPipeError: [Errno 32] Broken pipe
ConnectionResetError: [Errno 104] Connection reset by peer
----------------------------------------
  File "/usr/lib/python3.10/socket.py", line 705, in readinto
    return self._sock.recv_into(b)
ConnectionResetError: [Errno 104] Connection reset by peer
  File "/usr/lib/python3.10/http/server.py", line 435, in handle
    self.handle_one_request()
  File "/home/udeepa/CLB/scripts/fast_http_server.py", line 15, in do_GET
    self.wfile.write(body)
  File "/usr/lib/python3.10/socketserver.py", line 826, in write
    self._sock.sendall(b)
  File "/usr/lib/python3.10/socket.py", line 705, in readinto
    return self._sock.recv_into(b)
  File "/usr/lib/python3.10/socket.py", line 705, in readinto
    return self._sock.recv_into(b)
  File "/usr/lib/python3.10/http/server.py", line 435, in handle
    self.handle_one_request()
  File "/usr/lib/python3.10/http/server.py", line 401, in handle_one_request
    self.raw_requestline = self.rfile.readline(65537)
ConnectionResetError: [Errno 104] Connection reset by peer
----------------------------------------
  File "/usr/lib/python3.10/socketserver.py", line 747, in __init__
    self.handle()
  File "/usr/lib/python3.10/http/server.py", line 435, in handle
    self.handle_one_request()
ConnectionResetError: [Errno 104] Connection reset by peer
----------------------------------------
  File "/home/udeepa/CLB/scripts/fast_http_server.py", line 15, in do_GET
    self.wfile.write(body)
ConnectionResetError: [Errno 104] Connection reset by peer
----------------------------------------
----------------------------------------
  File "/usr/lib/python3.10/socket.py", line 705, in readinto
    return self._sock.recv_into(b)
ConnectionResetError: [Errno 104] Connection reset by peer
----------------------------------------
  File "/usr/lib/python3.10/http/server.py", line 401, in handle_one_request
    self.raw_requestline = self.rfile.readline(65537)
  File "/usr/lib/python3.10/socket.py", line 705, in readinto
    return self._sock.recv_into(b)
ConnectionResetError: [Errno 104] Connection reset by peer
  File "/usr/lib/python3.10/http/server.py", line 401, in handle_one_request
    self.raw_requestline = self.rfile.readline(65537)
  File "/usr/lib/python3.10/http/server.py", line 401, in handle_one_request
    self.raw_requestline = self.rfile.readline(65537)
  File "/usr/lib/python3.10/http/server.py", line 421, in handle_one_request
    method()
  File "/home/udeepa/CLB/scripts/fast_http_server.py", line 15, in do_GET
    self.wfile.write(body)
  File "/home/udeepa/CLB/scripts/fast_http_server.py", line 15, in do_GET
    self.wfile.write(body)
BrokenPipeError: [Errno 32] Broken pipe
  File "/usr/lib/python3.10/http/server.py", line 435, in handle
    self.handle_one_request()
  File "/usr/lib/python3.10/http/server.py", line 421, in handle_one_request
    method()
----------------------------------------
  File "/usr/lib/python3.10/socketserver.py", line 360, in finish_request
    self.RequestHandlerClass(request, client_address, self)
  File "/home/udeepa/CLB/scripts/fast_http_server.py", line 15, in do_GET
    self.wfile.write(body)
  File "/usr/lib/python3.10/socketserver.py", line 826, in write
    self._sock.sendall(b)
----------------------------------------
ConnectionResetError: [Errno 104] Connection reset by peer
----------------------------------------
ConnectionResetError: [Errno 104] Connection reset by peer
ConnectionResetError: [Errno 104] Connection reset by peer
ConnectionResetError: [Errno 104] Connection reset by peer
ConnectionResetError: [Errno 104] Connection reset by peer
  File "/usr/lib/python3.10/http/server.py", line 401, in handle_one_request
    self.raw_requestline = self.rfile.readline(65537)
  File "/usr/lib/python3.10/socket.py", line 705, in readinto
    return self._sock.recv_into(b)
  File "/usr/lib/python3.10/socket.py", line 705, in readinto
    return self._sock.recv_into(b)
----------------------------------------
  File "/usr/lib/python3.10/http/server.py", line 421, in handle_one_request
    method()
  File "/home/udeepa/CLB/scripts/fast_http_server.py", line 15, in do_GET
    self.wfile.write(body)
  File "/usr/lib/python3.10/socketserver.py", line 826, in write
    self._sock.sendall(b)
  File "/usr/lib/python3.10/socketserver.py", line 826, in write
    self._sock.sendall(b)
  File "/usr/lib/python3.10/socketserver.py", line 826, in write
    self._sock.sendall(b)
----------------------------------------
  File "/usr/lib/python3.10/socketserver.py", line 826, in write
    self._sock.sendall(b)
----------------------------------------
  File "/usr/lib/python3.10/http/server.py", line 401, in handle_one_request
    self.raw_requestline = self.rfile.readline(65537)
ConnectionResetError: [Errno 104] Connection reset by peer
ConnectionResetError: [Errno 104] Connection reset by peer
----------------------------------------
----------------------------------------
----------------------------------------
  File "/usr/lib/python3.10/socketserver.py", line 826, in write
    self._sock.sendall(b)
  File "/usr/lib/python3.10/http/server.py", line 421, in handle_one_request
    method()
  File "/home/udeepa/CLB/scripts/fast_http_server.py", line 15, in do_GET
    self.wfile.write(body)
ConnectionResetError: [Errno 104] Connection reset by peer
BrokenPipeError: [Errno 32] Broken pipe
ConnectionResetError: [Errno 104] Connection reset by peer
----------------------------------------
  File "/usr/lib/python3.10/socket.py", line 705, in readinto
    return self._sock.recv_into(b)
----------------------------------------
----------------------------------------
  File "/usr/lib/python3.10/socket.py", line 705, in readinto
    return self._sock.recv_into(b)
  File "/usr/lib/python3.10/socketserver.py", line 826, in write
    self._sock.sendall(b)
----------------------------------------
  File "/usr/lib/python3.10/socket.py", line 705, in readinto
    return self._sock.recv_into(b)
BrokenPipeError: [Errno 32] Broken pipe
----------------------------------------
  File "/usr/lib/python3.10/socketserver.py", line 747, in __init__
    self.handle()
----------------------------------------
----------------------------------------
----------------------------------------
----------------------------------------
ConnectionResetError: [Errno 104] Connection reset by peer
ConnectionResetError: [Errno 104] Connection reset by peer
ConnectionResetError: [Errno 104] Connection reset by peer
  File "/home/udeepa/CLB/scripts/fast_http_server.py", line 15, in do_GET
    self.wfile.write(body)
  File "/usr/lib/python3.10/socketserver.py", line 826, in write
    self._sock.sendall(b)
----------------------------------------
ConnectionResetError: [Errno 104] Connection reset by peer
ConnectionResetError: [Errno 104] Connection reset by peer
ConnectionResetError: [Errno 104] Connection reset by peer
BrokenPipeError: [Errno 32] Broken pipe
ConnectionResetError: [Errno 104] Connection reset by peer
  File "/usr/lib/python3.10/socketserver.py", line 826, in write
    self._sock.sendall(b)
ConnectionResetError: [Errno 104] Connection reset by peer
----------------------------------------
  File "/usr/lib/python3.10/socket.py", line 705, in readinto
    return self._sock.recv_into(b)
----------------------------------------
----------------------------------------
----------------------------------------
  File "/usr/lib/python3.10/socketserver.py", line 826, in write
    self._sock.sendall(b)
BrokenPipeError: [Errno 32] Broken pipe
----------------------------------------
----------------------------------------
----------------------------------------
----------------------------------------
BrokenPipeError: [Errno 32] Broken pipe
----------------------------------------
ConnectionResetError: [Errno 104] Connection reset by peer
ConnectionResetError: [Errno 104] Connection reset by peer
  File "/usr/lib/python3.10/http/server.py", line 435, in handle
    self.handle_one_request()
----------------------------------------
----------------------------------------
----------------------------------------
----------------------------------------
  File "/usr/lib/python3.10/http/server.py", line 401, in handle_one_request
    self.raw_requestline = self.rfile.readline(65537)
----------------------------------------
  File "/usr/lib/python3.10/socket.py", line 705, in readinto
    return self._sock.recv_into(b)
ConnectionResetError: [Errno 104] Connection reset by peer
----------------------------------------
----------------------------------------
----------------------------------------
----------------------------------------
----------------------------------------
----------------------------------------
----------------------------------------
----------------------------------------
----------------------------------------
----------------------------------------
----------------------------------------
----------------------------------------
----------------------------------------
----------------------------------------
----------------------------------------
----------------------------------------
----------------------------------------
----------------------------------------
----------------------------------------
----------------------------------------
----------------------------------------
----------------------------------------
----------------------------------------
----------------------------------------
----------------------------------------
----------------------------------------
----------------------------------------
Exception occurred during processing of request from ('10.200.2.1', 35964)
Exception occurred during processing of request from ('10.200.2.1', 35956)
Exception occurred during processing of request from ('10.200.2.1', 35902)
Exception occurred during processing of request from ('10.200.2.1', 35888)
Exception occurred during processing of request from ('10.200.2.1', 35746)
Exception occurred during processing of request from ('10.200.2.1', 35698)
Exception occurred during processing of request from ('10.200.2.1', 35630)
Exception occurred during processing of request from ('10.200.2.1', 35820)
Exception occurred during processing of request from ('10.200.2.1', 35528)
----------------------------------------
Exception occurred during processing of request from ('10.200.2.1', 35652)
----------------------------------------
Exception occurred during processing of request from ('10.200.2.1', 35890)
Exception occurred during processing of request from ('10.200.2.1', 35880)
----------------------------------------
----------------------------------------
Exception occurred during processing of request from ('10.200.2.1', 35778)
Exception occurred during processing of request from ('10.200.2.1', 35718)
Exception occurred during processing of request from ('10.200.2.1', 35666)
Exception occurred during processing of request from ('10.200.2.1', 35600)
Exception occurred during processing of request from ('10.200.2.1', 35614)
Exception occurred during processing of request from ('10.200.2.1', 35804)
Exception occurred during processing of request from ('10.200.2.1', 35620)
Exception occurred during processing of request from ('10.200.2.1', 35646)
----------------------------------------
Traceback (most recent call last):
----------------------------------------
Traceback (most recent call last):
Traceback (most recent call last):
Traceback (most recent call last):
Traceback (most recent call last):
Exception occurred during processing of request from ('10.200.2.1', 35700)
----------------------------------------
Exception occurred during processing of request from ('10.200.2.1', 35838)
Exception occurred during processing of request from ('10.200.2.1', 35548)
Exception occurred during processing of request from ('10.200.2.1', 35578)
Traceback (most recent call last):
Exception occurred during processing of request from ('10.200.2.1', 35794)
Exception occurred during processing of request from ('10.200.2.1', 35730)
Exception occurred during processing of request from ('10.200.2.1', 35786)
----------------------------------------
----------------------------------------
----------------------------------------
----------------------------------------
----------------------------------------
Traceback (most recent call last):
----------------------------------------
Traceback (most recent call last):
Exception occurred during processing of request from ('10.200.2.1', 35828)
  File "/usr/lib/python3.10/socketserver.py", line 683, in process_request_thread
    self.finish_request(request, client_address)
Exception occurred during processing of request from ('10.200.2.1', 35848)
  File "/usr/lib/python3.10/socketserver.py", line 683, in process_request_thread
    self.finish_request(request, client_address)
  File "/usr/lib/python3.10/socketserver.py", line 683, in process_request_thread
    self.finish_request(request, client_address)
  File "/usr/lib/python3.10/socketserver.py", line 360, in finish_request
    self.RequestHandlerClass(request, client_address, self)
  File "/usr/lib/python3.10/socketserver.py", line 683, in process_request_thread
    self.finish_request(request, client_address)
Traceback (most recent call last):
Exception occurred during processing of request from ('10.200.2.1', 35570)
Traceback (most recent call last):
----------------------------------------
Traceback (most recent call last):
Traceback (most recent call last):
  File "/usr/lib/python3.10/socketserver.py", line 683, in process_request_thread
    self.finish_request(request, client_address)
  File "/usr/lib/python3.10/socketserver.py", line 360, in finish_request
    self.RequestHandlerClass(request, client_address, self)
----------------------------------------
Traceback (most recent call last):
Traceback (most recent call last):
Exception occurred during processing of request from ('10.200.2.1', 35684)
Traceback (most recent call last):
Traceback (most recent call last):
----------------------------------------
Traceback (most recent call last):
Traceback (most recent call last):
----------------------------------------
Traceback (most recent call last):
Traceback (most recent call last):
----------------------------------------
Traceback (most recent call last):
----------------------------------------
Traceback (most recent call last):
  File "/usr/lib/python3.10/socketserver.py", line 360, in finish_request
    self.RequestHandlerClass(request, client_address, self)
Traceback (most recent call last):
Traceback (most recent call last):
  File "/usr/lib/python3.10/socketserver.py", line 683, in process_request_thread
    self.finish_request(request, client_address)
Exception occurred during processing of request from ('10.200.2.1', 35864)
  File "/usr/lib/python3.10/socketserver.py", line 683, in process_request_thread
    self.finish_request(request, client_address)
  File "/usr/lib/python3.10/socketserver.py", line 683, in process_request_thread
    self.finish_request(request, client_address)
Traceback (most recent call last):
----------------------------------------
Traceback (most recent call last):
Traceback (most recent call last):
Exception occurred during processing of request from ('10.200.2.1', 35586)
  File "/usr/lib/python3.10/socketserver.py", line 683, in process_request_thread
    self.finish_request(request, client_address)
Exception occurred during processing of request from ('10.200.2.1', 35936)
Exception occurred during processing of request from ('10.200.2.1', 35938)
  File "/usr/lib/python3.10/socketserver.py", line 683, in process_request_thread
    self.finish_request(request, client_address)
Exception occurred during processing of request from ('10.200.2.1', 35946)
  File "/usr/lib/python3.10/socketserver.py", line 683, in process_request_thread
    self.finish_request(request, client_address)
----------------------------------------
  File "/usr/lib/python3.10/socketserver.py", line 360, in finish_request
    self.RequestHandlerClass(request, client_address, self)
----------------------------------------
  File "/usr/lib/python3.10/socketserver.py", line 360, in finish_request
    self.RequestHandlerClass(request, client_address, self)
Exception occurred during processing of request from ('10.200.2.1', 35708)
  File "/usr/lib/python3.10/socketserver.py", line 683, in process_request_thread
    self.finish_request(request, client_address)
  File "/usr/lib/python3.10/socketserver.py", line 360, in finish_request
    self.RequestHandlerClass(request, client_address, self)
  File "/usr/lib/python3.10/socketserver.py", line 747, in __init__
    self.handle()
  File "/usr/lib/python3.10/socketserver.py", line 683, in process_request_thread
    self.finish_request(request, client_address)
Traceback (most recent call last):
  File "/usr/lib/python3.10/socketserver.py", line 360, in finish_request
    self.RequestHandlerClass(request, client_address, self)
Traceback (most recent call last):
  File "/usr/lib/python3.10/socketserver.py", line 360, in finish_request
    self.RequestHandlerClass(request, client_address, self)
  File "/usr/lib/python3.10/socketserver.py", line 360, in finish_request
    self.RequestHandlerClass(request, client_address, self)
  File "/usr/lib/python3.10/socketserver.py", line 683, in process_request_thread
    self.finish_request(request, client_address)
Exception occurred during processing of request from ('10.200.2.1', 35670)
  File "/usr/lib/python3.10/socketserver.py", line 683, in process_request_thread
    self.finish_request(request, client_address)
  File "/usr/lib/python3.10/socketserver.py", line 683, in process_request_thread
    self.finish_request(request, client_address)
Traceback (most recent call last):
Traceback (most recent call last):
Exception occurred during processing of request from ('10.200.2.1', 35772)
  File "/usr/lib/python3.10/socketserver.py", line 683, in process_request_thread
    self.finish_request(request, client_address)
  File "/usr/lib/python3.10/socketserver.py", line 360, in finish_request
    self.RequestHandlerClass(request, client_address, self)
  File "/usr/lib/python3.10/socketserver.py", line 747, in __init__
    self.handle()
Exception occurred during processing of request from ('10.200.2.1', 35884)
  File "/usr/lib/python3.10/socketserver.py", line 683, in process_request_thread
    self.finish_request(request, client_address)
  File "/usr/lib/python3.10/socketserver.py", line 683, in process_request_thread
    self.finish_request(request, client_address)
Exception occurred during processing of request from ('10.200.2.1', 35610)
  File "/usr/lib/python3.10/socketserver.py", line 683, in process_request_thread
    self.finish_request(request, client_address)
  File "/usr/lib/python3.10/socketserver.py", line 360, in finish_request
    self.RequestHandlerClass(request, client_address, self)
  File "/usr/lib/python3.10/socketserver.py", line 747, in __init__
    self.handle()
  File "/usr/lib/python3.10/socketserver.py", line 683, in process_request_thread
    self.finish_request(request, client_address)
  File "/usr/lib/python3.10/socketserver.py", line 747, in __init__
    self.handle()
  File "/usr/lib/python3.10/socketserver.py", line 683, in process_request_thread
    self.finish_request(request, client_address)
  File "/usr/lib/python3.10/socketserver.py", line 360, in finish_request
    self.RequestHandlerClass(request, client_address, self)
Traceback (most recent call last):
  File "/usr/lib/python3.10/socketserver.py", line 683, in process_request_thread
    self.finish_request(request, client_address)
  File "/usr/lib/python3.10/socketserver.py", line 360, in finish_request
    self.RequestHandlerClass(request, client_address, self)
Traceback (most recent call last):
  File "/usr/lib/python3.10/socketserver.py", line 747, in __init__
    self.handle()
  File "/usr/lib/python3.10/http/server.py", line 435, in handle
    self.handle_one_request()
  File "/usr/lib/python3.10/socketserver.py", line 747, in __init__
    self.handle()
  File "/usr/lib/python3.10/http/server.py", line 435, in handle
    self.handle_one_request()
  File "/usr/lib/python3.10/socketserver.py", line 683, in process_request_thread
    self.finish_request(request, client_address)
  File "/usr/lib/python3.10/socketserver.py", line 360, in finish_request
    self.RequestHandlerClass(request, client_address, self)
  File "/usr/lib/python3.10/socketserver.py", line 747, in __init__
    self.handle()
  File "/usr/lib/python3.10/socketserver.py", line 360, in finish_request
    self.RequestHandlerClass(request, client_address, self)
  File "/usr/lib/python3.10/socketserver.py", line 683, in process_request_thread
    self.finish_request(request, client_address)
  File "/usr/lib/python3.10/socketserver.py", line 360, in finish_request
    self.RequestHandlerClass(request, client_address, self)
Traceback (most recent call last):
Traceback (most recent call last):
  File "/usr/lib/python3.10/socketserver.py", line 360, in finish_request
    self.RequestHandlerClass(request, client_address, self)
Exception occurred during processing of request from ('10.200.2.1', 35924)
  File "/usr/lib/python3.10/socketserver.py", line 360, in finish_request
    self.RequestHandlerClass(request, client_address, self)
  File "/usr/lib/python3.10/socketserver.py", line 747, in __init__
    self.handle()
Exception occurred during processing of request from ('10.200.2.1', 35762)
  File "/usr/lib/python3.10/socketserver.py", line 747, in __init__
    self.handle()
  File "/usr/lib/python3.10/http/server.py", line 435, in handle
    self.handle_one_request()
  File "/usr/lib/python3.10/socketserver.py", line 360, in finish_request
    self.RequestHandlerClass(request, client_address, self)
  File "/usr/lib/python3.10/http/server.py", line 435, in handle
    self.handle_one_request()
  File "/usr/lib/python3.10/http/server.py", line 401, in handle_one_request
    self.raw_requestline = self.rfile.readline(65537)
Exception occurred during processing of request from ('10.200.2.1', 35748)
  File "/usr/lib/python3.10/socketserver.py", line 683, in process_request_thread
    self.finish_request(request, client_address)
  File "/usr/lib/python3.10/socketserver.py", line 683, in process_request_thread
    self.finish_request(request, client_address)
Exception occurred during processing of request from ('10.200.2.1', 35830)
  File "/usr/lib/python3.10/socketserver.py", line 360, in finish_request
    self.RequestHandlerClass(request, client_address, self)
  File "/usr/lib/python3.10/socketserver.py", line 747, in __init__
    self.handle()
  File "/usr/lib/python3.10/http/server.py", line 435, in handle
    self.handle_one_request()
Traceback (most recent call last):
  File "/usr/lib/python3.10/socketserver.py", line 683, in process_request_thread
    self.finish_request(request, client_address)
Traceback (most recent call last):
  File "/usr/lib/python3.10/socketserver.py", line 360, in finish_request
    self.RequestHandlerClass(request, client_address, self)
  File "/usr/lib/python3.10/socketserver.py", line 747, in __init__
    self.handle()
  File "/usr/lib/python3.10/socketserver.py", line 683, in process_request_thread
    self.finish_request(request, client_address)
  File "/usr/lib/python3.10/http/server.py", line 435, in handle
    self.handle_one_request()
Traceback (most recent call last):
  File "/usr/lib/python3.10/socketserver.py", line 747, in __init__
    self.handle()
  File "/usr/lib/python3.10/socketserver.py", line 747, in __init__
    self.handle()
  File "/usr/lib/python3.10/http/server.py", line 435, in handle
    self.handle_one_request()
  File "/usr/lib/python3.10/socketserver.py", line 360, in finish_request
    self.RequestHandlerClass(request, client_address, self)
  File "/usr/lib/python3.10/socketserver.py", line 683, in process_request_thread
    self.finish_request(request, client_address)
  File "/usr/lib/python3.10/http/server.py", line 435, in handle
    self.handle_one_request()
  File "/usr/lib/python3.10/http/server.py", line 401, in handle_one_request
    self.raw_requestline = self.rfile.readline(65537)
  File "/usr/lib/python3.10/socketserver.py", line 747, in __init__
    self.handle()
  File "/usr/lib/python3.10/http/server.py", line 435, in handle
    self.handle_one_request()
  File "/usr/lib/python3.10/socketserver.py", line 747, in __init__
    self.handle()
Traceback (most recent call last):
  File "/usr/lib/python3.10/socketserver.py", line 360, in finish_request
    self.RequestHandlerClass(request, client_address, self)
  File "/usr/lib/python3.10/socketserver.py", line 747, in __init__
    self.handle()
  File "/usr/lib/python3.10/http/server.py", line 401, in handle_one_request
    self.raw_requestline = self.rfile.readline(65537)
Traceback (most recent call last):
  File "/usr/lib/python3.10/socketserver.py", line 360, in finish_request
    self.RequestHandlerClass(request, client_address, self)
  File "/usr/lib/python3.10/socketserver.py", line 683, in process_request_thread
    self.finish_request(request, client_address)
  File "/usr/lib/python3.10/socketserver.py", line 360, in finish_request
    self.RequestHandlerClass(request, client_address, self)
  File "/usr/lib/python3.10/socketserver.py", line 683, in process_request_thread
    self.finish_request(request, client_address)
  File "/usr/lib/python3.10/socketserver.py", line 360, in finish_request
    self.RequestHandlerClass(request, client_address, self)
  File "/usr/lib/python3.10/socketserver.py", line 683, in process_request_thread
    self.finish_request(request, client_address)
  File "/usr/lib/python3.10/socketserver.py", line 683, in process_request_thread
    self.finish_request(request, client_address)
  File "/usr/lib/python3.10/socketserver.py", line 360, in finish_request
    self.RequestHandlerClass(request, client_address, self)
Traceback (most recent call last):
  File "/usr/lib/python3.10/socketserver.py", line 747, in __init__
    self.handle()
Traceback (most recent call last):
Exception occurred during processing of request from ('10.200.2.1', 35910)
Traceback (most recent call last):
  File "/usr/lib/python3.10/http/server.py", line 435, in handle
    self.handle_one_request()
  File "/usr/lib/python3.10/http/server.py", line 401, in handle_one_request
    self.raw_requestline = self.rfile.readline(65537)
Traceback (most recent call last):
  File "/usr/lib/python3.10/socket.py", line 705, in readinto
    return self._sock.recv_into(b)
  File "/usr/lib/python3.10/http/server.py", line 435, in handle
    self.handle_one_request()
  File "/usr/lib/python3.10/socketserver.py", line 683, in process_request_thread
    self.finish_request(request, client_address)
  File "/usr/lib/python3.10/socketserver.py", line 360, in finish_request
    self.RequestHandlerClass(request, client_address, self)
  File "/usr/lib/python3.10/socketserver.py", line 747, in __init__
    self.handle()
  File "/usr/lib/python3.10/socketserver.py", line 360, in finish_request
    self.RequestHandlerClass(request, client_address, self)
Exception occurred during processing of request from ('10.200.2.1', 35516)
  File "/usr/lib/python3.10/http/server.py", line 401, in handle_one_request
    self.raw_requestline = self.rfile.readline(65537)
  File "/usr/lib/python3.10/socketserver.py", line 683, in process_request_thread
    self.finish_request(request, client_address)
  File "/usr/lib/python3.10/socketserver.py", line 360, in finish_request
    self.RequestHandlerClass(request, client_address, self)
  File "/usr/lib/python3.10/socketserver.py", line 747, in __init__
    self.handle()
  File "/usr/lib/python3.10/http/server.py", line 435, in handle
    self.handle_one_request()
  File "/usr/lib/python3.10/http/server.py", line 401, in handle_one_request
    self.raw_requestline = self.rfile.readline(65537)
  File "/usr/lib/python3.10/socketserver.py", line 683, in process_request_thread
    self.finish_request(request, client_address)
  File "/usr/lib/python3.10/socketserver.py", line 747, in __init__
    self.handle()
Traceback (most recent call last):
  File "/usr/lib/python3.10/http/server.py", line 435, in handle
    self.handle_one_request()
  File "/usr/lib/python3.10/http/server.py", line 435, in handle
    self.handle_one_request()
  File "/usr/lib/python3.10/http/server.py", line 401, in handle_one_request
    self.raw_requestline = self.rfile.readline(65537)
  File "/usr/lib/python3.10/http/server.py", line 401, in handle_one_request
    self.raw_requestline = self.rfile.readline(65537)
  File "/usr/lib/python3.10/socketserver.py", line 683, in process_request_thread
    self.finish_request(request, client_address)
  File "/usr/lib/python3.10/socketserver.py", line 683, in process_request_thread
    self.finish_request(request, client_address)
  File "/usr/lib/python3.10/socket.py", line 705, in readinto
    return self._sock.recv_into(b)
  File "/usr/lib/python3.10/socketserver.py", line 360, in finish_request
    self.RequestHandlerClass(request, client_address, self)
  File "/usr/lib/python3.10/socketserver.py", line 683, in process_request_thread
    self.finish_request(request, client_address)
  File "/usr/lib/python3.10/socketserver.py", line 360, in finish_request
    self.RequestHandlerClass(request, client_address, self)
ConnectionResetError: [Errno 104] Connection reset by peer
Exception occurred during processing of request from ('10.200.2.1', 35740)
  File "/usr/lib/python3.10/socketserver.py", line 747, in __init__
    self.handle()
  File "/usr/lib/python3.10/http/server.py", line 435, in handle
    self.handle_one_request()
  File "/usr/lib/python3.10/socket.py", line 705, in readinto
    return self._sock.recv_into(b)
  File "/usr/lib/python3.10/socketserver.py", line 683, in process_request_thread
    self.finish_request(request, client_address)
Traceback (most recent call last):
  File "/usr/lib/python3.10/http/server.py", line 435, in handle
    self.handle_one_request()
  File "/usr/lib/python3.10/socketserver.py", line 360, in finish_request
    self.RequestHandlerClass(request, client_address, self)
  File "/usr/lib/python3.10/socketserver.py", line 747, in __init__
    self.handle()
  File "/usr/lib/python3.10/socketserver.py", line 360, in finish_request
    self.RequestHandlerClass(request, client_address, self)
  File "/usr/lib/python3.10/socketserver.py", line 360, in finish_request
    self.RequestHandlerClass(request, client_address, self)
  File "/usr/lib/python3.10/socketserver.py", line 747, in __init__
    self.handle()
  File "/usr/lib/python3.10/socketserver.py", line 360, in finish_request
    self.RequestHandlerClass(request, client_address, self)
  File "/usr/lib/python3.10/socketserver.py", line 683, in process_request_thread
    self.finish_request(request, client_address)
  File "/usr/lib/python3.10/http/server.py", line 401, in handle_one_request
    self.raw_requestline = self.rfile.readline(65537)
  File "/usr/lib/python3.10/socketserver.py", line 683, in process_request_thread
    self.finish_request(request, client_address)
  File "/usr/lib/python3.10/socketserver.py", line 360, in finish_request
    self.RequestHandlerClass(request, client_address, self)
Traceback (most recent call last):
  File "/usr/lib/python3.10/http/server.py", line 401, in handle_one_request
    self.raw_requestline = self.rfile.readline(65537)
  File "/usr/lib/python3.10/socketserver.py", line 360, in finish_request
    self.RequestHandlerClass(request, client_address, self)
  File "/usr/lib/python3.10/socket.py", line 705, in readinto
    return self._sock.recv_into(b)
  File "/usr/lib/python3.10/socketserver.py", line 747, in __init__
    self.handle()
  File "/usr/lib/python3.10/socketserver.py", line 747, in __init__
    self.handle()
----------------------------------------
Traceback (most recent call last):
  File "/usr/lib/python3.10/http/server.py", line 401, in handle_one_request
    self.raw_requestline = self.rfile.readline(65537)
  File "/usr/lib/python3.10/socketserver.py", line 747, in __init__
    self.handle()
  File "/usr/lib/python3.10/socketserver.py", line 747, in __init__
    self.handle()
  File "/usr/lib/python3.10/socket.py", line 705, in readinto
    return self._sock.recv_into(b)
  File "/usr/lib/python3.10/socketserver.py", line 683, in process_request_thread
    self.finish_request(request, client_address)
  File "/usr/lib/python3.10/socketserver.py", line 360, in finish_request
    self.RequestHandlerClass(request, client_address, self)
  File "/usr/lib/python3.10/http/server.py", line 401, in handle_one_request
    self.raw_requestline = self.rfile.readline(65537)
  File "/usr/lib/python3.10/socket.py", line 705, in readinto
    return self._sock.recv_into(b)
  File "/usr/lib/python3.10/http/server.py", line 435, in handle
    self.handle_one_request()
  File "/usr/lib/python3.10/socketserver.py", line 747, in __init__
    self.handle()
  File "/usr/lib/python3.10/http/server.py", line 435, in handle
    self.handle_one_request()
  File "/usr/lib/python3.10/http/server.py", line 401, in handle_one_request
    self.raw_requestline = self.rfile.readline(65537)
  File "/usr/lib/python3.10/socketserver.py", line 360, in finish_request
    self.RequestHandlerClass(request, client_address, self)
  File "/usr/lib/python3.10/socket.py", line 705, in readinto
    return self._sock.recv_into(b)
  File "/usr/lib/python3.10/http/server.py", line 401, in handle_one_request
    self.raw_requestline = self.rfile.readline(65537)
  File "/usr/lib/python3.10/socketserver.py", line 360, in finish_request
    self.RequestHandlerClass(request, client_address, self)
  File "/usr/lib/python3.10/socketserver.py", line 747, in __init__
    self.handle()
  File "/usr/lib/python3.10/http/server.py", line 435, in handle
    self.handle_one_request()
  File "/usr/lib/python3.10/socketserver.py", line 683, in process_request_thread
    self.finish_request(request, client_address)
  File "/usr/lib/python3.10/socketserver.py", line 360, in finish_request
    self.RequestHandlerClass(request, client_address, self)
  File "/usr/lib/python3.10/socketserver.py", line 683, in process_request_thread
    self.finish_request(request, client_address)
  File "/usr/lib/python3.10/socketserver.py", line 747, in __init__
    self.handle()
  File "/usr/lib/python3.10/http/server.py", line 435, in handle
    self.handle_one_request()
  File "/usr/lib/python3.10/socketserver.py", line 747, in __init__
    self.handle()
  File "/usr/lib/python3.10/http/server.py", line 401, in handle_one_request
    self.raw_requestline = self.rfile.readline(65537)
  File "/usr/lib/python3.10/http/server.py", line 435, in handle
    self.handle_one_request()
  File "/usr/lib/python3.10/socketserver.py", line 683, in process_request_thread
    self.finish_request(request, client_address)
  File "/usr/lib/python3.10/socket.py", line 705, in readinto
    return self._sock.recv_into(b)
  File "/usr/lib/python3.10/http/server.py", line 435, in handle
    self.handle_one_request()
  File "/usr/lib/python3.10/http/server.py", line 435, in handle
    self.handle_one_request()
ConnectionResetError: [Errno 104] Connection reset by peer
  File "/usr/lib/python3.10/socketserver.py", line 747, in __init__
    self.handle()
  File "/usr/lib/python3.10/http/server.py", line 435, in handle
    self.handle_one_request()
  File "/usr/lib/python3.10/http/server.py", line 435, in handle
    self.handle_one_request()
  File "/usr/lib/python3.10/http/server.py", line 401, in handle_one_request
    self.raw_requestline = self.rfile.readline(65537)
  File "/usr/lib/python3.10/http/server.py", line 435, in handle
    self.handle_one_request()
  File "/usr/lib/python3.10/socketserver.py", line 747, in __init__
    self.handle()
  File "/usr/lib/python3.10/http/server.py", line 435, in handle
    self.handle_one_request()
  File "/usr/lib/python3.10/socket.py", line 705, in readinto
    return self._sock.recv_into(b)
  File "/usr/lib/python3.10/socket.py", line 705, in readinto
    return self._sock.recv_into(b)
  File "/usr/lib/python3.10/socketserver.py", line 747, in __init__
    self.handle()
  File "/usr/lib/python3.10/http/server.py", line 401, in handle_one_request
    self.raw_requestline = self.rfile.readline(65537)
  File "/usr/lib/python3.10/socketserver.py", line 747, in __init__
    self.handle()
ConnectionResetError: [Errno 104] Connection reset by peer
  File "/usr/lib/python3.10/http/server.py", line 435, in handle
    self.handle_one_request()
  File "/usr/lib/python3.10/http/server.py", line 401, in handle_one_request
    self.raw_requestline = self.rfile.readline(65537)
  File "/usr/lib/python3.10/http/server.py", line 401, in handle_one_request
    self.raw_requestline = self.rfile.readline(65537)
  File "/usr/lib/python3.10/http/server.py", line 401, in handle_one_request
    self.raw_requestline = self.rfile.readline(65537)
ConnectionResetError: [Errno 104] Connection reset by peer
  File "/usr/lib/python3.10/socketserver.py", line 360, in finish_request
    self.RequestHandlerClass(request, client_address, self)
  File "/usr/lib/python3.10/socketserver.py", line 747, in __init__
    self.handle()
  File "/usr/lib/python3.10/http/server.py", line 435, in handle
    self.handle_one_request()
  File "/usr/lib/python3.10/http/server.py", line 401, in handle_one_request
    self.raw_requestline = self.rfile.readline(65537)
  File "/usr/lib/python3.10/socketserver.py", line 747, in __init__
    self.handle()
ConnectionResetError: [Errno 104] Connection reset by peer
  File "/usr/lib/python3.10/http/server.py", line 401, in handle_one_request
    self.raw_requestline = self.rfile.readline(65537)
  File "/usr/lib/python3.10/socket.py", line 705, in readinto
    return self._sock.recv_into(b)
  File "/usr/lib/python3.10/socketserver.py", line 683, in process_request_thread
    self.finish_request(request, client_address)
  File "/usr/lib/python3.10/http/server.py", line 435, in handle
    self.handle_one_request()
  File "/usr/lib/python3.10/http/server.py", line 401, in handle_one_request
    self.raw_requestline = self.rfile.readline(65537)
  File "/usr/lib/python3.10/socketserver.py", line 747, in __init__
    self.handle()
  File "/usr/lib/python3.10/http/server.py", line 435, in handle
    self.handle_one_request()
  File "/usr/lib/python3.10/http/server.py", line 401, in handle_one_request
    self.raw_requestline = self.rfile.readline(65537)
  File "/usr/lib/python3.10/socket.py", line 705, in readinto
    return self._sock.recv_into(b)
  File "/usr/lib/python3.10/socket.py", line 705, in readinto
    return self._sock.recv_into(b)
  File "/usr/lib/python3.10/http/server.py", line 401, in handle_one_request
    self.raw_requestline = self.rfile.readline(65537)
  File "/usr/lib/python3.10/socketserver.py", line 360, in finish_request
    self.RequestHandlerClass(request, client_address, self)
  File "/usr/lib/python3.10/socketserver.py", line 747, in __init__
    self.handle()
  File "/usr/lib/python3.10/socketserver.py", line 360, in finish_request
    self.RequestHandlerClass(request, client_address, self)
  File "/usr/lib/python3.10/socket.py", line 705, in readinto
    return self._sock.recv_into(b)
  File "/usr/lib/python3.10/socket.py", line 705, in readinto
    return self._sock.recv_into(b)
  File "/usr/lib/python3.10/socketserver.py", line 360, in finish_request
    self.RequestHandlerClass(request, client_address, self)
  File "/usr/lib/python3.10/socketserver.py", line 747, in __init__
    self.handle()
----------------------------------------
----------------------------------------
  File "/usr/lib/python3.10/socketserver.py", line 747, in __init__
    self.handle()
  File "/usr/lib/python3.10/http/server.py", line 435, in handle
    self.handle_one_request()
  File "/usr/lib/python3.10/socket.py", line 705, in readinto
    return self._sock.recv_into(b)
  File "/usr/lib/python3.10/http/server.py", line 435, in handle
    self.handle_one_request()
ConnectionResetError: [Errno 104] Connection reset by peer
  File "/usr/lib/python3.10/socketserver.py", line 360, in finish_request
    self.RequestHandlerClass(request, client_address, self)
  File "/usr/lib/python3.10/http/server.py", line 401, in handle_one_request
    self.raw_requestline = self.rfile.readline(65537)
ConnectionResetError: [Errno 104] Connection reset by peer
ConnectionResetError: [Errno 104] Connection reset by peer
  File "/usr/lib/python3.10/socketserver.py", line 360, in finish_request
    self.RequestHandlerClass(request, client_address, self)
ConnectionResetError: [Errno 104] Connection reset by peer
  File "/usr/lib/python3.10/socketserver.py", line 747, in __init__
    self.handle()
  File "/usr/lib/python3.10/http/server.py", line 435, in handle
    self.handle_one_request()
  File "/usr/lib/python3.10/http/server.py", line 435, in handle
    self.handle_one_request()
  File "/usr/lib/python3.10/socket.py", line 705, in readinto
    return self._sock.recv_into(b)
----------------------------------------
  File "/usr/lib/python3.10/http/server.py", line 401, in handle_one_request
    self.raw_requestline = self.rfile.readline(65537)
  File "/usr/lib/python3.10/socketserver.py", line 747, in __init__
    self.handle()
ConnectionResetError: [Errno 104] Connection reset by peer
  File "/usr/lib/python3.10/socket.py", line 705, in readinto
    return self._sock.recv_into(b)
  File "/usr/lib/python3.10/http/server.py", line 401, in handle_one_request
    self.raw_requestline = self.rfile.readline(65537)
  File "/usr/lib/python3.10/http/server.py", line 401, in handle_one_request
    self.raw_requestline = self.rfile.readline(65537)
  File "/usr/lib/python3.10/socketserver.py", line 747, in __init__
    self.handle()
  File "/usr/lib/python3.10/http/server.py", line 435, in handle
    self.handle_one_request()
  File "/usr/lib/python3.10/http/server.py", line 435, in handle
    self.handle_one_request()
----------------------------------------
  File "/usr/lib/python3.10/socket.py", line 705, in readinto
    return self._sock.recv_into(b)
  File "/usr/lib/python3.10/http/server.py", line 401, in handle_one_request
    self.raw_requestline = self.rfile.readline(65537)
----------------------------------------
  File "/usr/lib/python3.10/socketserver.py", line 747, in __init__
    self.handle()
ConnectionResetError: [Errno 104] Connection reset by peer
  File "/usr/lib/python3.10/socket.py", line 705, in readinto
    return self._sock.recv_into(b)
  File "/usr/lib/python3.10/http/server.py", line 435, in handle
    self.handle_one_request()
  File "/usr/lib/python3.10/socketserver.py", line 747, in __init__
    self.handle()
  File "/usr/lib/python3.10/http/server.py", line 435, in handle
    self.handle_one_request()
----------------------------------------
  File "/usr/lib/python3.10/http/server.py", line 435, in handle
    self.handle_one_request()
  File "/usr/lib/python3.10/http/server.py", line 435, in handle
    self.handle_one_request()
----------------------------------------
ConnectionResetError: [Errno 104] Connection reset by peer
  File "/usr/lib/python3.10/socket.py", line 705, in readinto
    return self._sock.recv_into(b)
ConnectionResetError: [Errno 104] Connection reset by peer
  File "/usr/lib/python3.10/http/server.py", line 401, in handle_one_request
    self.raw_requestline = self.rfile.readline(65537)
  File "/usr/lib/python3.10/http/server.py", line 401, in handle_one_request
    self.raw_requestline = self.rfile.readline(65537)
  File "/usr/lib/python3.10/http/server.py", line 401, in handle_one_request
    self.raw_requestline = self.rfile.readline(65537)
  File "/usr/lib/python3.10/socket.py", line 705, in readinto
    return self._sock.recv_into(b)
  File "/usr/lib/python3.10/socket.py", line 705, in readinto
    return self._sock.recv_into(b)
----------------------------------------
----------------------------------------
----------------------------------------
  File "/usr/lib/python3.10/socket.py", line 705, in readinto
    return self._sock.recv_into(b)
ConnectionResetError: [Errno 104] Connection reset by peer
----------------------------------------
  File "/usr/lib/python3.10/http/server.py", line 401, in handle_one_request
    self.raw_requestline = self.rfile.readline(65537)
  File "/usr/lib/python3.10/http/server.py", line 435, in handle
    self.handle_one_request()
  File "/usr/lib/python3.10/http/server.py", line 401, in handle_one_request
    self.raw_requestline = self.rfile.readline(65537)
  File "/usr/lib/python3.10/socket.py", line 705, in readinto
    return self._sock.recv_into(b)
  File "/usr/lib/python3.10/http/server.py", line 401, in handle_one_request
    self.raw_requestline = self.rfile.readline(65537)
  File "/usr/lib/python3.10/http/server.py", line 435, in handle
    self.handle_one_request()
----------------------------------------
  File "/usr/lib/python3.10/socket.py", line 705, in readinto
    return self._sock.recv_into(b)
  File "/usr/lib/python3.10/socketserver.py", line 747, in __init__
    self.handle()
  File "/usr/lib/python3.10/http/server.py", line 435, in handle
    self.handle_one_request()
  File "/usr/lib/python3.10/http/server.py", line 401, in handle_one_request
    self.raw_requestline = self.rfile.readline(65537)
  File "/usr/lib/python3.10/http/server.py", line 401, in handle_one_request
    self.raw_requestline = self.rfile.readline(65537)
ConnectionResetError: [Errno 104] Connection reset by peer
  File "/usr/lib/python3.10/socket.py", line 705, in readinto
    return self._sock.recv_into(b)
  File "/usr/lib/python3.10/http/server.py", line 435, in handle
    self.handle_one_request()
  File "/usr/lib/python3.10/socket.py", line 705, in readinto
    return self._sock.recv_into(b)
  File "/usr/lib/python3.10/http/server.py", line 401, in handle_one_request
    self.raw_requestline = self.rfile.readline(65537)
ConnectionResetError: [Errno 104] Connection reset by peer
ConnectionResetError: [Errno 104] Connection reset by peer
----------------------------------------
  File "/usr/lib/python3.10/socket.py", line 705, in readinto
    return self._sock.recv_into(b)
  File "/usr/lib/python3.10/socket.py", line 705, in readinto
    return self._sock.recv_into(b)
  File "/usr/lib/python3.10/http/server.py", line 401, in handle_one_request
    self.raw_requestline = self.rfile.readline(65537)
  File "/usr/lib/python3.10/socket.py", line 705, in readinto
    return self._sock.recv_into(b)
  File "/usr/lib/python3.10/http/server.py", line 435, in handle
    self.handle_one_request()
  File "/usr/lib/python3.10/socket.py", line 705, in readinto
    return self._sock.recv_into(b)
----------------------------------------
  File "/usr/lib/python3.10/http/server.py", line 401, in handle_one_request
    self.raw_requestline = self.rfile.readline(65537)
  File "/usr/lib/python3.10/socket.py", line 705, in readinto
    return self._sock.recv_into(b)
ConnectionResetError: [Errno 104] Connection reset by peer
  File "/usr/lib/python3.10/socket.py", line 705, in readinto
    return self._sock.recv_into(b)
----------------------------------------
ConnectionResetError: [Errno 104] Connection reset by peer
  File "/usr/lib/python3.10/http/server.py", line 401, in handle_one_request
    self.raw_requestline = self.rfile.readline(65537)
ConnectionResetError: [Errno 104] Connection reset by peer
  File "/usr/lib/python3.10/socket.py", line 705, in readinto
    return self._sock.recv_into(b)
  File "/usr/lib/python3.10/http/server.py", line 401, in handle_one_request
    self.raw_requestline = self.rfile.readline(65537)
  File "/usr/lib/python3.10/socket.py", line 705, in readinto
    return self._sock.recv_into(b)
ConnectionResetError: [Errno 104] Connection reset by peer
ConnectionResetError: [Errno 104] Connection reset by peer
ConnectionResetError: [Errno 104] Connection reset by peer
  File "/usr/lib/python3.10/http/server.py", line 401, in handle_one_request
    self.raw_requestline = self.rfile.readline(65537)
  File "/usr/lib/python3.10/http/server.py", line 401, in handle_one_request
    self.raw_requestline = self.rfile.readline(65537)
ConnectionResetError: [Errno 104] Connection reset by peer
  File "/usr/lib/python3.10/socket.py", line 705, in readinto
    return self._sock.recv_into(b)
  File "/usr/lib/python3.10/socket.py", line 705, in readinto
    return self._sock.recv_into(b)
  File "/usr/lib/python3.10/socketserver.py", line 747, in __init__
    self.handle()
ConnectionResetError: [Errno 104] Connection reset by peer
----------------------------------------
  File "/usr/lib/python3.10/socket.py", line 705, in readinto
    return self._sock.recv_into(b)
----------------------------------------
ConnectionResetError: [Errno 104] Connection reset by peer
  File "/usr/lib/python3.10/socket.py", line 705, in readinto
    return self._sock.recv_into(b)
ConnectionResetError: [Errno 104] Connection reset by peer
ConnectionResetError: [Errno 104] Connection reset by peer
  File "/usr/lib/python3.10/socket.py", line 705, in readinto
    return self._sock.recv_into(b)
----------------------------------------
  File "/usr/lib/python3.10/socket.py", line 705, in readinto
    return self._sock.recv_into(b)
  File "/usr/lib/python3.10/socket.py", line 705, in readinto
    return self._sock.recv_into(b)
----------------------------------------
  File "/usr/lib/python3.10/socket.py", line 705, in readinto
    return self._sock.recv_into(b)
----------------------------------------
ConnectionResetError: [Errno 104] Connection reset by peer
ConnectionResetError: [Errno 104] Connection reset by peer
ConnectionResetError: [Errno 104] Connection reset by peer
ConnectionResetError: [Errno 104] Connection reset by peer
----------------------------------------
ConnectionResetError: [Errno 104] Connection reset by peer
----------------------------------------
----------------------------------------
ConnectionResetError: [Errno 104] Connection reset by peer
  File "/usr/lib/python3.10/http/server.py", line 435, in handle
    self.handle_one_request()
ConnectionResetError: [Errno 104] Connection reset by peer
ConnectionResetError: [Errno 104] Connection reset by peer
ConnectionResetError: [Errno 104] Connection reset by peer
ConnectionResetError: [Errno 104] Connection reset by peer
----------------------------------------
----------------------------------------
----------------------------------------
----------------------------------------
ConnectionResetError: [Errno 104] Connection reset by peer
----------------------------------------
----------------------------------------
ConnectionResetError: [Errno 104] Connection reset by peer
  File "/usr/lib/python3.10/socket.py", line 705, in readinto
    return self._sock.recv_into(b)
----------------------------------------
----------------------------------------
----------------------------------------
ConnectionResetError: [Errno 104] Connection reset by peer
----------------------------------------
----------------------------------------
----------------------------------------
----------------------------------------
ConnectionResetError: [Errno 104] Connection reset by peer
ConnectionResetError: [Errno 104] Connection reset by peer
  File "/usr/lib/python3.10/http/server.py", line 435, in handle
    self.handle_one_request()
  File "/usr/lib/python3.10/http/server.py", line 401, in handle_one_request
    self.raw_requestline = self.rfile.readline(65537)
ConnectionResetError: [Errno 104] Connection reset by peer
----------------------------------------
----------------------------------------
----------------------------------------
  File "/usr/lib/python3.10/http/server.py", line 401, in handle_one_request
    self.raw_requestline = self.rfile.readline(65537)
  File "/usr/lib/python3.10/socket.py", line 705, in readinto
    return self._sock.recv_into(b)
ConnectionResetError: [Errno 104] Connection reset by peer
ConnectionResetError: [Errno 104] Connection reset by peer
  File "/usr/lib/python3.10/http/server.py", line 401, in handle_one_request
    self.raw_requestline = self.rfile.readline(65537)
  File "/usr/lib/python3.10/socket.py", line 705, in readinto
    return self._sock.recv_into(b)
----------------------------------------
----------------------------------------
  File "/usr/lib/python3.10/socket.py", line 705, in readinto
    return self._sock.recv_into(b)
ConnectionResetError: [Errno 104] Connection reset by peer
----------------------------------------
----------------------------------------
----------------------------------------
ConnectionResetError: [Errno 104] Connection reset by peer
----------------------------------------
----------------------------------------
----------------------------------------
----------------------------------------
Exception occurred during processing of request from ('10.200.2.1', 37654)
----------------------------------------
Exception occurred during processing of request from ('10.200.2.1', 37656)
Traceback (most recent call last):
----------------------------------------
Traceback (most recent call last):
  File "/usr/lib/python3.10/socketserver.py", line 683, in process_request_thread
    self.finish_request(request, client_address)
  File "/usr/lib/python3.10/socketserver.py", line 360, in finish_request
    self.RequestHandlerClass(request, client_address, self)
  File "/usr/lib/python3.10/socketserver.py", line 747, in __init__
    self.handle()
  File "/usr/lib/python3.10/http/server.py", line 435, in handle
    self.handle_one_request()
----------------------------------------
  File "/usr/lib/python3.10/socketserver.py", line 683, in process_request_thread
    self.finish_request(request, client_address)
  File "/usr/lib/python3.10/socketserver.py", line 360, in finish_request
    self.RequestHandlerClass(request, client_address, self)
  File "/usr/lib/python3.10/socketserver.py", line 747, in __init__
    self.handle()
  File "/usr/lib/python3.10/http/server.py", line 435, in handle
    self.handle_one_request()
  File "/usr/lib/python3.10/http/server.py", line 401, in handle_one_request
    self.raw_requestline = self.rfile.readline(65537)
  File "/usr/lib/python3.10/socket.py", line 705, in readinto
    return self._sock.recv_into(b)
  File "/usr/lib/python3.10/http/server.py", line 401, in handle_one_request
    self.raw_requestline = self.rfile.readline(65537)
Exception occurred during processing of request from ('10.200.2.1', 37648)
ConnectionResetError: [Errno 104] Connection reset by peer
Exception occurred during processing of request from ('10.200.2.1', 37638)
  File "/usr/lib/python3.10/socket.py", line 705, in readinto
    return self._sock.recv_into(b)
Traceback (most recent call last):
Traceback (most recent call last):
----------------------------------------
ConnectionResetError: [Errno 104] Connection reset by peer
  File "/usr/lib/python3.10/socketserver.py", line 683, in process_request_thread
    self.finish_request(request, client_address)
----------------------------------------
  File "/usr/lib/python3.10/socketserver.py", line 360, in finish_request
    self.RequestHandlerClass(request, client_address, self)
  File "/usr/lib/python3.10/socketserver.py", line 747, in __init__
    self.handle()
  File "/usr/lib/python3.10/http/server.py", line 435, in handle
    self.handle_one_request()
  File "/usr/lib/python3.10/http/server.py", line 401, in handle_one_request
    self.raw_requestline = self.rfile.readline(65537)
  File "/usr/lib/python3.10/socket.py", line 705, in readinto
    return self._sock.recv_into(b)
ConnectionResetError: [Errno 104] Connection reset by peer
  File "/usr/lib/python3.10/socketserver.py", line 683, in process_request_thread
    self.finish_request(request, client_address)
----------------------------------------
  File "/usr/lib/python3.10/socketserver.py", line 360, in finish_request
    self.RequestHandlerClass(request, client_address, self)
  File "/usr/lib/python3.10/socketserver.py", line 747, in __init__
    self.handle()
  File "/usr/lib/python3.10/http/server.py", line 435, in handle
    self.handle_one_request()
  File "/usr/lib/python3.10/http/server.py", line 401, in handle_one_request
    self.raw_requestline = self.rfile.readline(65537)
  File "/usr/lib/python3.10/socket.py", line 705, in readinto
    return self._sock.recv_into(b)
ConnectionResetError: [Errno 104] Connection reset by peer
----------------------------------------
----------------------------------------
----------------------------------------
----------------------------------------
----------------------------------------
----------------------------------------
----------------------------------------
----------------------------------------
----------------------------------------
----------------------------------------
----------------------------------------
----------------------------------------
----------------------------------------
----------------------------------------
----------------------------------------
----------------------------------------
----------------------------------------
Exception occurred during processing of request from ('10.200.2.1', 32882)
Exception occurred during processing of request from ('10.200.2.1', 32962)
Exception occurred during processing of request from ('10.200.2.1', 32874)
Exception occurred during processing of request from ('10.200.2.1', 32912)
Exception occurred during processing of request from ('10.200.2.1', 32894)
Exception occurred during processing of request from ('10.200.2.1', 32860)
Exception occurred during processing of request from ('10.200.2.1', 32864)
Exception occurred during processing of request from ('10.200.2.1', 32804)
Exception occurred during processing of request from ('10.200.2.1', 32822)
Exception occurred during processing of request from ('10.200.2.1', 32902)
Exception occurred during processing of request from ('10.200.2.1', 32836)
Exception occurred during processing of request from ('10.200.2.1', 32956)
Exception occurred during processing of request from ('10.200.2.1', 32844)
Exception occurred during processing of request from ('10.200.2.1', 32866)
Exception occurred during processing of request from ('10.200.2.1', 32806)
Exception occurred during processing of request from ('10.200.2.1', 32794)
Traceback (most recent call last):
Traceback (most recent call last):
Traceback (most recent call last):
Traceback (most recent call last):
Traceback (most recent call last):
Traceback (most recent call last):
Traceback (most recent call last):
Traceback (most recent call last):
Traceback (most recent call last):
Traceback (most recent call last):
Traceback (most recent call last):
Traceback (most recent call last):
Traceback (most recent call last):
Traceback (most recent call last):
Traceback (most recent call last):
Traceback (most recent call last):
  File "/usr/lib/python3.10/socketserver.py", line 683, in process_request_thread
    self.finish_request(request, client_address)
  File "/usr/lib/python3.10/socketserver.py", line 683, in process_request_thread
    self.finish_request(request, client_address)
  File "/usr/lib/python3.10/socketserver.py", line 683, in process_request_thread
    self.finish_request(request, client_address)
  File "/usr/lib/python3.10/socketserver.py", line 683, in process_request_thread
    self.finish_request(request, client_address)
  File "/usr/lib/python3.10/socketserver.py", line 683, in process_request_thread
    self.finish_request(request, client_address)
  File "/usr/lib/python3.10/socketserver.py", line 683, in process_request_thread
    self.finish_request(request, client_address)
  File "/usr/lib/python3.10/socketserver.py", line 683, in process_request_thread
    self.finish_request(request, client_address)
  File "/usr/lib/python3.10/socketserver.py", line 683, in process_request_thread
    self.finish_request(request, client_address)
  File "/usr/lib/python3.10/socketserver.py", line 683, in process_request_thread
    self.finish_request(request, client_address)
  File "/usr/lib/python3.10/socketserver.py", line 360, in finish_request
    self.RequestHandlerClass(request, client_address, self)
  File "/usr/lib/python3.10/socketserver.py", line 683, in process_request_thread
    self.finish_request(request, client_address)
  File "/usr/lib/python3.10/socketserver.py", line 360, in finish_request
    self.RequestHandlerClass(request, client_address, self)
  File "/usr/lib/python3.10/socketserver.py", line 360, in finish_request
    self.RequestHandlerClass(request, client_address, self)
  File "/usr/lib/python3.10/socketserver.py", line 360, in finish_request
    self.RequestHandlerClass(request, client_address, self)
  File "/usr/lib/python3.10/socketserver.py", line 360, in finish_request
    self.RequestHandlerClass(request, client_address, self)
  File "/usr/lib/python3.10/socketserver.py", line 747, in __init__
    self.handle()
  File "/usr/lib/python3.10/socketserver.py", line 360, in finish_request
    self.RequestHandlerClass(request, client_address, self)
  File "/usr/lib/python3.10/socketserver.py", line 360, in finish_request
    self.RequestHandlerClass(request, client_address, self)
  File "/usr/lib/python3.10/socketserver.py", line 747, in __init__
    self.handle()
  File "/usr/lib/python3.10/socketserver.py", line 360, in finish_request
    self.RequestHandlerClass(request, client_address, self)
  File "/usr/lib/python3.10/socketserver.py", line 360, in finish_request
    self.RequestHandlerClass(request, client_address, self)
  File "/usr/lib/python3.10/socketserver.py", line 683, in process_request_thread
    self.finish_request(request, client_address)
  File "/usr/lib/python3.10/socketserver.py", line 683, in process_request_thread
    self.finish_request(request, client_address)
  File "/usr/lib/python3.10/socketserver.py", line 360, in finish_request
    self.RequestHandlerClass(request, client_address, self)
  File "/usr/lib/python3.10/socketserver.py", line 683, in process_request_thread
    self.finish_request(request, client_address)
  File "/usr/lib/python3.10/socketserver.py", line 360, in finish_request
    self.RequestHandlerClass(request, client_address, self)
  File "/usr/lib/python3.10/socketserver.py", line 747, in __init__
    self.handle()
  File "/usr/lib/python3.10/socketserver.py", line 683, in process_request_thread
    self.finish_request(request, client_address)
  File "/usr/lib/python3.10/socketserver.py", line 747, in __init__
    self.handle()
  File "/usr/lib/python3.10/http/server.py", line 435, in handle
    self.handle_one_request()
  File "/usr/lib/python3.10/socketserver.py", line 360, in finish_request
    self.RequestHandlerClass(request, client_address, self)
  File "/usr/lib/python3.10/socketserver.py", line 747, in __init__
    self.handle()
  File "/usr/lib/python3.10/http/server.py", line 435, in handle
    self.handle_one_request()
  File "/usr/lib/python3.10/http/server.py", line 401, in handle_one_request
    self.raw_requestline = self.rfile.readline(65537)
  File "/usr/lib/python3.10/socketserver.py", line 747, in __init__
    self.handle()
  File "/usr/lib/python3.10/http/server.py", line 435, in handle
    self.handle_one_request()
  File "/usr/lib/python3.10/socketserver.py", line 747, in __init__
    self.handle()
  File "/usr/lib/python3.10/socketserver.py", line 747, in __init__
    self.handle()
  File "/usr/lib/python3.10/socketserver.py", line 747, in __init__
    self.handle()
  File "/usr/lib/python3.10/socketserver.py", line 683, in process_request_thread
    self.finish_request(request, client_address)
  File "/usr/lib/python3.10/socketserver.py", line 360, in finish_request
    self.RequestHandlerClass(request, client_address, self)
  File "/usr/lib/python3.10/socketserver.py", line 747, in __init__
    self.handle()
  File "/usr/lib/python3.10/http/server.py", line 435, in handle
    self.handle_one_request()
  File "/usr/lib/python3.10/http/server.py", line 401, in handle_one_request
    self.raw_requestline = self.rfile.readline(65537)
  File "/usr/lib/python3.10/socket.py", line 705, in readinto
    return self._sock.recv_into(b)
  File "/usr/lib/python3.10/socketserver.py", line 747, in __init__
    self.handle()
  File "/usr/lib/python3.10/http/server.py", line 435, in handle
    self.handle_one_request()
  File "/usr/lib/python3.10/http/server.py", line 401, in handle_one_request
    self.raw_requestline = self.rfile.readline(65537)
  File "/usr/lib/python3.10/socket.py", line 705, in readinto
    return self._sock.recv_into(b)
  File "/usr/lib/python3.10/http/server.py", line 435, in handle
    self.handle_one_request()
  File "/usr/lib/python3.10/http/server.py", line 401, in handle_one_request
    self.raw_requestline = self.rfile.readline(65537)
  File "/usr/lib/python3.10/socketserver.py", line 360, in finish_request
    self.RequestHandlerClass(request, client_address, self)
  File "/usr/lib/python3.10/http/server.py", line 401, in handle_one_request
    self.raw_requestline = self.rfile.readline(65537)
  File "/usr/lib/python3.10/socket.py", line 705, in readinto
    return self._sock.recv_into(b)
  File "/usr/lib/python3.10/http/server.py", line 435, in handle
    self.handle_one_request()
  File "/usr/lib/python3.10/socketserver.py", line 747, in __init__
    self.handle()
  File "/usr/lib/python3.10/socketserver.py", line 683, in process_request_thread
    self.finish_request(request, client_address)
  File "/usr/lib/python3.10/socketserver.py", line 360, in finish_request
    self.RequestHandlerClass(request, client_address, self)
  File "/usr/lib/python3.10/http/server.py", line 435, in handle
    self.handle_one_request()
  File "/usr/lib/python3.10/socketserver.py", line 747, in __init__
    self.handle()
  File "/usr/lib/python3.10/socketserver.py", line 747, in __init__
    self.handle()
  File "/usr/lib/python3.10/http/server.py", line 435, in handle
    self.handle_one_request()
  File "/usr/lib/python3.10/http/server.py", line 401, in handle_one_request
    self.raw_requestline = self.rfile.readline(65537)
  File "/usr/lib/python3.10/http/server.py", line 435, in handle
    self.handle_one_request()
  File "/usr/lib/python3.10/socketserver.py", line 747, in __init__
    self.handle()
  File "/usr/lib/python3.10/socket.py", line 705, in readinto
    return self._sock.recv_into(b)
  File "/usr/lib/python3.10/socket.py", line 705, in readinto
    return self._sock.recv_into(b)
  File "/usr/lib/python3.10/http/server.py", line 435, in handle
    self.handle_one_request()
  File "/usr/lib/python3.10/http/server.py", line 435, in handle
    self.handle_one_request()
  File "/usr/lib/python3.10/http/server.py", line 401, in handle_one_request
    self.raw_requestline = self.rfile.readline(65537)
  File "/usr/lib/python3.10/http/server.py", line 435, in handle
    self.handle_one_request()
  File "/usr/lib/python3.10/http/server.py", line 401, in handle_one_request
    self.raw_requestline = self.rfile.readline(65537)
  File "/usr/lib/python3.10/socket.py", line 705, in readinto
    return self._sock.recv_into(b)
  File "/usr/lib/python3.10/http/server.py", line 401, in handle_one_request
    self.raw_requestline = self.rfile.readline(65537)
  File "/usr/lib/python3.10/socket.py", line 705, in readinto
    return self._sock.recv_into(b)
  File "/usr/lib/python3.10/http/server.py", line 435, in handle
    self.handle_one_request()
  File "/usr/lib/python3.10/http/server.py", line 401, in handle_one_request
    self.raw_requestline = self.rfile.readline(65537)
  File "/usr/lib/python3.10/http/server.py", line 401, in handle_one_request
    self.raw_requestline = self.rfile.readline(65537)
ConnectionResetError: [Errno 104] Connection reset by peer
ConnectionResetError: [Errno 104] Connection reset by peer
  File "/usr/lib/python3.10/http/server.py", line 401, in handle_one_request
    self.raw_requestline = self.rfile.readline(65537)
  File "/usr/lib/python3.10/socket.py", line 705, in readinto
    return self._sock.recv_into(b)
ConnectionResetError: [Errno 104] Connection reset by peer
  File "/usr/lib/python3.10/socket.py", line 705, in readinto
    return self._sock.recv_into(b)
  File "/usr/lib/python3.10/socketserver.py", line 360, in finish_request
    self.RequestHandlerClass(request, client_address, self)
  File "/usr/lib/python3.10/socket.py", line 705, in readinto
    return self._sock.recv_into(b)
----------------------------------------
  File "/usr/lib/python3.10/http/server.py", line 401, in handle_one_request
    self.raw_requestline = self.rfile.readline(65537)
ConnectionResetError: [Errno 104] Connection reset by peer
ConnectionResetError: [Errno 104] Connection reset by peer
ConnectionResetError: [Errno 104] Connection reset by peer
ConnectionResetError: [Errno 104] Connection reset by peer
  File "/usr/lib/python3.10/socketserver.py", line 747, in __init__
    self.handle()
ConnectionResetError: [Errno 104] Connection reset by peer
----------------------------------------
ConnectionResetError: [Errno 104] Connection reset by peer
----------------------------------------
----------------------------------------
----------------------------------------
----------------------------------------
  File "/usr/lib/python3.10/http/server.py", line 435, in handle
    self.handle_one_request()
----------------------------------------
  File "/usr/lib/python3.10/http/server.py", line 401, in handle_one_request
    self.raw_requestline = self.rfile.readline(65537)
----------------------------------------
  File "/usr/lib/python3.10/socket.py", line 705, in readinto
    return self._sock.recv_into(b)
ConnectionResetError: [Errno 104] Connection reset by peer
  File "/usr/lib/python3.10/socket.py", line 705, in readinto
    return self._sock.recv_into(b)
  File "/usr/lib/python3.10/socket.py", line 705, in readinto
    return self._sock.recv_into(b)
  File "/usr/lib/python3.10/http/server.py", line 435, in handle
    self.handle_one_request()
  File "/usr/lib/python3.10/http/server.py", line 401, in handle_one_request
    self.raw_requestline = self.rfile.readline(65537)
----------------------------------------
  File "/usr/lib/python3.10/socket.py", line 705, in readinto
    return self._sock.recv_into(b)
ConnectionResetError: [Errno 104] Connection reset by peer
ConnectionResetError: [Errno 104] Connection reset by peer
  File "/usr/lib/python3.10/socket.py", line 705, in readinto
    return self._sock.recv_into(b)
ConnectionResetError: [Errno 104] Connection reset by peer
  File "/usr/lib/python3.10/http/server.py", line 401, in handle_one_request
    self.raw_requestline = self.rfile.readline(65537)
----------------------------------------
ConnectionResetError: [Errno 104] Connection reset by peer
----------------------------------------
  File "/usr/lib/python3.10/socket.py", line 705, in readinto
    return self._sock.recv_into(b)
----------------------------------------
ConnectionResetError: [Errno 104] Connection reset by peer
----------------------------------------
ConnectionResetError: [Errno 104] Connection reset by peer
----------------------------------------
----------------------------------------
----------------------------------------
----------------------------------------
Exception occurred during processing of request from ('10.200.2.1', 58362)
----------------------------------------
Exception occurred during processing of request from ('10.200.2.1', 58312)
----------------------------------------
Exception occurred during processing of request from ('10.200.2.1', 58334)
----------------------------------------
----------------------------------------
Exception occurred during processing of request from ('10.200.2.1', 58252)
----------------------------------------
----------------------------------------
----------------------------------------
----------------------------------------
----------------------------------------
----------------------------------------
----------------------------------------
----------------------------------------
----------------------------------------
----------------------------------------
----------------------------------------
Exception occurred during processing of request from ('10.200.2.1', 58422)
----------------------------------------
----------------------------------------
----------------------------------------
----------------------------------------
----------------------------------------
----------------------------------------
Exception occurred during processing of request from ('10.200.2.1', 58212)
----------------------------------------
Exception occurred during processing of request from ('10.200.2.1', 58350)
----------------------------------------
----------------------------------------
----------------------------------------
----------------------------------------
----------------------------------------
----------------------------------------
----------------------------------------
Exception occurred during processing of request from ('10.200.2.1', 58320)
Exception occurred during processing of request from ('10.200.2.1', 58294)
Exception occurred during processing of request from ('10.200.2.1', 58404)
Exception occurred during processing of request from ('10.200.2.1', 58472)
Exception occurred during processing of request from ('10.200.2.1', 58478)
Exception occurred during processing of request from ('10.200.2.1', 58280)
Exception occurred during processing of request from ('10.200.2.1', 58342)
Exception occurred during processing of request from ('10.200.2.1', 58460)
Exception occurred during processing of request from ('10.200.2.1', 58224)
Exception occurred during processing of request from ('10.200.2.1', 58366)
Exception occurred during processing of request from ('10.200.2.1', 58304)
----------------------------------------
Exception occurred during processing of request from ('10.200.2.1', 58254)
Exception occurred during processing of request from ('10.200.2.1', 58376)
Exception occurred during processing of request from ('10.200.2.1', 58438)
Exception occurred during processing of request from ('10.200.2.1', 58260)
Exception occurred during processing of request from ('10.200.2.1', 58214)
Exception occurred during processing of request from ('10.200.2.1', 58410)
Exception occurred during processing of request from ('10.200.2.1', 58266)
Exception occurred during processing of request from ('10.200.2.1', 58466)
----------------------------------------
Exception occurred during processing of request from ('10.200.2.1', 58248)
Exception occurred during processing of request from ('10.200.2.1', 58434)
Exception occurred during processing of request from ('10.200.2.1', 58388)
Exception occurred during processing of request from ('10.200.2.1', 58210)
Exception occurred during processing of request from ('10.200.2.1', 58426)
Exception occurred during processing of request from ('10.200.2.1', 58448)
Traceback (most recent call last):
Traceback (most recent call last):
Traceback (most recent call last):
Traceback (most recent call last):
Traceback (most recent call last):
Traceback (most recent call last):
Traceback (most recent call last):
Traceback (most recent call last):
Traceback (most recent call last):
Traceback (most recent call last):
Traceback (most recent call last):
Traceback (most recent call last):
Traceback (most recent call last):
Traceback (most recent call last):
Traceback (most recent call last):
Traceback (most recent call last):
Traceback (most recent call last):
Traceback (most recent call last):
  File "/usr/lib/python3.10/socketserver.py", line 683, in process_request_thread
    self.finish_request(request, client_address)
Traceback (most recent call last):
Traceback (most recent call last):
Traceback (most recent call last):
  File "/usr/lib/python3.10/socketserver.py", line 683, in process_request_thread
    self.finish_request(request, client_address)
Traceback (most recent call last):
Traceback (most recent call last):
Traceback (most recent call last):
Traceback (most recent call last):
Traceback (most recent call last):
Traceback (most recent call last):
Traceback (most recent call last):
Traceback (most recent call last):
Traceback (most recent call last):
  File "/usr/lib/python3.10/socketserver.py", line 683, in process_request_thread
    self.finish_request(request, client_address)
Traceback (most recent call last):
Traceback (most recent call last):
  File "/usr/lib/python3.10/socketserver.py", line 683, in process_request_thread
    self.finish_request(request, client_address)
  File "/usr/lib/python3.10/socketserver.py", line 683, in process_request_thread
    self.finish_request(request, client_address)
  File "/usr/lib/python3.10/socketserver.py", line 683, in process_request_thread
    self.finish_request(request, client_address)
  File "/usr/lib/python3.10/socketserver.py", line 683, in process_request_thread
    self.finish_request(request, client_address)
  File "/usr/lib/python3.10/socketserver.py", line 683, in process_request_thread
    self.finish_request(request, client_address)
  File "/usr/lib/python3.10/socketserver.py", line 683, in process_request_thread
    self.finish_request(request, client_address)
  File "/usr/lib/python3.10/socketserver.py", line 360, in finish_request
    self.RequestHandlerClass(request, client_address, self)
  File "/usr/lib/python3.10/socketserver.py", line 683, in process_request_thread
    self.finish_request(request, client_address)
  File "/usr/lib/python3.10/socketserver.py", line 683, in process_request_thread
    self.finish_request(request, client_address)
  File "/usr/lib/python3.10/socketserver.py", line 683, in process_request_thread
    self.finish_request(request, client_address)
  File "/usr/lib/python3.10/socketserver.py", line 683, in process_request_thread
    self.finish_request(request, client_address)
  File "/usr/lib/python3.10/socketserver.py", line 360, in finish_request
    self.RequestHandlerClass(request, client_address, self)
  File "/usr/lib/python3.10/socketserver.py", line 683, in process_request_thread
    self.finish_request(request, client_address)
  File "/usr/lib/python3.10/socketserver.py", line 683, in process_request_thread
    self.finish_request(request, client_address)
  File "/usr/lib/python3.10/socketserver.py", line 360, in finish_request
    self.RequestHandlerClass(request, client_address, self)
  File "/usr/lib/python3.10/socketserver.py", line 683, in process_request_thread
    self.finish_request(request, client_address)
  File "/usr/lib/python3.10/socketserver.py", line 683, in process_request_thread
    self.finish_request(request, client_address)
  File "/usr/lib/python3.10/socketserver.py", line 360, in finish_request
    self.RequestHandlerClass(request, client_address, self)
  File "/usr/lib/python3.10/socketserver.py", line 360, in finish_request
    self.RequestHandlerClass(request, client_address, self)
  File "/usr/lib/python3.10/socketserver.py", line 360, in finish_request
    self.RequestHandlerClass(request, client_address, self)
  File "/usr/lib/python3.10/socketserver.py", line 360, in finish_request
    self.RequestHandlerClass(request, client_address, self)
  File "/usr/lib/python3.10/socketserver.py", line 360, in finish_request
    self.RequestHandlerClass(request, client_address, self)
  File "/usr/lib/python3.10/socketserver.py", line 683, in process_request_thread
    self.finish_request(request, client_address)
  File "/usr/lib/python3.10/socketserver.py", line 360, in finish_request
    self.RequestHandlerClass(request, client_address, self)
  File "/usr/lib/python3.10/socketserver.py", line 360, in finish_request
    self.RequestHandlerClass(request, client_address, self)
  File "/usr/lib/python3.10/socketserver.py", line 683, in process_request_thread
    self.finish_request(request, client_address)
  File "/usr/lib/python3.10/socketserver.py", line 683, in process_request_thread
    self.finish_request(request, client_address)
  File "/usr/lib/python3.10/socketserver.py", line 360, in finish_request
    self.RequestHandlerClass(request, client_address, self)
  File "/usr/lib/python3.10/socketserver.py", line 683, in process_request_thread
    self.finish_request(request, client_address)
  File "/usr/lib/python3.10/socketserver.py", line 360, in finish_request
    self.RequestHandlerClass(request, client_address, self)
  File "/usr/lib/python3.10/socketserver.py", line 360, in finish_request
    self.RequestHandlerClass(request, client_address, self)
  File "/usr/lib/python3.10/socketserver.py", line 683, in process_request_thread
    self.finish_request(request, client_address)
  File "/usr/lib/python3.10/socketserver.py", line 360, in finish_request
    self.RequestHandlerClass(request, client_address, self)
  File "/usr/lib/python3.10/socketserver.py", line 747, in __init__
    self.handle()
  File "/usr/lib/python3.10/socketserver.py", line 683, in process_request_thread
    self.finish_request(request, client_address)
  File "/usr/lib/python3.10/socketserver.py", line 683, in process_request_thread
    self.finish_request(request, client_address)
  File "/usr/lib/python3.10/socketserver.py", line 683, in process_request_thread
    self.finish_request(request, client_address)
  File "/usr/lib/python3.10/socketserver.py", line 360, in finish_request
    self.RequestHandlerClass(request, client_address, self)
  File "/usr/lib/python3.10/socketserver.py", line 747, in __init__
    self.handle()
  File "/usr/lib/python3.10/socketserver.py", line 683, in process_request_thread
    self.finish_request(request, client_address)
  File "/usr/lib/python3.10/socketserver.py", line 747, in __init__
    self.handle()
  File "/usr/lib/python3.10/http/server.py", line 435, in handle
    self.handle_one_request()
  File "/usr/lib/python3.10/socketserver.py", line 747, in __init__
    self.handle()
  File "/usr/lib/python3.10/http/server.py", line 435, in handle
    self.handle_one_request()
  File "/usr/lib/python3.10/socketserver.py", line 683, in process_request_thread
    self.finish_request(request, client_address)
  File "/usr/lib/python3.10/socketserver.py", line 360, in finish_request
    self.RequestHandlerClass(request, client_address, self)
  File "/usr/lib/python3.10/socketserver.py", line 747, in __init__
    self.handle()
  File "/usr/lib/python3.10/socketserver.py", line 683, in process_request_thread
    self.finish_request(request, client_address)
  File "/usr/lib/python3.10/socketserver.py", line 683, in process_request_thread
    self.finish_request(request, client_address)
  File "/usr/lib/python3.10/socketserver.py", line 360, in finish_request
    self.RequestHandlerClass(request, client_address, self)
  File "/usr/lib/python3.10/socketserver.py", line 683, in process_request_thread
    self.finish_request(request, client_address)
  File "/usr/lib/python3.10/socketserver.py", line 360, in finish_request
    self.RequestHandlerClass(request, client_address, self)
  File "/usr/lib/python3.10/http/server.py", line 435, in handle
    self.handle_one_request()
  File "/usr/lib/python3.10/socketserver.py", line 360, in finish_request
    self.RequestHandlerClass(request, client_address, self)
  File "/usr/lib/python3.10/socketserver.py", line 360, in finish_request
    self.RequestHandlerClass(request, client_address, self)
  File "/usr/lib/python3.10/socketserver.py", line 747, in __init__
    self.handle()
  File "/usr/lib/python3.10/socketserver.py", line 360, in finish_request
    self.RequestHandlerClass(request, client_address, self)
  File "/usr/lib/python3.10/socketserver.py", line 747, in __init__
    self.handle()
  File "/usr/lib/python3.10/socketserver.py", line 747, in __init__
    self.handle()
  File "/usr/lib/python3.10/http/server.py", line 401, in handle_one_request
    self.raw_requestline = self.rfile.readline(65537)
  File "/usr/lib/python3.10/socketserver.py", line 360, in finish_request
    self.RequestHandlerClass(request, client_address, self)
  File "/usr/lib/python3.10/socketserver.py", line 360, in finish_request
    self.RequestHandlerClass(request, client_address, self)
  File "/usr/lib/python3.10/socketserver.py", line 747, in __init__
    self.handle()
  File "/usr/lib/python3.10/socketserver.py", line 747, in __init__
    self.handle()
  File "/usr/lib/python3.10/socketserver.py", line 360, in finish_request
    self.RequestHandlerClass(request, client_address, self)
  File "/usr/lib/python3.10/socketserver.py", line 747, in __init__
    self.handle()
  File "/usr/lib/python3.10/socketserver.py", line 360, in finish_request
    self.RequestHandlerClass(request, client_address, self)
  File "/usr/lib/python3.10/socketserver.py", line 747, in __init__
    self.handle()
  File "/usr/lib/python3.10/socketserver.py", line 360, in finish_request
    self.RequestHandlerClass(request, client_address, self)
  File "/usr/lib/python3.10/socketserver.py", line 747, in __init__
    self.handle()
  File "/usr/lib/python3.10/http/server.py", line 435, in handle
    self.handle_one_request()
  File "/usr/lib/python3.10/http/server.py", line 435, in handle
    self.handle_one_request()
  File "/usr/lib/python3.10/socketserver.py", line 683, in process_request_thread
    self.finish_request(request, client_address)
  File "/usr/lib/python3.10/socketserver.py", line 360, in finish_request
    self.RequestHandlerClass(request, client_address, self)
  File "/usr/lib/python3.10/socketserver.py", line 747, in __init__
    self.handle()
  File "/usr/lib/python3.10/socketserver.py", line 747, in __init__
    self.handle()
  File "/usr/lib/python3.10/socketserver.py", line 747, in __init__
    self.handle()
  File "/usr/lib/python3.10/socketserver.py", line 747, in __init__
    self.handle()
  File "/usr/lib/python3.10/socketserver.py", line 360, in finish_request
    self.RequestHandlerClass(request, client_address, self)
  File "/usr/lib/python3.10/http/server.py", line 435, in handle
    self.handle_one_request()
  File "/usr/lib/python3.10/http/server.py", line 401, in handle_one_request
    self.raw_requestline = self.rfile.readline(65537)
  File "/usr/lib/python3.10/socket.py", line 705, in readinto
    return self._sock.recv_into(b)
  File "/usr/lib/python3.10/socketserver.py", line 747, in __init__
    self.handle()
  File "/usr/lib/python3.10/http/server.py", line 435, in handle
    self.handle_one_request()
  File "/usr/lib/python3.10/http/server.py", line 401, in handle_one_request
    self.raw_requestline = self.rfile.readline(65537)
  File "/usr/lib/python3.10/socketserver.py", line 747, in __init__
    self.handle()
  File "/usr/lib/python3.10/http/server.py", line 435, in handle
    self.handle_one_request()
  File "/usr/lib/python3.10/socketserver.py", line 747, in __init__
    self.handle()
  File "/usr/lib/python3.10/socketserver.py", line 683, in process_request_thread
    self.finish_request(request, client_address)
  File "/usr/lib/python3.10/http/server.py", line 401, in handle_one_request
    self.raw_requestline = self.rfile.readline(65537)
  File "/usr/lib/python3.10/socket.py", line 705, in readinto
    return self._sock.recv_into(b)
  File "/usr/lib/python3.10/socketserver.py", line 747, in __init__
    self.handle()
  File "/usr/lib/python3.10/http/server.py", line 435, in handle
    self.handle_one_request()
  File "/usr/lib/python3.10/http/server.py", line 401, in handle_one_request
    self.raw_requestline = self.rfile.readline(65537)
  File "/usr/lib/python3.10/http/server.py", line 435, in handle
    self.handle_one_request()
  File "/usr/lib/python3.10/http/server.py", line 435, in handle
    self.handle_one_request()
  File "/usr/lib/python3.10/http/server.py", line 401, in handle_one_request
    self.raw_requestline = self.rfile.readline(65537)
  File "/usr/lib/python3.10/socketserver.py", line 747, in __init__
    self.handle()
  File "/usr/lib/python3.10/http/server.py", line 435, in handle
    self.handle_one_request()
  File "/usr/lib/python3.10/socketserver.py", line 360, in finish_request
    self.RequestHandlerClass(request, client_address, self)
  File "/usr/lib/python3.10/socketserver.py", line 747, in __init__
    self.handle()
  File "/usr/lib/python3.10/http/server.py", line 435, in handle
    self.handle_one_request()
  File "/usr/lib/python3.10/socketserver.py", line 747, in __init__
    self.handle()
  File "/usr/lib/python3.10/http/server.py", line 435, in handle
    self.handle_one_request()
  File "/usr/lib/python3.10/http/server.py", line 435, in handle
    self.handle_one_request()
  File "/usr/lib/python3.10/socketserver.py", line 360, in finish_request
    self.RequestHandlerClass(request, client_address, self)
  File "/usr/lib/python3.10/socketserver.py", line 360, in finish_request
    self.RequestHandlerClass(request, client_address, self)
  File "/usr/lib/python3.10/http/server.py", line 435, in handle
    self.handle_one_request()
ConnectionResetError: [Errno 104] Connection reset by peer
  File "/usr/lib/python3.10/http/server.py", line 435, in handle
    self.handle_one_request()
  File "/usr/lib/python3.10/socket.py", line 705, in readinto
    return self._sock.recv_into(b)
  File "/usr/lib/python3.10/http/server.py", line 435, in handle
    self.handle_one_request()
  File "/usr/lib/python3.10/socketserver.py", line 747, in __init__
    self.handle()
  File "/usr/lib/python3.10/http/server.py", line 435, in handle
    self.handle_one_request()
  File "/usr/lib/python3.10/socketserver.py", line 747, in __init__
    self.handle()
  File "/usr/lib/python3.10/socketserver.py", line 747, in __init__
    self.handle()
  File "/usr/lib/python3.10/http/server.py", line 435, in handle
    self.handle_one_request()
  File "/usr/lib/python3.10/http/server.py", line 401, in handle_one_request
    self.raw_requestline = self.rfile.readline(65537)
  File "/usr/lib/python3.10/socketserver.py", line 747, in __init__
    self.handle()
  File "/usr/lib/python3.10/http/server.py", line 435, in handle
    self.handle_one_request()
  File "/usr/lib/python3.10/http/server.py", line 435, in handle
    self.handle_one_request()
  File "/usr/lib/python3.10/http/server.py", line 401, in handle_one_request
    self.raw_requestline = self.rfile.readline(65537)
  File "/usr/lib/python3.10/http/server.py", line 401, in handle_one_request
    self.raw_requestline = self.rfile.readline(65537)
  File "/usr/lib/python3.10/http/server.py", line 435, in handle
    self.handle_one_request()
  File "/usr/lib/python3.10/http/server.py", line 401, in handle_one_request
    self.raw_requestline = self.rfile.readline(65537)
  File "/usr/lib/python3.10/socketserver.py", line 747, in __init__
    self.handle()
----------------------------------------
  File "/usr/lib/python3.10/socketserver.py", line 360, in finish_request
    self.RequestHandlerClass(request, client_address, self)
ConnectionResetError: [Errno 104] Connection reset by peer
  File "/usr/lib/python3.10/http/server.py", line 401, in handle_one_request
    self.raw_requestline = self.rfile.readline(65537)
  File "/usr/lib/python3.10/socket.py", line 705, in readinto
    return self._sock.recv_into(b)
  File "/usr/lib/python3.10/http/server.py", line 401, in handle_one_request
    self.raw_requestline = self.rfile.readline(65537)
  File "/usr/lib/python3.10/http/server.py", line 401, in handle_one_request
    self.raw_requestline = self.rfile.readline(65537)
  File "/usr/lib/python3.10/http/server.py", line 435, in handle
    self.handle_one_request()
  File "/usr/lib/python3.10/http/server.py", line 401, in handle_one_request
    self.raw_requestline = self.rfile.readline(65537)
  File "/usr/lib/python3.10/http/server.py", line 401, in handle_one_request
    self.raw_requestline = self.rfile.readline(65537)
  File "/usr/lib/python3.10/socket.py", line 705, in readinto
    return self._sock.recv_into(b)
  File "/usr/lib/python3.10/socketserver.py", line 747, in __init__
    self.handle()
  File "/usr/lib/python3.10/http/server.py", line 435, in handle
    self.handle_one_request()
  File "/usr/lib/python3.10/http/server.py", line 401, in handle_one_request
    self.raw_requestline = self.rfile.readline(65537)
  File "/usr/lib/python3.10/http/server.py", line 435, in handle
    self.handle_one_request()
  File "/usr/lib/python3.10/http/server.py", line 401, in handle_one_request
    self.raw_requestline = self.rfile.readline(65537)
  File "/usr/lib/python3.10/http/server.py", line 401, in handle_one_request
    self.raw_requestline = self.rfile.readline(65537)
  File "/usr/lib/python3.10/http/server.py", line 401, in handle_one_request
    self.raw_requestline = self.rfile.readline(65537)
  File "/usr/lib/python3.10/socket.py", line 705, in readinto
    return self._sock.recv_into(b)
  File "/usr/lib/python3.10/http/server.py", line 435, in handle
    self.handle_one_request()
  File "/usr/lib/python3.10/http/server.py", line 401, in handle_one_request
    self.raw_requestline = self.rfile.readline(65537)
  File "/usr/lib/python3.10/http/server.py", line 401, in handle_one_request
    self.raw_requestline = self.rfile.readline(65537)
  File "/usr/lib/python3.10/http/server.py", line 435, in handle
    self.handle_one_request()
  File "/usr/lib/python3.10/http/server.py", line 401, in handle_one_request
    self.raw_requestline = self.rfile.readline(65537)
  File "/usr/lib/python3.10/socket.py", line 705, in readinto
    return self._sock.recv_into(b)
  File "/usr/lib/python3.10/http/server.py", line 401, in handle_one_request
    self.raw_requestline = self.rfile.readline(65537)
  File "/usr/lib/python3.10/socket.py", line 705, in readinto
    return self._sock.recv_into(b)
  File "/usr/lib/python3.10/http/server.py", line 435, in handle
    self.handle_one_request()
  File "/usr/lib/python3.10/http/server.py", line 401, in handle_one_request
    self.raw_requestline = self.rfile.readline(65537)
  File "/usr/lib/python3.10/socket.py", line 705, in readinto
    return self._sock.recv_into(b)
  File "/usr/lib/python3.10/socket.py", line 705, in readinto
    return self._sock.recv_into(b)
ConnectionResetError: [Errno 104] Connection reset by peer
  File "/usr/lib/python3.10/socket.py", line 705, in readinto
    return self._sock.recv_into(b)
  File "/usr/lib/python3.10/socket.py", line 705, in readinto
    return self._sock.recv_into(b)
ConnectionResetError: [Errno 104] Connection reset by peer
  File "/usr/lib/python3.10/http/server.py", line 401, in handle_one_request
    self.raw_requestline = self.rfile.readline(65537)
  File "/usr/lib/python3.10/socket.py", line 705, in readinto
    return self._sock.recv_into(b)
  File "/usr/lib/python3.10/socket.py", line 705, in readinto
    return self._sock.recv_into(b)
  File "/usr/lib/python3.10/http/server.py", line 401, in handle_one_request
    self.raw_requestline = self.rfile.readline(65537)
  File "/usr/lib/python3.10/socket.py", line 705, in readinto
    return self._sock.recv_into(b)
ConnectionResetError: [Errno 104] Connection reset by peer
----------------------------------------
  File "/usr/lib/python3.10/socket.py", line 705, in readinto
    return self._sock.recv_into(b)
  File "/usr/lib/python3.10/socketserver.py", line 747, in __init__
    self.handle()
  File "/usr/lib/python3.10/socketserver.py", line 747, in __init__
    self.handle()
----------------------------------------
ConnectionResetError: [Errno 104] Connection reset by peer
----------------------------------------
  File "/usr/lib/python3.10/socket.py", line 705, in readinto
    return self._sock.recv_into(b)
ConnectionResetError: [Errno 104] Connection reset by peer
ConnectionResetError: [Errno 104] Connection reset by peer
  File "/usr/lib/python3.10/socket.py", line 705, in readinto
    return self._sock.recv_into(b)
ConnectionResetError: [Errno 104] Connection reset by peer
  File "/usr/lib/python3.10/socket.py", line 705, in readinto
    return self._sock.recv_into(b)
  File "/usr/lib/python3.10/http/server.py", line 401, in handle_one_request
    self.raw_requestline = self.rfile.readline(65537)
  File "/usr/lib/python3.10/socket.py", line 705, in readinto
    return self._sock.recv_into(b)
ConnectionResetError: [Errno 104] Connection reset by peer
  File "/usr/lib/python3.10/socket.py", line 705, in readinto
    return self._sock.recv_into(b)
----------------------------------------
ConnectionResetError: [Errno 104] Connection reset by peer
----------------------------------------
  File "/usr/lib/python3.10/socket.py", line 705, in readinto
    return self._sock.recv_into(b)
  File "/usr/lib/python3.10/socket.py", line 705, in readinto
    return self._sock.recv_into(b)
----------------------------------------
----------------------------------------
ConnectionResetError: [Errno 104] Connection reset by peer
----------------------------------------
ConnectionResetError: [Errno 104] Connection reset by peer
----------------------------------------
ConnectionResetError: [Errno 104] Connection reset by peer
  File "/usr/lib/python3.10/http/server.py", line 435, in handle
    self.handle_one_request()
ConnectionResetError: [Errno 104] Connection reset by peer
ConnectionResetError: [Errno 104] Connection reset by peer
  File "/usr/lib/python3.10/http/server.py", line 401, in handle_one_request
    self.raw_requestline = self.rfile.readline(65537)
  File "/usr/lib/python3.10/socket.py", line 705, in readinto
    return self._sock.recv_into(b)
  File "/usr/lib/python3.10/socket.py", line 705, in readinto
    return self._sock.recv_into(b)
----------------------------------------
  File "/usr/lib/python3.10/socket.py", line 705, in readinto
    return self._sock.recv_into(b)
ConnectionResetError: [Errno 104] Connection reset by peer
----------------------------------------
  File "/usr/lib/python3.10/http/server.py", line 435, in handle
    self.handle_one_request()
----------------------------------------
----------------------------------------
----------------------------------------
ConnectionResetError: [Errno 104] Connection reset by peer
ConnectionResetError: [Errno 104] Connection reset by peer
ConnectionResetError: [Errno 104] Connection reset by peer
ConnectionResetError: [Errno 104] Connection reset by peer
ConnectionResetError: [Errno 104] Connection reset by peer
  File "/usr/lib/python3.10/http/server.py", line 435, in handle
    self.handle_one_request()
  File "/usr/lib/python3.10/http/server.py", line 401, in handle_one_request
    self.raw_requestline = self.rfile.readline(65537)
  File "/usr/lib/python3.10/socket.py", line 705, in readinto
    return self._sock.recv_into(b)
  File "/usr/lib/python3.10/socket.py", line 705, in readinto
    return self._sock.recv_into(b)
ConnectionResetError: [Errno 104] Connection reset by peer
  File "/usr/lib/python3.10/socket.py", line 705, in readinto
    return self._sock.recv_into(b)
  File "/usr/lib/python3.10/http/server.py", line 401, in handle_one_request
    self.raw_requestline = self.rfile.readline(65537)
ConnectionResetError: [Errno 104] Connection reset by peer
----------------------------------------
----------------------------------------
  File "/usr/lib/python3.10/http/server.py", line 401, in handle_one_request
    self.raw_requestline = self.rfile.readline(65537)
ConnectionResetError: [Errno 104] Connection reset by peer
ConnectionResetError: [Errno 104] Connection reset by peer
----------------------------------------
ConnectionResetError: [Errno 104] Connection reset by peer
  File "/usr/lib/python3.10/socket.py", line 705, in readinto
    return self._sock.recv_into(b)
----------------------------------------
  File "/usr/lib/python3.10/http/server.py", line 401, in handle_one_request
    self.raw_requestline = self.rfile.readline(65537)
  File "/usr/lib/python3.10/socket.py", line 705, in readinto
    return self._sock.recv_into(b)
ConnectionResetError: [Errno 104] Connection reset by peer
----------------------------------------
----------------------------------------
ConnectionResetError: [Errno 104] Connection reset by peer
ConnectionResetError: [Errno 104] Connection reset by peer
ConnectionResetError: [Errno 104] Connection reset by peer
----------------------------------------
----------------------------------------
----------------------------------------
  File "/usr/lib/python3.10/socket.py", line 705, in readinto
    return self._sock.recv_into(b)
----------------------------------------
----------------------------------------
----------------------------------------
----------------------------------------
----------------------------------------
ConnectionResetError: [Errno 104] Connection reset by peer
----------------------------------------
----------------------------------------
----------------------------------------
----------------------------------------
----------------------------------------
Exception occurred during processing of request from ('10.200.2.1', 34646)
----------------------------------------
----------------------------------------
----------------------------------------
----------------------------------------
----------------------------------------
----------------------------------------
Exception occurred during processing of request from ('10.200.2.1', 34622)
----------------------------------------
Exception occurred during processing of request from ('10.200.2.1', 34584)
Traceback (most recent call last):
  File "/usr/lib/python3.10/socketserver.py", line 683, in process_request_thread
    self.finish_request(request, client_address)
  File "/usr/lib/python3.10/socketserver.py", line 360, in finish_request
    self.RequestHandlerClass(request, client_address, self)
Exception occurred during processing of request from ('10.200.2.1', 34586)
Traceback (most recent call last):
  File "/usr/lib/python3.10/socketserver.py", line 683, in process_request_thread
    self.finish_request(request, client_address)
  File "/usr/lib/python3.10/socketserver.py", line 360, in finish_request
    self.RequestHandlerClass(request, client_address, self)
Traceback (most recent call last):
----------------------------------------
Exception occurred during processing of request from ('10.200.2.1', 34630)
Exception occurred during processing of request from ('10.200.2.1', 34634)
Exception occurred during processing of request from ('10.200.2.1', 34604)
Exception occurred during processing of request from ('10.200.2.1', 34576)
----------------------------------------
  File "/usr/lib/python3.10/socketserver.py", line 747, in __init__
    self.handle()
Traceback (most recent call last):
----------------------------------------
Traceback (most recent call last):
Traceback (most recent call last):
Traceback (most recent call last):
----------------------------------------
  File "/usr/lib/python3.10/http/server.py", line 435, in handle
    self.handle_one_request()
  File "/usr/lib/python3.10/socketserver.py", line 683, in process_request_thread
    self.finish_request(request, client_address)
Exception occurred during processing of request from ('10.200.2.1', 34686)
  File "/usr/lib/python3.10/socketserver.py", line 683, in process_request_thread
    self.finish_request(request, client_address)
  File "/usr/lib/python3.10/socketserver.py", line 683, in process_request_thread
    self.finish_request(request, client_address)
  File "/usr/lib/python3.10/socketserver.py", line 683, in process_request_thread
    self.finish_request(request, client_address)
Exception occurred during processing of request from ('10.200.2.1', 34602)
Traceback (most recent call last):
Exception occurred during processing of request from ('10.200.2.1', 34594)
  File "/usr/lib/python3.10/socketserver.py", line 747, in __init__
    self.handle()
  File "/usr/lib/python3.10/socketserver.py", line 360, in finish_request
    self.RequestHandlerClass(request, client_address, self)
Exception occurred during processing of request from ('10.200.2.1', 34670)
  File "/usr/lib/python3.10/http/server.py", line 401, in handle_one_request
    self.raw_requestline = self.rfile.readline(65537)
  File "/usr/lib/python3.10/socketserver.py", line 683, in process_request_thread
    self.finish_request(request, client_address)
  File "/usr/lib/python3.10/http/server.py", line 435, in handle
    self.handle_one_request()
  File "/usr/lib/python3.10/http/server.py", line 401, in handle_one_request
    self.raw_requestline = self.rfile.readline(65537)
  File "/usr/lib/python3.10/socketserver.py", line 683, in process_request_thread
    self.finish_request(request, client_address)
  File "/usr/lib/python3.10/socketserver.py", line 360, in finish_request
    self.RequestHandlerClass(request, client_address, self)
Exception occurred during processing of request from ('10.200.2.1', 34618)
Traceback (most recent call last):
  File "/usr/lib/python3.10/socketserver.py", line 360, in finish_request
    self.RequestHandlerClass(request, client_address, self)
  File "/usr/lib/python3.10/socketserver.py", line 747, in __init__
    self.handle()
  File "/usr/lib/python3.10/http/server.py", line 435, in handle
    self.handle_one_request()
  File "/usr/lib/python3.10/http/server.py", line 401, in handle_one_request
    self.raw_requestline = self.rfile.readline(65537)
  File "/usr/lib/python3.10/socketserver.py", line 747, in __init__
    self.handle()
  File "/usr/lib/python3.10/socketserver.py", line 360, in finish_request
    self.RequestHandlerClass(request, client_address, self)
  File "/usr/lib/python3.10/socket.py", line 705, in readinto
    return self._sock.recv_into(b)
  File "/usr/lib/python3.10/socketserver.py", line 683, in process_request_thread
    self.finish_request(request, client_address)
Traceback (most recent call last):
  File "/usr/lib/python3.10/socket.py", line 705, in readinto
    return self._sock.recv_into(b)
  File "/usr/lib/python3.10/http/server.py", line 435, in handle
    self.handle_one_request()
  File "/usr/lib/python3.10/http/server.py", line 401, in handle_one_request
    self.raw_requestline = self.rfile.readline(65537)
  File "/usr/lib/python3.10/socket.py", line 705, in readinto
    return self._sock.recv_into(b)
ConnectionResetError: [Errno 104] Connection reset by peer
  File "/usr/lib/python3.10/socketserver.py", line 360, in finish_request
    self.RequestHandlerClass(request, client_address, self)
  File "/usr/lib/python3.10/socketserver.py", line 683, in process_request_thread
    self.finish_request(request, client_address)
  File "/usr/lib/python3.10/socketserver.py", line 360, in finish_request
    self.RequestHandlerClass(request, client_address, self)
  File "/usr/lib/python3.10/socket.py", line 705, in readinto
    return self._sock.recv_into(b)
Traceback (most recent call last):
  File "/usr/lib/python3.10/socketserver.py", line 747, in __init__
    self.handle()
  File "/usr/lib/python3.10/socketserver.py", line 360, in finish_request
    self.RequestHandlerClass(request, client_address, self)
  File "/usr/lib/python3.10/socketserver.py", line 747, in __init__
    self.handle()
  File "/usr/lib/python3.10/socketserver.py", line 360, in finish_request
    self.RequestHandlerClass(request, client_address, self)
  File "/usr/lib/python3.10/socketserver.py", line 747, in __init__
    self.handle()
  File "/usr/lib/python3.10/socketserver.py", line 683, in process_request_thread
    self.finish_request(request, client_address)
  File "/usr/lib/python3.10/http/server.py", line 435, in handle
    self.handle_one_request()
  File "/usr/lib/python3.10/socketserver.py", line 747, in __init__
    self.handle()
  File "/usr/lib/python3.10/http/server.py", line 435, in handle
    self.handle_one_request()
  File "/usr/lib/python3.10/socketserver.py", line 747, in __init__
    self.handle()
Traceback (most recent call last):
ConnectionResetError: [Errno 104] Connection reset by peer
----------------------------------------
  File "/usr/lib/python3.10/http/server.py", line 401, in handle_one_request
    self.raw_requestline = self.rfile.readline(65537)
  File "/usr/lib/python3.10/http/server.py", line 435, in handle
    self.handle_one_request()
  File "/usr/lib/python3.10/http/server.py", line 401, in handle_one_request
    self.raw_requestline = self.rfile.readline(65537)
  File "/usr/lib/python3.10/socket.py", line 705, in readinto
    return self._sock.recv_into(b)
  File "/usr/lib/python3.10/http/server.py", line 435, in handle
    self.handle_one_request()
----------------------------------------
  File "/usr/lib/python3.10/socket.py", line 705, in readinto
    return self._sock.recv_into(b)
  File "/usr/lib/python3.10/http/server.py", line 401, in handle_one_request
    self.raw_requestline = self.rfile.readline(65537)
ConnectionResetError: [Errno 104] Connection reset by peer
ConnectionResetError: [Errno 104] Connection reset by peer
  File "/usr/lib/python3.10/socketserver.py", line 360, in finish_request
    self.RequestHandlerClass(request, client_address, self)
ConnectionResetError: [Errno 104] Connection reset by peer
ConnectionResetError: [Errno 104] Connection reset by peer
  File "/usr/lib/python3.10/socket.py", line 705, in readinto
    return self._sock.recv_into(b)
----------------------------------------
----------------------------------------
  File "/usr/lib/python3.10/socketserver.py", line 747, in __init__
    self.handle()
----------------------------------------
----------------------------------------
ConnectionResetError: [Errno 104] Connection reset by peer
Traceback (most recent call last):
  File "/usr/lib/python3.10/http/server.py", line 435, in handle
    self.handle_one_request()
  File "/usr/lib/python3.10/socketserver.py", line 683, in process_request_thread
    self.finish_request(request, client_address)
----------------------------------------
  File "/usr/lib/python3.10/socketserver.py", line 683, in process_request_thread
    self.finish_request(request, client_address)
  File "/usr/lib/python3.10/http/server.py", line 401, in handle_one_request
    self.raw_requestline = self.rfile.readline(65537)
  File "/usr/lib/python3.10/socketserver.py", line 360, in finish_request
    self.RequestHandlerClass(request, client_address, self)
  File "/usr/lib/python3.10/socketserver.py", line 360, in finish_request
    self.RequestHandlerClass(request, client_address, self)
  File "/usr/lib/python3.10/socketserver.py", line 747, in __init__
    self.handle()
  File "/usr/lib/python3.10/socket.py", line 705, in readinto
    return self._sock.recv_into(b)
  File "/usr/lib/python3.10/socketserver.py", line 747, in __init__
    self.handle()
  File "/usr/lib/python3.10/http/server.py", line 401, in handle_one_request
    self.raw_requestline = self.rfile.readline(65537)
  File "/usr/lib/python3.10/socketserver.py", line 747, in __init__
    self.handle()
  File "/usr/lib/python3.10/http/server.py", line 435, in handle
    self.handle_one_request()
  File "/usr/lib/python3.10/socket.py", line 705, in readinto
    return self._sock.recv_into(b)
  File "/usr/lib/python3.10/http/server.py", line 435, in handle
    self.handle_one_request()
  File "/usr/lib/python3.10/http/server.py", line 435, in handle
    self.handle_one_request()
  File "/usr/lib/python3.10/http/server.py", line 401, in handle_one_request
    self.raw_requestline = self.rfile.readline(65537)
  File "/usr/lib/python3.10/http/server.py", line 435, in handle
    self.handle_one_request()
  File "/usr/lib/python3.10/http/server.py", line 401, in handle_one_request
    self.raw_requestline = self.rfile.readline(65537)
ConnectionResetError: [Errno 104] Connection reset by peer
  File "/usr/lib/python3.10/http/server.py", line 401, in handle_one_request
    self.raw_requestline = self.rfile.readline(65537)
  File "/usr/lib/python3.10/socket.py", line 705, in readinto
    return self._sock.recv_into(b)
ConnectionResetError: [Errno 104] Connection reset by peer
  File "/usr/lib/python3.10/http/server.py", line 401, in handle_one_request
    self.raw_requestline = self.rfile.readline(65537)
  File "/usr/lib/python3.10/socket.py", line 705, in readinto
    return self._sock.recv_into(b)
  File "/usr/lib/python3.10/socket.py", line 705, in readinto
    return self._sock.recv_into(b)
  File "/usr/lib/python3.10/socket.py", line 705, in readinto
    return self._sock.recv_into(b)
ConnectionResetError: [Errno 104] Connection reset by peer
ConnectionResetError: [Errno 104] Connection reset by peer
ConnectionResetError: [Errno 104] Connection reset by peer
----------------------------------------
----------------------------------------
----------------------------------------
ConnectionResetError: [Errno 104] Connection reset by peer
----------------------------------------
----------------------------------------
----------------------------------------
----------------------------------------
----------------------------------------
Exception occurred during processing of request from ('10.200.2.1', 47692)
----------------------------------------
----------------------------------------
----------------------------------------
----------------------------------------
----------------------------------------
----------------------------------------
Exception occurred during processing of request from ('10.200.2.1', 47708)
----------------------------------------
Exception occurred during processing of request from ('10.200.2.1', 47744)
----------------------------------------
----------------------------------------
----------------------------------------
Exception occurred during processing of request from ('10.200.2.1', 47522)
----------------------------------------
Exception occurred during processing of request from ('10.200.2.1', 47670)
Exception occurred during processing of request from ('10.200.2.1', 47570)
Exception occurred during processing of request from ('10.200.2.1', 47540)
Exception occurred during processing of request from ('10.200.2.1', 47046)
Exception occurred during processing of request from ('10.200.2.1', 47594)
----------------------------------------
----------------------------------------
----------------------------------------
Exception occurred during processing of request from ('10.200.2.1', 47640)
----------------------------------------
Exception occurred during processing of request from ('10.200.2.1', 47612)
----------------------------------------
----------------------------------------
Exception occurred during processing of request from ('10.200.2.1', 47530)
----------------------------------------
Exception occurred during processing of request from ('10.200.2.1', 47660)
Exception occurred during processing of request from ('10.200.2.1', 47724)
Exception occurred during processing of request from ('10.200.2.1', 47578)
----------------------------------------
----------------------------------------
Exception occurred during processing of request from ('10.200.2.1', 47684)
----------------------------------------
----------------------------------------
----------------------------------------
----------------------------------------
Exception occurred during processing of request from ('10.200.2.1', 47544)
Exception occurred during processing of request from ('10.200.2.1', 47754)
Exception occurred during processing of request from ('10.200.2.1', 47718)
Exception occurred during processing of request from ('10.200.2.1', 47626)
Exception occurred during processing of request from ('10.200.2.1', 47546)
Exception occurred during processing of request from ('10.200.2.1', 47600)
----------------------------------------
Exception occurred during processing of request from ('10.200.2.1', 47646)
Exception occurred during processing of request from ('10.200.2.1', 47664)
----------------------------------------
Exception occurred during processing of request from ('10.200.2.1', 47694)
Exception occurred during processing of request from ('10.200.2.1', 47050)
Exception occurred during processing of request from ('10.200.2.1', 47650)
Exception occurred during processing of request from ('10.200.2.1', 47674)
Traceback (most recent call last):
  File "/usr/lib/python3.10/socketserver.py", line 683, in process_request_thread
    self.finish_request(request, client_address)
  File "/usr/lib/python3.10/socketserver.py", line 360, in finish_request
    self.RequestHandlerClass(request, client_address, self)
  File "/usr/lib/python3.10/socketserver.py", line 747, in __init__
    self.handle()
  File "/usr/lib/python3.10/http/server.py", line 435, in handle
    self.handle_one_request()
  File "/usr/lib/python3.10/http/server.py", line 401, in handle_one_request
    self.raw_requestline = self.rfile.readline(65537)
  File "/usr/lib/python3.10/socket.py", line 705, in readinto
    return self._sock.recv_into(b)
Traceback (most recent call last):
Traceback (most recent call last):
Traceback (most recent call last):
Traceback (most recent call last):
Traceback (most recent call last):
Traceback (most recent call last):
Traceback (most recent call last):
Traceback (most recent call last):
Traceback (most recent call last):
Traceback (most recent call last):
Traceback (most recent call last):
Traceback (most recent call last):
ConnectionResetError: [Errno 104] Connection reset by peer
Traceback (most recent call last):
  File "/usr/lib/python3.10/socketserver.py", line 683, in process_request_thread
    self.finish_request(request, client_address)
Traceback (most recent call last):
Traceback (most recent call last):
Traceback (most recent call last):
Traceback (most recent call last):
Traceback (most recent call last):
  File "/usr/lib/python3.10/socketserver.py", line 683, in process_request_thread
    self.finish_request(request, client_address)
Traceback (most recent call last):
  File "/usr/lib/python3.10/socketserver.py", line 683, in process_request_thread
    self.finish_request(request, client_address)
Traceback (most recent call last):
Traceback (most recent call last):
  File "/usr/lib/python3.10/socketserver.py", line 683, in process_request_thread
    self.finish_request(request, client_address)
  File "/usr/lib/python3.10/socketserver.py", line 360, in finish_request
    self.RequestHandlerClass(request, client_address, self)
----------------------------------------
  File "/usr/lib/python3.10/socketserver.py", line 683, in process_request_thread
    self.finish_request(request, client_address)
  File "/usr/lib/python3.10/socketserver.py", line 360, in finish_request
    self.RequestHandlerClass(request, client_address, self)
  File "/usr/lib/python3.10/socketserver.py", line 747, in __init__
    self.handle()
  File "/usr/lib/python3.10/socketserver.py", line 683, in process_request_thread
    self.finish_request(request, client_address)
  File "/usr/lib/python3.10/socketserver.py", line 360, in finish_request
    self.RequestHandlerClass(request, client_address, self)
  File "/usr/lib/python3.10/socketserver.py", line 747, in __init__
    self.handle()
  File "/usr/lib/python3.10/socketserver.py", line 683, in process_request_thread
    self.finish_request(request, client_address)
  File "/usr/lib/python3.10/socketserver.py", line 683, in process_request_thread
    self.finish_request(request, client_address)
Traceback (most recent call last):
  File "/usr/lib/python3.10/socketserver.py", line 683, in process_request_thread
    self.finish_request(request, client_address)
  File "/usr/lib/python3.10/socketserver.py", line 360, in finish_request
    self.RequestHandlerClass(request, client_address, self)
  File "/usr/lib/python3.10/socketserver.py", line 360, in finish_request
    self.RequestHandlerClass(request, client_address, self)
  File "/usr/lib/python3.10/socketserver.py", line 683, in process_request_thread
    self.finish_request(request, client_address)
Traceback (most recent call last):
  File "/usr/lib/python3.10/socketserver.py", line 683, in process_request_thread
    self.finish_request(request, client_address)
  File "/usr/lib/python3.10/socketserver.py", line 683, in process_request_thread
    self.finish_request(request, client_address)
  File "/usr/lib/python3.10/socketserver.py", line 683, in process_request_thread
    self.finish_request(request, client_address)
Traceback (most recent call last):
  File "/usr/lib/python3.10/socketserver.py", line 683, in process_request_thread
    self.finish_request(request, client_address)
  File "/usr/lib/python3.10/socketserver.py", line 683, in process_request_thread
    self.finish_request(request, client_address)
  File "/usr/lib/python3.10/socketserver.py", line 360, in finish_request
    self.RequestHandlerClass(request, client_address, self)
  File "/usr/lib/python3.10/socketserver.py", line 747, in __init__
    self.handle()
  File "/usr/lib/python3.10/socketserver.py", line 683, in process_request_thread
    self.finish_request(request, client_address)
  File "/usr/lib/python3.10/socketserver.py", line 360, in finish_request
    self.RequestHandlerClass(request, client_address, self)
  File "/usr/lib/python3.10/socketserver.py", line 747, in __init__
    self.handle()
  File "/usr/lib/python3.10/http/server.py", line 435, in handle
    self.handle_one_request()
  File "/usr/lib/python3.10/socketserver.py", line 360, in finish_request
    self.RequestHandlerClass(request, client_address, self)
  File "/usr/lib/python3.10/socketserver.py", line 683, in process_request_thread
    self.finish_request(request, client_address)
  File "/usr/lib/python3.10/socketserver.py", line 360, in finish_request
    self.RequestHandlerClass(request, client_address, self)
Traceback (most recent call last):
  File "/usr/lib/python3.10/socketserver.py", line 360, in finish_request
    self.RequestHandlerClass(request, client_address, self)
  File "/usr/lib/python3.10/socketserver.py", line 747, in __init__
    self.handle()
  File "/usr/lib/python3.10/http/server.py", line 435, in handle
    self.handle_one_request()
  File "/usr/lib/python3.10/socketserver.py", line 360, in finish_request
    self.RequestHandlerClass(request, client_address, self)
  File "/usr/lib/python3.10/socketserver.py", line 360, in finish_request
    self.RequestHandlerClass(request, client_address, self)
  File "/usr/lib/python3.10/socketserver.py", line 360, in finish_request
    self.RequestHandlerClass(request, client_address, self)
  File "/usr/lib/python3.10/http/server.py", line 435, in handle
    self.handle_one_request()
  File "/usr/lib/python3.10/socketserver.py", line 747, in __init__
    self.handle()
  File "/usr/lib/python3.10/socketserver.py", line 360, in finish_request
    self.RequestHandlerClass(request, client_address, self)
  File "/usr/lib/python3.10/socketserver.py", line 683, in process_request_thread
    self.finish_request(request, client_address)
  File "/usr/lib/python3.10/socketserver.py", line 360, in finish_request
    self.RequestHandlerClass(request, client_address, self)
  File "/usr/lib/python3.10/socketserver.py", line 747, in __init__
    self.handle()
Traceback (most recent call last):
  File "/usr/lib/python3.10/socketserver.py", line 683, in process_request_thread
    self.finish_request(request, client_address)
  File "/usr/lib/python3.10/socketserver.py", line 360, in finish_request
    self.RequestHandlerClass(request, client_address, self)
  File "/usr/lib/python3.10/socketserver.py", line 683, in process_request_thread
    self.finish_request(request, client_address)
  File "/usr/lib/python3.10/socketserver.py", line 683, in process_request_thread
    self.finish_request(request, client_address)
  File "/usr/lib/python3.10/socketserver.py", line 360, in finish_request
    self.RequestHandlerClass(request, client_address, self)
  File "/usr/lib/python3.10/socketserver.py", line 747, in __init__
    self.handle()
  File "/usr/lib/python3.10/http/server.py", line 435, in handle
    self.handle_one_request()
  File "/usr/lib/python3.10/socketserver.py", line 683, in process_request_thread
    self.finish_request(request, client_address)
  File "/usr/lib/python3.10/socketserver.py", line 360, in finish_request
    self.RequestHandlerClass(request, client_address, self)
  File "/usr/lib/python3.10/socketserver.py", line 747, in __init__
    self.handle()
  File "/usr/lib/python3.10/http/server.py", line 435, in handle
    self.handle_one_request()
  File "/usr/lib/python3.10/socketserver.py", line 747, in __init__
    self.handle()
  File "/usr/lib/python3.10/http/server.py", line 435, in handle
    self.handle_one_request()
  File "/usr/lib/python3.10/http/server.py", line 401, in handle_one_request
    self.raw_requestline = self.rfile.readline(65537)
  File "/usr/lib/python3.10/socket.py", line 705, in readinto
    return self._sock.recv_into(b)
  File "/usr/lib/python3.10/socketserver.py", line 747, in __init__
    self.handle()
  File "/usr/lib/python3.10/socketserver.py", line 683, in process_request_thread
    self.finish_request(request, client_address)
  File "/usr/lib/python3.10/socketserver.py", line 360, in finish_request
    self.RequestHandlerClass(request, client_address, self)
  File "/usr/lib/python3.10/socketserver.py", line 360, in finish_request
    self.RequestHandlerClass(request, client_address, self)
  File "/usr/lib/python3.10/http/server.py", line 435, in handle
    self.handle_one_request()
  File "/usr/lib/python3.10/socketserver.py", line 747, in __init__
    self.handle()
  File "/usr/lib/python3.10/http/server.py", line 421, in handle_one_request
    method()
  File "/usr/lib/python3.10/socketserver.py", line 747, in __init__
    self.handle()
  File "/usr/lib/python3.10/http/server.py", line 435, in handle
    self.handle_one_request()
  File "/usr/lib/python3.10/http/server.py", line 401, in handle_one_request
    self.raw_requestline = self.rfile.readline(65537)
  File "/usr/lib/python3.10/socketserver.py", line 360, in finish_request
    self.RequestHandlerClass(request, client_address, self)
  File "/usr/lib/python3.10/socketserver.py", line 747, in __init__
    self.handle()
  File "/usr/lib/python3.10/socketserver.py", line 747, in __init__
    self.handle()
  File "/usr/lib/python3.10/http/server.py", line 401, in handle_one_request
    self.raw_requestline = self.rfile.readline(65537)
  File "/usr/lib/python3.10/socketserver.py", line 360, in finish_request
    self.RequestHandlerClass(request, client_address, self)
  File "/usr/lib/python3.10/socketserver.py", line 747, in __init__
    self.handle()
  File "/usr/lib/python3.10/http/server.py", line 401, in handle_one_request
    self.raw_requestline = self.rfile.readline(65537)
  File "/usr/lib/python3.10/socket.py", line 705, in readinto
    return self._sock.recv_into(b)
  File "/usr/lib/python3.10/socketserver.py", line 747, in __init__
    self.handle()
  File "/usr/lib/python3.10/socketserver.py", line 747, in __init__
    self.handle()
  File "/usr/lib/python3.10/socket.py", line 705, in readinto
    return self._sock.recv_into(b)
  File "/usr/lib/python3.10/http/server.py", line 435, in handle
    self.handle_one_request()
  File "/usr/lib/python3.10/socketserver.py", line 683, in process_request_thread
    self.finish_request(request, client_address)
  File "/usr/lib/python3.10/socketserver.py", line 747, in __init__
    self.handle()
  File "/usr/lib/python3.10/http/server.py", line 435, in handle
    self.handle_one_request()
  File "/usr/lib/python3.10/socket.py", line 705, in readinto
    return self._sock.recv_into(b)
  File "/usr/lib/python3.10/http/server.py", line 435, in handle
    self.handle_one_request()
  File "/usr/lib/python3.10/socketserver.py", line 683, in process_request_thread
    self.finish_request(request, client_address)
  File "/usr/lib/python3.10/http/server.py", line 435, in handle
    self.handle_one_request()
  File "/usr/lib/python3.10/http/server.py", line 435, in handle
    self.handle_one_request()
  File "/usr/lib/python3.10/http/server.py", line 421, in handle_one_request
    method()
ConnectionResetError: [Errno 104] Connection reset by peer
  File "/usr/lib/python3.10/http/server.py", line 435, in handle
    self.handle_one_request()
  File "/usr/lib/python3.10/http/server.py", line 401, in handle_one_request
    self.raw_requestline = self.rfile.readline(65537)
  File "/usr/lib/python3.10/http/server.py", line 435, in handle
    self.handle_one_request()
  File "/usr/lib/python3.10/socketserver.py", line 747, in __init__
    self.handle()
  File "/usr/lib/python3.10/http/server.py", line 435, in handle
    self.handle_one_request()
  File "/usr/lib/python3.10/http/server.py", line 401, in handle_one_request
    self.raw_requestline = self.rfile.readline(65537)
  File "/usr/lib/python3.10/socketserver.py", line 360, in finish_request
    self.RequestHandlerClass(request, client_address, self)
  File "/usr/lib/python3.10/socketserver.py", line 747, in __init__
    self.handle()
  File "/usr/lib/python3.10/http/server.py", line 435, in handle
    self.handle_one_request()
ConnectionResetError: [Errno 104] Connection reset by peer
  File "/usr/lib/python3.10/http/server.py", line 401, in handle_one_request
    self.raw_requestline = self.rfile.readline(65537)
  File "/usr/lib/python3.10/http/server.py", line 435, in handle
    self.handle_one_request()
  File "/home/udeepa/CLB/scripts/fast_http_server.py", line 15, in do_GET
    self.wfile.write(body)
  File "/usr/lib/python3.10/socketserver.py", line 826, in write
    self._sock.sendall(b)
Traceback (most recent call last):
ConnectionResetError: [Errno 104] Connection reset by peer
  File "/usr/lib/python3.10/http/server.py", line 401, in handle_one_request
    self.raw_requestline = self.rfile.readline(65537)
  File "/usr/lib/python3.10/socket.py", line 705, in readinto
    return self._sock.recv_into(b)
  File "/usr/lib/python3.10/http/server.py", line 401, in handle_one_request
    self.raw_requestline = self.rfile.readline(65537)
  File "/usr/lib/python3.10/http/server.py", line 435, in handle
    self.handle_one_request()
  File "/usr/lib/python3.10/http/server.py", line 401, in handle_one_request
    self.raw_requestline = self.rfile.readline(65537)
  File "/usr/lib/python3.10/socket.py", line 705, in readinto
    return self._sock.recv_into(b)
  File "/usr/lib/python3.10/http/server.py", line 435, in handle
    self.handle_one_request()
  File "/usr/lib/python3.10/http/server.py", line 421, in handle_one_request
    method()
  File "/home/udeepa/CLB/scripts/fast_http_server.py", line 15, in do_GET
    self.wfile.write(body)
  File "/usr/lib/python3.10/socketserver.py", line 360, in finish_request
    self.RequestHandlerClass(request, client_address, self)
  File "/usr/lib/python3.10/http/server.py", line 401, in handle_one_request
    self.raw_requestline = self.rfile.readline(65537)
  File "/usr/lib/python3.10/socketserver.py", line 747, in __init__
    self.handle()
  File "/usr/lib/python3.10/http/server.py", line 435, in handle
    self.handle_one_request()
  File "/usr/lib/python3.10/http/server.py", line 421, in handle_one_request
    method()
  File "/usr/lib/python3.10/http/server.py", line 435, in handle
    self.handle_one_request()
ConnectionResetError: [Errno 104] Connection reset by peer
  File "/usr/lib/python3.10/socketserver.py", line 360, in finish_request
    self.RequestHandlerClass(request, client_address, self)
  File "/usr/lib/python3.10/socket.py", line 705, in readinto
    return self._sock.recv_into(b)
  File "/usr/lib/python3.10/http/server.py", line 401, in handle_one_request
    self.raw_requestline = self.rfile.readline(65537)
  File "/usr/lib/python3.10/socket.py", line 705, in readinto
    return self._sock.recv_into(b)
ConnectionResetError: [Errno 104] Connection reset by peer
----------------------------------------
  File "/home/udeepa/CLB/scripts/fast_http_server.py", line 15, in do_GET
    self.wfile.write(body)
  File "/usr/lib/python3.10/socket.py", line 705, in readinto
    return self._sock.recv_into(b)
----------------------------------------
ConnectionResetError: [Errno 104] Connection reset by peer
  File "/usr/lib/python3.10/socketserver.py", line 747, in __init__
    self.handle()
  File "/usr/lib/python3.10/http/server.py", line 435, in handle
    self.handle_one_request()
  File "/home/udeepa/CLB/scripts/fast_http_server.py", line 15, in do_GET
    self.wfile.write(body)
  File "/usr/lib/python3.10/socketserver.py", line 683, in process_request_thread
    self.finish_request(request, client_address)
  File "/usr/lib/python3.10/socket.py", line 705, in readinto
    return self._sock.recv_into(b)
ConnectionResetError: [Errno 104] Connection reset by peer
----------------------------------------
ConnectionResetError: [Errno 104] Connection reset by peer
----------------------------------------
  File "/usr/lib/python3.10/socketserver.py", line 683, in process_request_thread
    self.finish_request(request, client_address)
  File "/usr/lib/python3.10/socketserver.py", line 826, in write
    self._sock.sendall(b)
ConnectionResetError: [Errno 104] Connection reset by peer
  File "/usr/lib/python3.10/http/server.py", line 401, in handle_one_request
    self.raw_requestline = self.rfile.readline(65537)
  File "/usr/lib/python3.10/socket.py", line 705, in readinto
    return self._sock.recv_into(b)
----------------------------------------
  File "/usr/lib/python3.10/socketserver.py", line 360, in finish_request
    self.RequestHandlerClass(request, client_address, self)
ConnectionResetError: [Errno 104] Connection reset by peer
  File "/usr/lib/python3.10/socketserver.py", line 826, in write
    self._sock.sendall(b)
  File "/usr/lib/python3.10/http/server.py", line 401, in handle_one_request
    self.raw_requestline = self.rfile.readline(65537)
  File "/usr/lib/python3.10/socket.py", line 705, in readinto
    return self._sock.recv_into(b)
  File "/usr/lib/python3.10/socketserver.py", line 360, in finish_request
    self.RequestHandlerClass(request, client_address, self)
  File "/usr/lib/python3.10/http/server.py", line 401, in handle_one_request
    self.raw_requestline = self.rfile.readline(65537)
----------------------------------------
  File "/usr/lib/python3.10/http/server.py", line 401, in handle_one_request
    self.raw_requestline = self.rfile.readline(65537)
  File "/usr/lib/python3.10/socket.py", line 705, in readinto
    return self._sock.recv_into(b)
  File "/usr/lib/python3.10/socketserver.py", line 747, in __init__
    self.handle()
  File "/usr/lib/python3.10/http/server.py", line 435, in handle
    self.handle_one_request()
  File "/usr/lib/python3.10/http/server.py", line 401, in handle_one_request
    self.raw_requestline = self.rfile.readline(65537)
  File "/usr/lib/python3.10/socket.py", line 705, in readinto
    return self._sock.recv_into(b)
----------------------------------------
ConnectionResetError: [Errno 104] Connection reset by peer
----------------------------------------
  File "/usr/lib/python3.10/socket.py", line 705, in readinto
    return self._sock.recv_into(b)
  File "/usr/lib/python3.10/socketserver.py", line 826, in write
    self._sock.sendall(b)
ConnectionResetError: [Errno 104] Connection reset by peer
----------------------------------------
----------------------------------------
  File "/usr/lib/python3.10/socket.py", line 705, in readinto
    return self._sock.recv_into(b)
----------------------------------------
  File "/usr/lib/python3.10/socket.py", line 705, in readinto
    return self._sock.recv_into(b)
  File "/usr/lib/python3.10/socketserver.py", line 747, in __init__
    self.handle()
  File "/usr/lib/python3.10/http/server.py", line 435, in handle
    self.handle_one_request()
  File "/usr/lib/python3.10/http/server.py", line 421, in handle_one_request
    method()
  File "/home/udeepa/CLB/scripts/fast_http_server.py", line 15, in do_GET
    self.wfile.write(body)
ConnectionResetError: [Errno 104] Connection reset by peer
  File "/usr/lib/python3.10/socketserver.py", line 747, in __init__
    self.handle()
ConnectionResetError: [Errno 104] Connection reset by peer
----------------------------------------
ConnectionResetError: [Errno 104] Connection reset by peer
  File "/usr/lib/python3.10/socketserver.py", line 747, in __init__
    self.handle()
----------------------------------------
BrokenPipeError: [Errno 32] Broken pipe
ConnectionResetError: [Errno 104] Connection reset by peer
ConnectionResetError: [Errno 104] Connection reset by peer
  File "/usr/lib/python3.10/http/server.py", line 401, in handle_one_request
    self.raw_requestline = self.rfile.readline(65537)
  File "/usr/lib/python3.10/socket.py", line 705, in readinto
    return self._sock.recv_into(b)
  File "/usr/lib/python3.10/http/server.py", line 401, in handle_one_request
    self.raw_requestline = self.rfile.readline(65537)
  File "/usr/lib/python3.10/socket.py", line 705, in readinto
    return self._sock.recv_into(b)
ConnectionResetError: [Errno 104] Connection reset by peer
  File "/usr/lib/python3.10/http/server.py", line 435, in handle
    self.handle_one_request()
  File "/usr/lib/python3.10/http/server.py", line 401, in handle_one_request
    self.raw_requestline = self.rfile.readline(65537)
  File "/usr/lib/python3.10/socket.py", line 705, in readinto
    return self._sock.recv_into(b)
----------------------------------------
ConnectionResetError: [Errno 104] Connection reset by peer
ConnectionResetError: [Errno 104] Connection reset by peer
----------------------------------------
----------------------------------------
  File "/usr/lib/python3.10/http/server.py", line 401, in handle_one_request
    self.raw_requestline = self.rfile.readline(65537)
  File "/usr/lib/python3.10/socketserver.py", line 826, in write
    self._sock.sendall(b)
BrokenPipeError: [Errno 32] Broken pipe
----------------------------------------
----------------------------------------
ConnectionResetError: [Errno 104] Connection reset by peer
ConnectionResetError: [Errno 104] Connection reset by peer
  File "/usr/lib/python3.10/socket.py", line 705, in readinto
    return self._sock.recv_into(b)
ConnectionResetError: [Errno 104] Connection reset by peer
  File "/usr/lib/python3.10/http/server.py", line 435, in handle
    self.handle_one_request()
----------------------------------------
----------------------------------------
----------------------------------------
----------------------------------------
  File "/usr/lib/python3.10/http/server.py", line 401, in handle_one_request
    self.raw_requestline = self.rfile.readline(65537)
----------------------------------------
----------------------------------------
ConnectionResetError: [Errno 104] Connection reset by peer
----------------------------------------
----------------------------------------
  File "/usr/lib/python3.10/socket.py", line 705, in readinto
    return self._sock.recv_into(b)
ConnectionResetError: [Errno 104] Connection reset by peer
----------------------------------------
----------------------------------------
----------------------------------------
----------------------------------------
----------------------------------------
----------------------------------------
----------------------------------------
----------------------------------------
----------------------------------------
----------------------------------------
Exception occurred during processing of request from ('10.200.2.1', 55096)
----------------------------------------
----------------------------------------
----------------------------------------
----------------------------------------
----------------------------------------
Exception occurred during processing of request from ('10.200.2.1', 55074)
----------------------------------------
----------------------------------------
----------------------------------------
----------------------------------------
----------------------------------------
----------------------------------------
Exception occurred during processing of request from ('10.200.2.1', 55050)
----------------------------------------
----------------------------------------
----------------------------------------
----------------------------------------
----------------------------------------
----------------------------------------
Exception occurred during processing of request from ('10.200.2.1', 55064)
Traceback (most recent call last):
  File "/usr/lib/python3.10/socketserver.py", line 683, in process_request_thread
    self.finish_request(request, client_address)
Exception occurred during processing of request from ('10.200.2.1', 55208)
Exception occurred during processing of request from ('10.200.2.1', 55146)
Exception occurred during processing of request from ('10.200.2.1', 55068)
Exception occurred during processing of request from ('10.200.2.1', 54990)
----------------------------------------
Traceback (most recent call last):
Exception occurred during processing of request from ('10.200.2.1', 55226)
Exception occurred during processing of request from ('10.200.2.1', 55182)
Exception occurred during processing of request from ('10.200.2.1', 55180)
Exception occurred during processing of request from ('10.200.2.1', 55164)
Exception occurred during processing of request from ('10.200.2.1', 54986)
Exception occurred during processing of request from ('10.200.2.1', 55224)
Exception occurred during processing of request from ('10.200.2.1', 55012)
Traceback (most recent call last):
  File "/usr/lib/python3.10/socketserver.py", line 683, in process_request_thread
    self.finish_request(request, client_address)
  File "/usr/lib/python3.10/socketserver.py", line 360, in finish_request
    self.RequestHandlerClass(request, client_address, self)
  File "/usr/lib/python3.10/socketserver.py", line 747, in __init__
    self.handle()
  File "/usr/lib/python3.10/http/server.py", line 435, in handle
    self.handle_one_request()
----------------------------------------
Exception occurred during processing of request from ('10.200.2.1', 55024)
Exception occurred during processing of request from ('10.200.2.1', 55192)
Traceback (most recent call last):
Traceback (most recent call last):
Traceback (most recent call last):
Traceback (most recent call last):
Traceback (most recent call last):
Traceback (most recent call last):
Exception occurred during processing of request from ('10.200.2.1', 55238)
  File "/usr/lib/python3.10/socketserver.py", line 360, in finish_request
    self.RequestHandlerClass(request, client_address, self)
Traceback (most recent call last):
Traceback (most recent call last):
  File "/usr/lib/python3.10/http/server.py", line 401, in handle_one_request
    self.raw_requestline = self.rfile.readline(65537)
Exception occurred during processing of request from ('10.200.2.1', 55160)
  File "/usr/lib/python3.10/socketserver.py", line 683, in process_request_thread
    self.finish_request(request, client_address)
Traceback (most recent call last):
Traceback (most recent call last):
Exception occurred during processing of request from ('10.200.2.1', 55254)
Exception occurred during processing of request from ('10.200.2.1', 55110)
Exception occurred during processing of request from ('10.200.2.1', 55080)
  File "/usr/lib/python3.10/socketserver.py", line 683, in process_request_thread
    self.finish_request(request, client_address)
  File "/usr/lib/python3.10/socketserver.py", line 683, in process_request_thread
    self.finish_request(request, client_address)
Exception occurred during processing of request from ('10.200.2.1', 55118)
  File "/usr/lib/python3.10/socketserver.py", line 747, in __init__
    self.handle()
  File "/usr/lib/python3.10/socketserver.py", line 683, in process_request_thread
    self.finish_request(request, client_address)
  File "/usr/lib/python3.10/socketserver.py", line 360, in finish_request
    self.RequestHandlerClass(request, client_address, self)
  File "/usr/lib/python3.10/socketserver.py", line 683, in process_request_thread
    self.finish_request(request, client_address)
Exception occurred during processing of request from ('10.200.2.1', 55130)
  File "/usr/lib/python3.10/socketserver.py", line 360, in finish_request
    self.RequestHandlerClass(request, client_address, self)
  File "/usr/lib/python3.10/socketserver.py", line 683, in process_request_thread
    self.finish_request(request, client_address)
  File "/usr/lib/python3.10/socketserver.py", line 683, in process_request_thread
    self.finish_request(request, client_address)
  File "/usr/lib/python3.10/socketserver.py", line 360, in finish_request
    self.RequestHandlerClass(request, client_address, self)
  File "/usr/lib/python3.10/socketserver.py", line 683, in process_request_thread
    self.finish_request(request, client_address)
  File "/usr/lib/python3.10/socketserver.py", line 683, in process_request_thread
    self.finish_request(request, client_address)
  File "/usr/lib/python3.10/socketserver.py", line 360, in finish_request
    self.RequestHandlerClass(request, client_address, self)
Exception occurred during processing of request from ('10.200.2.1', 55048)
Exception occurred during processing of request from ('10.200.2.1', 54970)
  File "/usr/lib/python3.10/socketserver.py", line 360, in finish_request
    self.RequestHandlerClass(request, client_address, self)
  File "/usr/lib/python3.10/socketserver.py", line 747, in __init__
    self.handle()
Traceback (most recent call last):
Traceback (most recent call last):
Traceback (most recent call last):
  File "/usr/lib/python3.10/socketserver.py", line 360, in finish_request
    self.RequestHandlerClass(request, client_address, self)
  File "/usr/lib/python3.10/socketserver.py", line 747, in __init__
    self.handle()
Exception occurred during processing of request from ('10.200.2.1', 55040)
  File "/usr/lib/python3.10/socketserver.py", line 360, in finish_request
    self.RequestHandlerClass(request, client_address, self)
  File "/usr/lib/python3.10/socketserver.py", line 747, in __init__
    self.handle()
Traceback (most recent call last):
Traceback (most recent call last):
Traceback (most recent call last):
Traceback (most recent call last):
Traceback (most recent call last):
  File "/usr/lib/python3.10/http/server.py", line 435, in handle
    self.handle_one_request()
  File "/usr/lib/python3.10/http/server.py", line 435, in handle
    self.handle_one_request()
Traceback (most recent call last):
  File "/usr/lib/python3.10/socketserver.py", line 747, in __init__
    self.handle()
  File "/usr/lib/python3.10/http/server.py", line 435, in handle
    self.handle_one_request()
  File "/usr/lib/python3.10/socketserver.py", line 683, in process_request_thread
    self.finish_request(request, client_address)
Exception occurred during processing of request from ('10.200.2.1', 55116)
Traceback (most recent call last):
  File "/usr/lib/python3.10/socketserver.py", line 683, in process_request_thread
    self.finish_request(request, client_address)
  File "/usr/lib/python3.10/socketserver.py", line 360, in finish_request
    self.RequestHandlerClass(request, client_address, self)
  File "/usr/lib/python3.10/socketserver.py", line 360, in finish_request
    self.RequestHandlerClass(request, client_address, self)
  File "/usr/lib/python3.10/socketserver.py", line 747, in __init__
    self.handle()
  File "/usr/lib/python3.10/socketserver.py", line 683, in process_request_thread
    self.finish_request(request, client_address)
  File "/usr/lib/python3.10/socketserver.py", line 683, in process_request_thread
    self.finish_request(request, client_address)
  File "/usr/lib/python3.10/socketserver.py", line 683, in process_request_thread
    self.finish_request(request, client_address)
  File "/usr/lib/python3.10/http/server.py", line 401, in handle_one_request
    self.raw_requestline = self.rfile.readline(65537)
  File "/usr/lib/python3.10/socket.py", line 705, in readinto
    return self._sock.recv_into(b)
Traceback (most recent call last):
  File "/usr/lib/python3.10/socket.py", line 705, in readinto
    return self._sock.recv_into(b)
  File "/usr/lib/python3.10/http/server.py", line 435, in handle
    self.handle_one_request()
  File "/usr/lib/python3.10/socketserver.py", line 747, in __init__
    self.handle()
  File "/usr/lib/python3.10/http/server.py", line 435, in handle
    self.handle_one_request()
Traceback (most recent call last):
  File "/usr/lib/python3.10/http/server.py", line 435, in handle
    self.handle_one_request()
  File "/usr/lib/python3.10/http/server.py", line 401, in handle_one_request
    self.raw_requestline = self.rfile.readline(65537)
  File "/usr/lib/python3.10/socketserver.py", line 683, in process_request_thread
    self.finish_request(request, client_address)
  File "/usr/lib/python3.10/socketserver.py", line 683, in process_request_thread
    self.finish_request(request, client_address)
  File "/usr/lib/python3.10/socketserver.py", line 360, in finish_request
    self.RequestHandlerClass(request, client_address, self)
  File "/usr/lib/python3.10/socketserver.py", line 360, in finish_request
    self.RequestHandlerClass(request, client_address, self)
  File "/usr/lib/python3.10/socketserver.py", line 747, in __init__
    self.handle()
  File "/usr/lib/python3.10/socketserver.py", line 360, in finish_request
    self.RequestHandlerClass(request, client_address, self)
  File "/usr/lib/python3.10/socketserver.py", line 683, in process_request_thread
    self.finish_request(request, client_address)
  File "/usr/lib/python3.10/socketserver.py", line 683, in process_request_thread
    self.finish_request(request, client_address)
ConnectionResetError: [Errno 104] Connection reset by peer
  File "/usr/lib/python3.10/http/server.py", line 401, in handle_one_request
    self.raw_requestline = self.rfile.readline(65537)
  File "/usr/lib/python3.10/socketserver.py", line 683, in process_request_thread
    self.finish_request(request, client_address)
  File "/usr/lib/python3.10/socketserver.py", line 747, in __init__
    self.handle()
  File "/usr/lib/python3.10/socketserver.py", line 360, in finish_request
    self.RequestHandlerClass(request, client_address, self)
  File "/usr/lib/python3.10/socketserver.py", line 747, in __init__
    self.handle()
  File "/usr/lib/python3.10/http/server.py", line 435, in handle
    self.handle_one_request()
  File "/usr/lib/python3.10/http/server.py", line 401, in handle_one_request
    self.raw_requestline = self.rfile.readline(65537)
  File "/usr/lib/python3.10/socketserver.py", line 747, in __init__
    self.handle()
  File "/usr/lib/python3.10/socketserver.py", line 683, in process_request_thread
    self.finish_request(request, client_address)
  File "/usr/lib/python3.10/socketserver.py", line 747, in __init__
    self.handle()
  File "/usr/lib/python3.10/socketserver.py", line 360, in finish_request
    self.RequestHandlerClass(request, client_address, self)
  File "/usr/lib/python3.10/socketserver.py", line 360, in finish_request
    self.RequestHandlerClass(request, client_address, self)
  File "/usr/lib/python3.10/socketserver.py", line 360, in finish_request
    self.RequestHandlerClass(request, client_address, self)
  File "/usr/lib/python3.10/socketserver.py", line 683, in process_request_thread
    self.finish_request(request, client_address)
  File "/usr/lib/python3.10/socketserver.py", line 360, in finish_request
    self.RequestHandlerClass(request, client_address, self)
  File "/usr/lib/python3.10/socketserver.py", line 360, in finish_request
    self.RequestHandlerClass(request, client_address, self)
  File "/usr/lib/python3.10/socketserver.py", line 747, in __init__
    self.handle()
  File "/usr/lib/python3.10/http/server.py", line 435, in handle
    self.handle_one_request()
  File "/usr/lib/python3.10/socketserver.py", line 360, in finish_request
    self.RequestHandlerClass(request, client_address, self)
Traceback (most recent call last):
Traceback (most recent call last):
  File "/usr/lib/python3.10/http/server.py", line 435, in handle
    self.handle_one_request()
  File "/usr/lib/python3.10/socketserver.py", line 360, in finish_request
    self.RequestHandlerClass(request, client_address, self)
  File "/usr/lib/python3.10/socketserver.py", line 747, in __init__
    self.handle()
  File "/usr/lib/python3.10/http/server.py", line 435, in handle
    self.handle_one_request()
  File "/usr/lib/python3.10/socketserver.py", line 747, in __init__
    self.handle()
  File "/usr/lib/python3.10/http/server.py", line 435, in handle
    self.handle_one_request()
  File "/usr/lib/python3.10/socketserver.py", line 747, in __init__
    self.handle()
  File "/usr/lib/python3.10/socket.py", line 705, in readinto
    return self._sock.recv_into(b)
  File "/usr/lib/python3.10/socketserver.py", line 683, in process_request_thread
    self.finish_request(request, client_address)
  File "/usr/lib/python3.10/socket.py", line 705, in readinto
    return self._sock.recv_into(b)
  File "/usr/lib/python3.10/http/server.py", line 401, in handle_one_request
    self.raw_requestline = self.rfile.readline(65537)
  File "/usr/lib/python3.10/http/server.py", line 435, in handle
    self.handle_one_request()
  File "/usr/lib/python3.10/socketserver.py", line 683, in process_request_thread
    self.finish_request(request, client_address)
  File "/usr/lib/python3.10/socketserver.py", line 360, in finish_request
    self.RequestHandlerClass(request, client_address, self)
  File "/usr/lib/python3.10/socketserver.py", line 683, in process_request_thread
    self.finish_request(request, client_address)
  File "/usr/lib/python3.10/socketserver.py", line 360, in finish_request
    self.RequestHandlerClass(request, client_address, self)
  File "/usr/lib/python3.10/socketserver.py", line 747, in __init__
    self.handle()
  File "/usr/lib/python3.10/socketserver.py", line 683, in process_request_thread
    self.finish_request(request, client_address)
  File "/usr/lib/python3.10/http/server.py", line 401, in handle_one_request
    self.raw_requestline = self.rfile.readline(65537)
----------------------------------------
  File "/usr/lib/python3.10/http/server.py", line 435, in handle
    self.handle_one_request()
ConnectionResetError: [Errno 104] Connection reset by peer
Traceback (most recent call last):
  File "/usr/lib/python3.10/http/server.py", line 435, in handle
    self.handle_one_request()
ConnectionResetError: [Errno 104] Connection reset by peer
  File "/usr/lib/python3.10/socket.py", line 705, in readinto
    return self._sock.recv_into(b)
  File "/usr/lib/python3.10/http/server.py", line 401, in handle_one_request
    self.raw_requestline = self.rfile.readline(65537)
  File "/usr/lib/python3.10/socket.py", line 705, in readinto
    return self._sock.recv_into(b)
  File "/usr/lib/python3.10/socketserver.py", line 360, in finish_request
    self.RequestHandlerClass(request, client_address, self)
  File "/usr/lib/python3.10/http/server.py", line 401, in handle_one_request
    self.raw_requestline = self.rfile.readline(65537)
ConnectionResetError: [Errno 104] Connection reset by peer
  File "/usr/lib/python3.10/http/server.py", line 401, in handle_one_request
    self.raw_requestline = self.rfile.readline(65537)
  File "/usr/lib/python3.10/socket.py", line 705, in readinto
    return self._sock.recv_into(b)
  File "/usr/lib/python3.10/http/server.py", line 401, in handle_one_request
    self.raw_requestline = self.rfile.readline(65537)
  File "/usr/lib/python3.10/socketserver.py", line 747, in __init__
    self.handle()
  File "/usr/lib/python3.10/socketserver.py", line 360, in finish_request
    self.RequestHandlerClass(request, client_address, self)
  File "/usr/lib/python3.10/socketserver.py", line 747, in __init__
    self.handle()
  File "/usr/lib/python3.10/http/server.py", line 401, in handle_one_request
    self.raw_requestline = self.rfile.readline(65537)
  File "/usr/lib/python3.10/socketserver.py", line 747, in __init__
    self.handle()
ConnectionResetError: [Errno 104] Connection reset by peer
  File "/usr/lib/python3.10/http/server.py", line 435, in handle
    self.handle_one_request()
  File "/usr/lib/python3.10/socketserver.py", line 747, in __init__
    self.handle()
  File "/usr/lib/python3.10/http/server.py", line 401, in handle_one_request
    self.raw_requestline = self.rfile.readline(65537)
  File "/usr/lib/python3.10/http/server.py", line 435, in handle
    self.handle_one_request()
  File "/usr/lib/python3.10/socketserver.py", line 360, in finish_request
    self.RequestHandlerClass(request, client_address, self)
  File "/usr/lib/python3.10/http/server.py", line 401, in handle_one_request
    self.raw_requestline = self.rfile.readline(65537)
ConnectionResetError: [Errno 104] Connection reset by peer
  File "/usr/lib/python3.10/socket.py", line 705, in readinto
    return self._sock.recv_into(b)
----------------------------------------
  File "/usr/lib/python3.10/socketserver.py", line 747, in __init__
    self.handle()
----------------------------------------
  File "/usr/lib/python3.10/socketserver.py", line 747, in __init__
    self.handle()
  File "/usr/lib/python3.10/http/server.py", line 435, in handle
    self.handle_one_request()
  File "/usr/lib/python3.10/socket.py", line 705, in readinto
    return self._sock.recv_into(b)
ConnectionResetError: [Errno 104] Connection reset by peer
  File "/usr/lib/python3.10/http/server.py", line 435, in handle
    self.handle_one_request()
  File "/usr/lib/python3.10/http/server.py", line 401, in handle_one_request
    self.raw_requestline = self.rfile.readline(65537)
  File "/usr/lib/python3.10/socket.py", line 705, in readinto
    return self._sock.recv_into(b)
  File "/usr/lib/python3.10/socket.py", line 705, in readinto
    return self._sock.recv_into(b)
  File "/usr/lib/python3.10/socketserver.py", line 747, in __init__
    self.handle()
  File "/usr/lib/python3.10/http/server.py", line 401, in handle_one_request
    self.raw_requestline = self.rfile.readline(65537)
  File "/usr/lib/python3.10/http/server.py", line 435, in handle
    self.handle_one_request()
  File "/usr/lib/python3.10/http/server.py", line 435, in handle
    self.handle_one_request()
  File "/usr/lib/python3.10/http/server.py", line 435, in handle
    self.handle_one_request()
ConnectionResetError: [Errno 104] Connection reset by peer
  File "/usr/lib/python3.10/http/server.py", line 435, in handle
    self.handle_one_request()
----------------------------------------
  File "/usr/lib/python3.10/socket.py", line 705, in readinto
    return self._sock.recv_into(b)
  File "/usr/lib/python3.10/http/server.py", line 401, in handle_one_request
    self.raw_requestline = self.rfile.readline(65537)
ConnectionResetError: [Errno 104] Connection reset by peer
  File "/usr/lib/python3.10/socket.py", line 705, in readinto
    return self._sock.recv_into(b)
----------------------------------------
ConnectionResetError: [Errno 104] Connection reset by peer
  File "/usr/lib/python3.10/http/server.py", line 401, in handle_one_request
    self.raw_requestline = self.rfile.readline(65537)
  File "/usr/lib/python3.10/http/server.py", line 435, in handle
    self.handle_one_request()
  File "/usr/lib/python3.10/http/server.py", line 401, in handle_one_request
    self.raw_requestline = self.rfile.readline(65537)
  File "/usr/lib/python3.10/http/server.py", line 401, in handle_one_request
    self.raw_requestline = self.rfile.readline(65537)
----------------------------------------
  File "/usr/lib/python3.10/http/server.py", line 401, in handle_one_request
    self.raw_requestline = self.rfile.readline(65537)
  File "/usr/lib/python3.10/socket.py", line 705, in readinto
    return self._sock.recv_into(b)
  File "/usr/lib/python3.10/socket.py", line 705, in readinto
    return self._sock.recv_into(b)
ConnectionResetError: [Errno 104] Connection reset by peer
  File "/usr/lib/python3.10/http/server.py", line 435, in handle
    self.handle_one_request()
  File "/usr/lib/python3.10/http/server.py", line 401, in handle_one_request
    self.raw_requestline = self.rfile.readline(65537)
  File "/usr/lib/python3.10/socket.py", line 705, in readinto
    return self._sock.recv_into(b)
  File "/usr/lib/python3.10/socketserver.py", line 683, in process_request_thread
    self.finish_request(request, client_address)
  File "/usr/lib/python3.10/socket.py", line 705, in readinto
    return self._sock.recv_into(b)
  File "/usr/lib/python3.10/http/server.py", line 401, in handle_one_request
    self.raw_requestline = self.rfile.readline(65537)
  File "/usr/lib/python3.10/socket.py", line 705, in readinto
    return self._sock.recv_into(b)
  File "/usr/lib/python3.10/socketserver.py", line 747, in __init__
    self.handle()
----------------------------------------
----------------------------------------
ConnectionResetError: [Errno 104] Connection reset by peer
----------------------------------------
ConnectionResetError: [Errno 104] Connection reset by peer
----------------------------------------
  File "/usr/lib/python3.10/socketserver.py", line 360, in finish_request
    self.RequestHandlerClass(request, client_address, self)
ConnectionResetError: [Errno 104] Connection reset by peer
  File "/usr/lib/python3.10/socket.py", line 705, in readinto
    return self._sock.recv_into(b)
  File "/usr/lib/python3.10/socketserver.py", line 747, in __init__
    self.handle()
  File "/usr/lib/python3.10/http/server.py", line 435, in handle
    self.handle_one_request()
----------------------------------------
----------------------------------------
  File "/usr/lib/python3.10/http/server.py", line 401, in handle_one_request
    self.raw_requestline = self.rfile.readline(65537)
----------------------------------------
  File "/usr/lib/python3.10/http/server.py", line 435, in handle
    self.handle_one_request()
ConnectionResetError: [Errno 104] Connection reset by peer
ConnectionResetError: [Errno 104] Connection reset by peer
ConnectionResetError: [Errno 104] Connection reset by peer
  File "/usr/lib/python3.10/socket.py", line 705, in readinto
    return self._sock.recv_into(b)
ConnectionResetError: [Errno 104] Connection reset by peer
  File "/usr/lib/python3.10/socketserver.py", line 747, in __init__
    self.handle()
  File "/usr/lib/python3.10/socket.py", line 705, in readinto
    return self._sock.recv_into(b)
  File "/usr/lib/python3.10/http/server.py", line 401, in handle_one_request
    self.raw_requestline = self.rfile.readline(65537)
----------------------------------------
----------------------------------------
  File "/usr/lib/python3.10/socket.py", line 705, in readinto
    return self._sock.recv_into(b)
  File "/usr/lib/python3.10/socket.py", line 705, in readinto
    return self._sock.recv_into(b)
ConnectionResetError: [Errno 104] Connection reset by peer
ConnectionResetError: [Errno 104] Connection reset by peer
  File "/usr/lib/python3.10/socket.py", line 705, in readinto
    return self._sock.recv_into(b)
  File "/usr/lib/python3.10/socket.py", line 705, in readinto
    return self._sock.recv_into(b)
----------------------------------------
ConnectionResetError: [Errno 104] Connection reset by peer
----------------------------------------
----------------------------------------
ConnectionResetError: [Errno 104] Connection reset by peer
ConnectionResetError: [Errno 104] Connection reset by peer
  File "/usr/lib/python3.10/http/server.py", line 401, in handle_one_request
    self.raw_requestline = self.rfile.readline(65537)
ConnectionResetError: [Errno 104] Connection reset by peer
----------------------------------------
----------------------------------------
ConnectionResetError: [Errno 104] Connection reset by peer
----------------------------------------
  File "/usr/lib/python3.10/http/server.py", line 435, in handle
    self.handle_one_request()
  File "/usr/lib/python3.10/http/server.py", line 401, in handle_one_request
    self.raw_requestline = self.rfile.readline(65537)
  File "/usr/lib/python3.10/socket.py", line 705, in readinto
    return self._sock.recv_into(b)
  File "/usr/lib/python3.10/socket.py", line 705, in readinto
    return self._sock.recv_into(b)
----------------------------------------
----------------------------------------
----------------------------------------
----------------------------------------
ConnectionResetError: [Errno 104] Connection reset by peer
  File "/usr/lib/python3.10/http/server.py", line 401, in handle_one_request
    self.raw_requestline = self.rfile.readline(65537)
----------------------------------------
  File "/usr/lib/python3.10/socket.py", line 705, in readinto
    return self._sock.recv_into(b)
ConnectionResetError: [Errno 104] Connection reset by peer
ConnectionResetError: [Errno 104] Connection reset by peer
----------------------------------------
----------------------------------------
----------------------------------------
----------------------------------------
----------------------------------------
Exception occurred during processing of request from ('10.200.2.1', 33430)
----------------------------------------
Exception occurred during processing of request from ('10.200.2.1', 33550)
----------------------------------------
Exception occurred during processing of request from ('10.200.2.1', 33424)
----------------------------------------
----------------------------------------
----------------------------------------
----------------------------------------
----------------------------------------
Exception occurred during processing of request from ('10.200.2.1', 33392)
----------------------------------------
----------------------------------------
----------------------------------------
Exception occurred during processing of request from ('10.200.2.1', 33464)
----------------------------------------
----------------------------------------
Exception occurred during processing of request from ('10.200.2.1', 33382)
----------------------------------------
Exception occurred during processing of request from ('10.200.2.1', 33506)
Exception occurred during processing of request from ('10.200.2.1', 33456)
----------------------------------------
Exception occurred during processing of request from ('10.200.2.1', 33480)
Exception occurred during processing of request from ('10.200.2.1', 33366)
----------------------------------------
----------------------------------------
Exception occurred during processing of request from ('10.200.2.1', 33350)
Exception occurred during processing of request from ('10.200.2.1', 33518)
Exception occurred during processing of request from ('10.200.2.1', 32884)
----------------------------------------
Exception occurred during processing of request from ('10.200.2.1', 33360)
----------------------------------------
Exception occurred during processing of request from ('10.200.2.1', 33594)
----------------------------------------
Exception occurred during processing of request from ('10.200.2.1', 33408)
----------------------------------------
Exception occurred during processing of request from ('10.200.2.1', 33378)
----------------------------------------
Exception occurred during processing of request from ('10.200.2.1', 33564)
----------------------------------------
Exception occurred during processing of request from ('10.200.2.1', 33528)
Exception occurred during processing of request from ('10.200.2.1', 33444)
Exception occurred during processing of request from ('10.200.2.1', 33538)
----------------------------------------
Exception occurred during processing of request from ('10.200.2.1', 33500)
Exception occurred during processing of request from ('10.200.2.1', 33428)
Exception occurred during processing of request from ('10.200.2.1', 33492)
Exception occurred during processing of request from ('10.200.2.1', 33376)
----------------------------------------
Exception occurred during processing of request from ('10.200.2.1', 33542)
Exception occurred during processing of request from ('10.200.2.1', 33556)
Traceback (most recent call last):
  File "/usr/lib/python3.10/socketserver.py", line 683, in process_request_thread
    self.finish_request(request, client_address)
  File "/usr/lib/python3.10/socketserver.py", line 360, in finish_request
    self.RequestHandlerClass(request, client_address, self)
  File "/usr/lib/python3.10/socketserver.py", line 747, in __init__
    self.handle()
  File "/usr/lib/python3.10/http/server.py", line 435, in handle
    self.handle_one_request()
  File "/usr/lib/python3.10/http/server.py", line 401, in handle_one_request
    self.raw_requestline = self.rfile.readline(65537)
  File "/usr/lib/python3.10/socket.py", line 705, in readinto
    return self._sock.recv_into(b)
ConnectionResetError: [Errno 104] Connection reset by peer
Traceback (most recent call last):
Traceback (most recent call last):
Traceback (most recent call last):
Traceback (most recent call last):
Traceback (most recent call last):
Traceback (most recent call last):
Traceback (most recent call last):
Traceback (most recent call last):
  File "/usr/lib/python3.10/socketserver.py", line 683, in process_request_thread
    self.finish_request(request, client_address)
  File "/usr/lib/python3.10/socketserver.py", line 360, in finish_request
    self.RequestHandlerClass(request, client_address, self)
Traceback (most recent call last):
Traceback (most recent call last):
Traceback (most recent call last):
Traceback (most recent call last):
  File "/usr/lib/python3.10/socketserver.py", line 683, in process_request_thread
    self.finish_request(request, client_address)
  File "/usr/lib/python3.10/socketserver.py", line 360, in finish_request
    self.RequestHandlerClass(request, client_address, self)
Traceback (most recent call last):
  File "/usr/lib/python3.10/socketserver.py", line 683, in process_request_thread
    self.finish_request(request, client_address)
Traceback (most recent call last):
Traceback (most recent call last):
Traceback (most recent call last):
Traceback (most recent call last):
Traceback (most recent call last):
  File "/usr/lib/python3.10/socketserver.py", line 747, in __init__
    self.handle()
  File "/usr/lib/python3.10/http/server.py", line 435, in handle
    self.handle_one_request()
Traceback (most recent call last):
  File "/usr/lib/python3.10/socketserver.py", line 683, in process_request_thread
    self.finish_request(request, client_address)
  File "/usr/lib/python3.10/socketserver.py", line 683, in process_request_thread
    self.finish_request(request, client_address)
  File "/usr/lib/python3.10/socketserver.py", line 360, in finish_request
    self.RequestHandlerClass(request, client_address, self)
  File "/usr/lib/python3.10/socketserver.py", line 747, in __init__
    self.handle()
Traceback (most recent call last):
  File "/usr/lib/python3.10/socketserver.py", line 683, in process_request_thread
    self.finish_request(request, client_address)
  File "/usr/lib/python3.10/socketserver.py", line 360, in finish_request
    self.RequestHandlerClass(request, client_address, self)
  File "/usr/lib/python3.10/socketserver.py", line 683, in process_request_thread
    self.finish_request(request, client_address)
  File "/usr/lib/python3.10/socketserver.py", line 683, in process_request_thread
    self.finish_request(request, client_address)
  File "/usr/lib/python3.10/socketserver.py", line 683, in process_request_thread
    self.finish_request(request, client_address)
Traceback (most recent call last):
  File "/usr/lib/python3.10/socketserver.py", line 683, in process_request_thread
    self.finish_request(request, client_address)
  File "/usr/lib/python3.10/socketserver.py", line 360, in finish_request
    self.RequestHandlerClass(request, client_address, self)
Traceback (most recent call last):
  File "/usr/lib/python3.10/socketserver.py", line 683, in process_request_thread
    self.finish_request(request, client_address)
  File "/usr/lib/python3.10/socketserver.py", line 360, in finish_request
    self.RequestHandlerClass(request, client_address, self)
  File "/usr/lib/python3.10/socketserver.py", line 683, in process_request_thread
    self.finish_request(request, client_address)
  File "/usr/lib/python3.10/socketserver.py", line 360, in finish_request
    self.RequestHandlerClass(request, client_address, self)
  File "/usr/lib/python3.10/socketserver.py", line 747, in __init__
    self.handle()
  File "/usr/lib/python3.10/socketserver.py", line 747, in __init__
    self.handle()
  File "/usr/lib/python3.10/socketserver.py", line 683, in process_request_thread
    self.finish_request(request, client_address)
  File "/usr/lib/python3.10/socketserver.py", line 360, in finish_request
    self.RequestHandlerClass(request, client_address, self)
  File "/usr/lib/python3.10/socketserver.py", line 683, in process_request_thread
    self.finish_request(request, client_address)
  File "/usr/lib/python3.10/socketserver.py", line 360, in finish_request
    self.RequestHandlerClass(request, client_address, self)
  File "/usr/lib/python3.10/socketserver.py", line 683, in process_request_thread
    self.finish_request(request, client_address)
  File "/usr/lib/python3.10/socketserver.py", line 747, in __init__
    self.handle()
Traceback (most recent call last):
Traceback (most recent call last):
Traceback (most recent call last):
  File "/usr/lib/python3.10/http/server.py", line 435, in handle
    self.handle_one_request()
  File "/usr/lib/python3.10/socketserver.py", line 360, in finish_request
    self.RequestHandlerClass(request, client_address, self)
  File "/usr/lib/python3.10/socketserver.py", line 683, in process_request_thread
    self.finish_request(request, client_address)
  File "/usr/lib/python3.10/http/server.py", line 435, in handle
    self.handle_one_request()
  File "/usr/lib/python3.10/socketserver.py", line 360, in finish_request
    self.RequestHandlerClass(request, client_address, self)
  File "/usr/lib/python3.10/socketserver.py", line 683, in process_request_thread
    self.finish_request(request, client_address)
  File "/usr/lib/python3.10/socketserver.py", line 360, in finish_request
    self.RequestHandlerClass(request, client_address, self)
  File "/usr/lib/python3.10/socketserver.py", line 360, in finish_request
    self.RequestHandlerClass(request, client_address, self)
  File "/usr/lib/python3.10/socketserver.py", line 747, in __init__
    self.handle()
  File "/usr/lib/python3.10/socketserver.py", line 683, in process_request_thread
    self.finish_request(request, client_address)
  File "/usr/lib/python3.10/socketserver.py", line 360, in finish_request
    self.RequestHandlerClass(request, client_address, self)
----------------------------------------
  File "/usr/lib/python3.10/socketserver.py", line 747, in __init__
    self.handle()
  File "/usr/lib/python3.10/http/server.py", line 435, in handle
    self.handle_one_request()
  File "/usr/lib/python3.10/http/server.py", line 401, in handle_one_request
    self.raw_requestline = self.rfile.readline(65537)
  File "/usr/lib/python3.10/socket.py", line 705, in readinto
    return self._sock.recv_into(b)
  File "/usr/lib/python3.10/socketserver.py", line 747, in __init__
    self.handle()
  File "/usr/lib/python3.10/http/server.py", line 435, in handle
    self.handle_one_request()
  File "/usr/lib/python3.10/http/server.py", line 401, in handle_one_request
    self.raw_requestline = self.rfile.readline(65537)
  File "/usr/lib/python3.10/socketserver.py", line 747, in __init__
    self.handle()
  File "/usr/lib/python3.10/http/server.py", line 435, in handle
    self.handle_one_request()
  File "/usr/lib/python3.10/socketserver.py", line 747, in __init__
    self.handle()
  File "/usr/lib/python3.10/http/server.py", line 435, in handle
    self.handle_one_request()
  File "/usr/lib/python3.10/socketserver.py", line 360, in finish_request
    self.RequestHandlerClass(request, client_address, self)
  File "/usr/lib/python3.10/socketserver.py", line 683, in process_request_thread
    self.finish_request(request, client_address)
  File "/usr/lib/python3.10/socketserver.py", line 360, in finish_request
    self.RequestHandlerClass(request, client_address, self)
  File "/usr/lib/python3.10/socketserver.py", line 683, in process_request_thread
    self.finish_request(request, client_address)
  File "/usr/lib/python3.10/socketserver.py", line 683, in process_request_thread
    self.finish_request(request, client_address)
  File "/usr/lib/python3.10/socketserver.py", line 360, in finish_request
    self.RequestHandlerClass(request, client_address, self)
  File "/usr/lib/python3.10/socketserver.py", line 683, in process_request_thread
    self.finish_request(request, client_address)
  File "/usr/lib/python3.10/http/server.py", line 435, in handle
    self.handle_one_request()
  File "/usr/lib/python3.10/http/server.py", line 401, in handle_one_request
    self.raw_requestline = self.rfile.readline(65537)
  File "/usr/lib/python3.10/socketserver.py", line 683, in process_request_thread
    self.finish_request(request, client_address)
  File "/usr/lib/python3.10/socket.py", line 705, in readinto
    return self._sock.recv_into(b)
  File "/usr/lib/python3.10/socketserver.py", line 747, in __init__
    self.handle()
  File "/usr/lib/python3.10/socketserver.py", line 747, in __init__
    self.handle()
  File "/usr/lib/python3.10/http/server.py", line 435, in handle
    self.handle_one_request()
  File "/usr/lib/python3.10/http/server.py", line 435, in handle
    self.handle_one_request()
  File "/usr/lib/python3.10/http/server.py", line 401, in handle_one_request
    self.raw_requestline = self.rfile.readline(65537)
  File "/usr/lib/python3.10/http/server.py", line 401, in handle_one_request
    self.raw_requestline = self.rfile.readline(65537)
  File "/usr/lib/python3.10/http/server.py", line 435, in handle
    self.handle_one_request()
  File "/usr/lib/python3.10/socketserver.py", line 683, in process_request_thread
    self.finish_request(request, client_address)
  File "/usr/lib/python3.10/socketserver.py", line 360, in finish_request
    self.RequestHandlerClass(request, client_address, self)
Traceback (most recent call last):
  File "/usr/lib/python3.10/socketserver.py", line 360, in finish_request
    self.RequestHandlerClass(request, client_address, self)
  File "/usr/lib/python3.10/socketserver.py", line 747, in __init__
    self.handle()
  File "/usr/lib/python3.10/http/server.py", line 401, in handle_one_request
    self.raw_requestline = self.rfile.readline(65537)
  File "/usr/lib/python3.10/socketserver.py", line 360, in finish_request
    self.RequestHandlerClass(request, client_address, self)
  File "/usr/lib/python3.10/socketserver.py", line 747, in __init__
    self.handle()
  File "/usr/lib/python3.10/socketserver.py", line 747, in __init__
    self.handle()
  File "/usr/lib/python3.10/socketserver.py", line 360, in finish_request
    self.RequestHandlerClass(request, client_address, self)
  File "/usr/lib/python3.10/socketserver.py", line 747, in __init__
    self.handle()
  File "/usr/lib/python3.10/http/server.py", line 435, in handle
    self.handle_one_request()
  File "/usr/lib/python3.10/http/server.py", line 401, in handle_one_request
    self.raw_requestline = self.rfile.readline(65537)
  File "/usr/lib/python3.10/socket.py", line 705, in readinto
    return self._sock.recv_into(b)
  File "/usr/lib/python3.10/http/server.py", line 401, in handle_one_request
    self.raw_requestline = self.rfile.readline(65537)
  File "/usr/lib/python3.10/socket.py", line 705, in readinto
    return self._sock.recv_into(b)
  File "/usr/lib/python3.10/socket.py", line 705, in readinto
    return self._sock.recv_into(b)
  File "/usr/lib/python3.10/http/server.py", line 435, in handle
    self.handle_one_request()
ConnectionResetError: [Errno 104] Connection reset by peer
  File "/usr/lib/python3.10/http/server.py", line 401, in handle_one_request
    self.raw_requestline = self.rfile.readline(65537)
  File "/usr/lib/python3.10/http/server.py", line 401, in handle_one_request
    self.raw_requestline = self.rfile.readline(65537)
  File "/usr/lib/python3.10/http/server.py", line 435, in handle
    self.handle_one_request()
  File "/usr/lib/python3.10/socket.py", line 705, in readinto
    return self._sock.recv_into(b)
  File "/usr/lib/python3.10/http/server.py", line 401, in handle_one_request
    self.raw_requestline = self.rfile.readline(65537)
  File "/usr/lib/python3.10/socketserver.py", line 747, in __init__
    self.handle()
  File "/usr/lib/python3.10/http/server.py", line 435, in handle
    self.handle_one_request()
  File "/usr/lib/python3.10/socketserver.py", line 747, in __init__
    self.handle()
  File "/usr/lib/python3.10/socketserver.py", line 683, in process_request_thread
    self.finish_request(request, client_address)
ConnectionResetError: [Errno 104] Connection reset by peer
  File "/usr/lib/python3.10/http/server.py", line 435, in handle
    self.handle_one_request()
  File "/usr/lib/python3.10/http/server.py", line 401, in handle_one_request
    self.raw_requestline = self.rfile.readline(65537)
  File "/usr/lib/python3.10/socket.py", line 705, in readinto
    return self._sock.recv_into(b)
  File "/usr/lib/python3.10/socketserver.py", line 747, in __init__
    self.handle()
  File "/usr/lib/python3.10/http/server.py", line 435, in handle
    self.handle_one_request()
  File "/usr/lib/python3.10/http/server.py", line 401, in handle_one_request
    self.raw_requestline = self.rfile.readline(65537)
  File "/usr/lib/python3.10/socket.py", line 705, in readinto
    return self._sock.recv_into(b)
ConnectionResetError: [Errno 104] Connection reset by peer
  File "/usr/lib/python3.10/http/server.py", line 435, in handle
    self.handle_one_request()
  File "/usr/lib/python3.10/http/server.py", line 401, in handle_one_request
    self.raw_requestline = self.rfile.readline(65537)
  File "/usr/lib/python3.10/socket.py", line 705, in readinto
    return self._sock.recv_into(b)
  File "/usr/lib/python3.10/socketserver.py", line 360, in finish_request
    self.RequestHandlerClass(request, client_address, self)
  File "/usr/lib/python3.10/socket.py", line 705, in readinto
    return self._sock.recv_into(b)
  File "/usr/lib/python3.10/http/server.py", line 401, in handle_one_request
    self.raw_requestline = self.rfile.readline(65537)
ConnectionResetError: [Errno 104] Connection reset by peer
----------------------------------------
  File "/usr/lib/python3.10/socketserver.py", line 360, in finish_request
    self.RequestHandlerClass(request, client_address, self)
  File "/usr/lib/python3.10/http/server.py", line 401, in handle_one_request
    self.raw_requestline = self.rfile.readline(65537)
  File "/usr/lib/python3.10/socket.py", line 705, in readinto
    return self._sock.recv_into(b)
  File "/usr/lib/python3.10/socketserver.py", line 360, in finish_request
    self.RequestHandlerClass(request, client_address, self)
  File "/usr/lib/python3.10/socket.py", line 705, in readinto
    return self._sock.recv_into(b)
----------------------------------------
  File "/usr/lib/python3.10/socketserver.py", line 683, in process_request_thread
    self.finish_request(request, client_address)
ConnectionResetError: [Errno 104] Connection reset by peer
ConnectionResetError: [Errno 104] Connection reset by peer
----------------------------------------
  File "/usr/lib/python3.10/socket.py", line 705, in readinto
    return self._sock.recv_into(b)
  File "/usr/lib/python3.10/socket.py", line 705, in readinto
    return self._sock.recv_into(b)
  File "/usr/lib/python3.10/socketserver.py", line 747, in __init__
    self.handle()
  File "/usr/lib/python3.10/http/server.py", line 435, in handle
    self.handle_one_request()
  File "/usr/lib/python3.10/socketserver.py", line 360, in finish_request
    self.RequestHandlerClass(request, client_address, self)
  File "/usr/lib/python3.10/socketserver.py", line 747, in __init__
    self.handle()
  File "/usr/lib/python3.10/socketserver.py", line 747, in __init__
    self.handle()
  File "/usr/lib/python3.10/socketserver.py", line 360, in finish_request
    self.RequestHandlerClass(request, client_address, self)
  File "/usr/lib/python3.10/socket.py", line 705, in readinto
    return self._sock.recv_into(b)
ConnectionResetError: [Errno 104] Connection reset by peer
----------------------------------------
----------------------------------------
ConnectionResetError: [Errno 104] Connection reset by peer
  File "/usr/lib/python3.10/http/server.py", line 401, in handle_one_request
    self.raw_requestline = self.rfile.readline(65537)
  File "/usr/lib/python3.10/socketserver.py", line 747, in __init__
    self.handle()
  File "/usr/lib/python3.10/http/server.py", line 401, in handle_one_request
    self.raw_requestline = self.rfile.readline(65537)
  File "/usr/lib/python3.10/socket.py", line 705, in readinto
    return self._sock.recv_into(b)
  File "/usr/lib/python3.10/socketserver.py", line 747, in __init__
    self.handle()
  File "/usr/lib/python3.10/http/server.py", line 401, in handle_one_request
    self.raw_requestline = self.rfile.readline(65537)
  File "/usr/lib/python3.10/http/server.py", line 435, in handle
    self.handle_one_request()
  File "/usr/lib/python3.10/http/server.py", line 401, in handle_one_request
    self.raw_requestline = self.rfile.readline(65537)
  File "/usr/lib/python3.10/http/server.py", line 435, in handle
    self.handle_one_request()
  File "/usr/lib/python3.10/http/server.py", line 435, in handle
    self.handle_one_request()
----------------------------------------
ConnectionResetError: [Errno 104] Connection reset by peer
  File "/usr/lib/python3.10/socketserver.py", line 747, in __init__
    self.handle()
  File "/usr/lib/python3.10/http/server.py", line 435, in handle
    self.handle_one_request()
ConnectionResetError: [Errno 104] Connection reset by peer
  File "/usr/lib/python3.10/socketserver.py", line 747, in __init__
    self.handle()
  File "/usr/lib/python3.10/http/server.py", line 435, in handle
    self.handle_one_request()
  File "/usr/lib/python3.10/http/server.py", line 401, in handle_one_request
    self.raw_requestline = self.rfile.readline(65537)
----------------------------------------
----------------------------------------
  File "/usr/lib/python3.10/socket.py", line 705, in readinto
    return self._sock.recv_into(b)
ConnectionResetError: [Errno 104] Connection reset by peer
  File "/usr/lib/python3.10/socket.py", line 705, in readinto
    return self._sock.recv_into(b)
  File "/usr/lib/python3.10/http/server.py", line 401, in handle_one_request
    self.raw_requestline = self.rfile.readline(65537)
ConnectionResetError: [Errno 104] Connection reset by peer
  File "/usr/lib/python3.10/http/server.py", line 401, in handle_one_request
    self.raw_requestline = self.rfile.readline(65537)
----------------------------------------
  File "/usr/lib/python3.10/http/server.py", line 435, in handle
    self.handle_one_request()
ConnectionResetError: [Errno 104] Connection reset by peer
ConnectionResetError: [Errno 104] Connection reset by peer
----------------------------------------
----------------------------------------
----------------------------------------
  File "/usr/lib/python3.10/socket.py", line 705, in readinto
    return self._sock.recv_into(b)
  File "/usr/lib/python3.10/socket.py", line 705, in readinto
    return self._sock.recv_into(b)
ConnectionResetError: [Errno 104] Connection reset by peer
  File "/usr/lib/python3.10/http/server.py", line 435, in handle
    self.handle_one_request()
ConnectionResetError: [Errno 104] Connection reset by peer
  File "/usr/lib/python3.10/socket.py", line 705, in readinto
    return self._sock.recv_into(b)
ConnectionResetError: [Errno 104] Connection reset by peer
ConnectionResetError: [Errno 104] Connection reset by peer
ConnectionResetError: [Errno 104] Connection reset by peer
----------------------------------------
  File "/usr/lib/python3.10/http/server.py", line 401, in handle_one_request
    self.raw_requestline = self.rfile.readline(65537)
----------------------------------------
  File "/usr/lib/python3.10/socket.py", line 705, in readinto
    return self._sock.recv_into(b)
  File "/usr/lib/python3.10/http/server.py", line 401, in handle_one_request
    self.raw_requestline = self.rfile.readline(65537)
  File "/usr/lib/python3.10/socket.py", line 705, in readinto
    return self._sock.recv_into(b)
  File "/usr/lib/python3.10/http/server.py", line 401, in handle_one_request
    self.raw_requestline = self.rfile.readline(65537)
  File "/usr/lib/python3.10/socket.py", line 705, in readinto
    return self._sock.recv_into(b)
----------------------------------------
----------------------------------------
ConnectionResetError: [Errno 104] Connection reset by peer
----------------------------------------
----------------------------------------
----------------------------------------
  File "/usr/lib/python3.10/socket.py", line 705, in readinto
    return self._sock.recv_into(b)
ConnectionResetError: [Errno 104] Connection reset by peer
----------------------------------------
ConnectionResetError: [Errno 104] Connection reset by peer
ConnectionResetError: [Errno 104] Connection reset by peer
----------------------------------------
----------------------------------------
----------------------------------------
ConnectionResetError: [Errno 104] Connection reset by peer
  File "/usr/lib/python3.10/socket.py", line 705, in readinto
    return self._sock.recv_into(b)
----------------------------------------
ConnectionResetError: [Errno 104] Connection reset by peer
----------------------------------------
ConnectionResetError: [Errno 104] Connection reset by peer
----------------------------------------
----------------------------------------
----------------------------------------
Exception occurred during processing of request from ('10.200.2.1', 34944)
----------------------------------------
----------------------------------------
----------------------------------------
Exception occurred during processing of request from ('10.200.2.1', 35092)
----------------------------------------
----------------------------------------
----------------------------------------
----------------------------------------
----------------------------------------
----------------------------------------
----------------------------------------
----------------------------------------
----------------------------------------
----------------------------------------
----------------------------------------
Exception occurred during processing of request from ('10.200.2.1', 34972)
----------------------------------------
----------------------------------------
----------------------------------------
----------------------------------------
----------------------------------------
Exception occurred during processing of request from ('10.200.2.1', 34842)
----------------------------------------
----------------------------------------
----------------------------------------
Exception occurred during processing of request from ('10.200.2.1', 34916)
Exception occurred during processing of request from ('10.200.2.1', 34814)
Exception occurred during processing of request from ('10.200.2.1', 34808)
Exception occurred during processing of request from ('10.200.2.1', 34942)
Exception occurred during processing of request from ('10.200.2.1', 34958)
Exception occurred during processing of request from ('10.200.2.1', 34996)
Exception occurred during processing of request from ('10.200.2.1', 34868)
Exception occurred during processing of request from ('10.200.2.1', 35046)
Exception occurred during processing of request from ('10.200.2.1', 35018)
Exception occurred during processing of request from ('10.200.2.1', 34776)
----------------------------------------
Traceback (most recent call last):
Exception occurred during processing of request from ('10.200.2.1', 35066)
Exception occurred during processing of request from ('10.200.2.1', 35082)
Exception occurred during processing of request from ('10.200.2.1', 35008)
----------------------------------------
Exception occurred during processing of request from ('10.200.2.1', 34800)
Exception occurred during processing of request from ('10.200.2.1', 34894)
----------------------------------------
----------------------------------------
----------------------------------------
----------------------------------------
----------------------------------------
Exception occurred during processing of request from ('10.200.2.1', 34846)
----------------------------------------
Exception occurred during processing of request from ('10.200.2.1', 35012)
----------------------------------------
----------------------------------------
Traceback (most recent call last):
Exception occurred during processing of request from ('10.200.2.1', 35030)
Exception occurred during processing of request from ('10.200.2.1', 34908)
Exception occurred during processing of request from ('10.200.2.1', 34810)
----------------------------------------
----------------------------------------
----------------------------------------
Traceback (most recent call last):
----------------------------------------
Exception occurred during processing of request from ('10.200.2.1', 35056)
  File "/usr/lib/python3.10/socketserver.py", line 683, in process_request_thread
    self.finish_request(request, client_address)
----------------------------------------
----------------------------------------
Exception occurred during processing of request from ('10.200.2.1', 34988)
Exception occurred during processing of request from ('10.200.2.1', 34786)
Exception occurred during processing of request from ('10.200.2.1', 34862)
Exception occurred during processing of request from ('10.200.2.1', 34838)
Exception occurred during processing of request from ('10.200.2.1', 34890)
  File "/usr/lib/python3.10/socketserver.py", line 683, in process_request_thread
    self.finish_request(request, client_address)
Exception occurred during processing of request from ('10.200.2.1', 34844)
Exception occurred during processing of request from ('10.200.2.1', 34806)
Exception occurred during processing of request from ('10.200.2.1', 34888)
  File "/usr/lib/python3.10/socketserver.py", line 683, in process_request_thread
    self.finish_request(request, client_address)
Exception occurred during processing of request from ('10.200.2.1', 34896)
Exception occurred during processing of request from ('10.200.2.1', 34880)
Traceback (most recent call last):
  File "/usr/lib/python3.10/socketserver.py", line 683, in process_request_thread
    self.finish_request(request, client_address)
Exception occurred during processing of request from ('10.200.2.1', 34978)
Exception occurred during processing of request from ('10.200.2.1', 34762)
Traceback (most recent call last):
Traceback (most recent call last):
Traceback (most recent call last):
Traceback (most recent call last):
Traceback (most recent call last):
Traceback (most recent call last):
Traceback (most recent call last):
Traceback (most recent call last):
Traceback (most recent call last):
Traceback (most recent call last):
Traceback (most recent call last):
Traceback (most recent call last):
Traceback (most recent call last):
Traceback (most recent call last):
  File "/usr/lib/python3.10/socketserver.py", line 360, in finish_request
    self.RequestHandlerClass(request, client_address, self)
Exception occurred during processing of request from ('10.200.2.1', 34886)
Traceback (most recent call last):
----------------------------------------
  File "/usr/lib/python3.10/socketserver.py", line 360, in finish_request
    self.RequestHandlerClass(request, client_address, self)
  File "/usr/lib/python3.10/socketserver.py", line 747, in __init__
    self.handle()
Traceback (most recent call last):
Traceback (most recent call last):
Traceback (most recent call last):
Traceback (most recent call last):
Traceback (most recent call last):
Traceback (most recent call last):
Traceback (most recent call last):
Traceback (most recent call last):
Exception occurred during processing of request from ('10.200.2.1', 34774)
Traceback (most recent call last):
Traceback (most recent call last):
Traceback (most recent call last):
  File "/usr/lib/python3.10/socketserver.py", line 683, in process_request_thread
    self.finish_request(request, client_address)
Traceback (most recent call last):
Traceback (most recent call last):
Exception occurred during processing of request from ('10.200.2.1', 34822)
  File "/usr/lib/python3.10/socketserver.py", line 747, in __init__
    self.handle()
Traceback (most recent call last):
Traceback (most recent call last):
  File "/usr/lib/python3.10/socketserver.py", line 360, in finish_request
    self.RequestHandlerClass(request, client_address, self)
Traceback (most recent call last):
  File "/usr/lib/python3.10/socketserver.py", line 683, in process_request_thread
    self.finish_request(request, client_address)
  File "/usr/lib/python3.10/socketserver.py", line 683, in process_request_thread
    self.finish_request(request, client_address)
  File "/usr/lib/python3.10/socketserver.py", line 683, in process_request_thread
    self.finish_request(request, client_address)
  File "/usr/lib/python3.10/socketserver.py", line 683, in process_request_thread
    self.finish_request(request, client_address)
  File "/usr/lib/python3.10/socketserver.py", line 683, in process_request_thread
    self.finish_request(request, client_address)
  File "/usr/lib/python3.10/socketserver.py", line 683, in process_request_thread
    self.finish_request(request, client_address)
  File "/usr/lib/python3.10/socketserver.py", line 683, in process_request_thread
    self.finish_request(request, client_address)
  File "/usr/lib/python3.10/socketserver.py", line 683, in process_request_thread
    self.finish_request(request, client_address)
  File "/usr/lib/python3.10/socketserver.py", line 683, in process_request_thread
    self.finish_request(request, client_address)
  File "/usr/lib/python3.10/socketserver.py", line 360, in finish_request
    self.RequestHandlerClass(request, client_address, self)
Traceback (most recent call last):
Traceback (most recent call last):
  File "/usr/lib/python3.10/socketserver.py", line 683, in process_request_thread
    self.finish_request(request, client_address)
  File "/usr/lib/python3.10/socketserver.py", line 360, in finish_request
    self.RequestHandlerClass(request, client_address, self)
  File "/usr/lib/python3.10/socketserver.py", line 747, in __init__
    self.handle()
  File "/usr/lib/python3.10/http/server.py", line 435, in handle
    self.handle_one_request()
  File "/usr/lib/python3.10/socketserver.py", line 360, in finish_request
    self.RequestHandlerClass(request, client_address, self)
  File "/usr/lib/python3.10/socketserver.py", line 683, in process_request_thread
    self.finish_request(request, client_address)
  File "/usr/lib/python3.10/socketserver.py", line 360, in finish_request
    self.RequestHandlerClass(request, client_address, self)
  File "/usr/lib/python3.10/socketserver.py", line 683, in process_request_thread
    self.finish_request(request, client_address)
Traceback (most recent call last):
  File "/usr/lib/python3.10/socketserver.py", line 747, in __init__
    self.handle()
  File "/usr/lib/python3.10/socketserver.py", line 683, in process_request_thread
    self.finish_request(request, client_address)
  File "/usr/lib/python3.10/socketserver.py", line 360, in finish_request
    self.RequestHandlerClass(request, client_address, self)
  File "/usr/lib/python3.10/socketserver.py", line 360, in finish_request
    self.RequestHandlerClass(request, client_address, self)
  File "/usr/lib/python3.10/socketserver.py", line 683, in process_request_thread
    self.finish_request(request, client_address)
  File "/usr/lib/python3.10/socketserver.py", line 360, in finish_request
    self.RequestHandlerClass(request, client_address, self)
  File "/usr/lib/python3.10/socketserver.py", line 683, in process_request_thread
    self.finish_request(request, client_address)
  File "/usr/lib/python3.10/socketserver.py", line 360, in finish_request
    self.RequestHandlerClass(request, client_address, self)
  File "/usr/lib/python3.10/socketserver.py", line 747, in __init__
    self.handle()
  File "/usr/lib/python3.10/socketserver.py", line 360, in finish_request
    self.RequestHandlerClass(request, client_address, self)
  File "/usr/lib/python3.10/socketserver.py", line 683, in process_request_thread
    self.finish_request(request, client_address)
  File "/usr/lib/python3.10/socketserver.py", line 683, in process_request_thread
    self.finish_request(request, client_address)
  File "/usr/lib/python3.10/socketserver.py", line 360, in finish_request
    self.RequestHandlerClass(request, client_address, self)
  File "/usr/lib/python3.10/socketserver.py", line 683, in process_request_thread
    self.finish_request(request, client_address)
  File "/usr/lib/python3.10/socketserver.py", line 683, in process_request_thread
    self.finish_request(request, client_address)
  File "/usr/lib/python3.10/socketserver.py", line 683, in process_request_thread
    self.finish_request(request, client_address)
  File "/usr/lib/python3.10/socketserver.py", line 683, in process_request_thread
    self.finish_request(request, client_address)
  File "/usr/lib/python3.10/socketserver.py", line 360, in finish_request
    self.RequestHandlerClass(request, client_address, self)
Traceback (most recent call last):
  File "/usr/lib/python3.10/socketserver.py", line 683, in process_request_thread
    self.finish_request(request, client_address)
Exception occurred during processing of request from ('10.200.2.1', 34754)
  File "/usr/lib/python3.10/socketserver.py", line 683, in process_request_thread
    self.finish_request(request, client_address)
Traceback (most recent call last):
  File "/usr/lib/python3.10/socketserver.py", line 683, in process_request_thread
    self.finish_request(request, client_address)
  File "/usr/lib/python3.10/socketserver.py", line 683, in process_request_thread
    self.finish_request(request, client_address)
  File "/usr/lib/python3.10/socketserver.py", line 747, in __init__
    self.handle()
  File "/usr/lib/python3.10/http/server.py", line 435, in handle
    self.handle_one_request()
  File "/usr/lib/python3.10/socketserver.py", line 747, in __init__
    self.handle()
  File "/usr/lib/python3.10/socketserver.py", line 683, in process_request_thread
    self.finish_request(request, client_address)
  File "/usr/lib/python3.10/socketserver.py", line 683, in process_request_thread
    self.finish_request(request, client_address)
  File "/usr/lib/python3.10/socketserver.py", line 747, in __init__
    self.handle()
  File "/usr/lib/python3.10/socketserver.py", line 360, in finish_request
    self.RequestHandlerClass(request, client_address, self)
  File "/usr/lib/python3.10/socketserver.py", line 747, in __init__
    self.handle()
  File "/usr/lib/python3.10/socketserver.py", line 683, in process_request_thread
    self.finish_request(request, client_address)
  File "/usr/lib/python3.10/socketserver.py", line 683, in process_request_thread
    self.finish_request(request, client_address)
  File "/usr/lib/python3.10/socketserver.py", line 360, in finish_request
    self.RequestHandlerClass(request, client_address, self)
  File "/usr/lib/python3.10/socketserver.py", line 747, in __init__
    self.handle()
  File "/usr/lib/python3.10/socketserver.py", line 683, in process_request_thread
    self.finish_request(request, client_address)
  File "/usr/lib/python3.10/http/server.py", line 435, in handle
    self.handle_one_request()
  File "/usr/lib/python3.10/socketserver.py", line 747, in __init__
    self.handle()
  File "/usr/lib/python3.10/socketserver.py", line 360, in finish_request
    self.RequestHandlerClass(request, client_address, self)
  File "/usr/lib/python3.10/http/server.py", line 435, in handle
    self.handle_one_request()
  File "/usr/lib/python3.10/socketserver.py", line 360, in finish_request
    self.RequestHandlerClass(request, client_address, self)
  File "/usr/lib/python3.10/http/server.py", line 435, in handle
    self.handle_one_request()
  File "/usr/lib/python3.10/socketserver.py", line 360, in finish_request
    self.RequestHandlerClass(request, client_address, self)
  File "/usr/lib/python3.10/socketserver.py", line 360, in finish_request
    self.RequestHandlerClass(request, client_address, self)
  File "/usr/lib/python3.10/http/server.py", line 421, in handle_one_request
    method()
  File "/usr/lib/python3.10/socketserver.py", line 360, in finish_request
    self.RequestHandlerClass(request, client_address, self)
  File "/usr/lib/python3.10/http/server.py", line 435, in handle
    self.handle_one_request()
  File "/usr/lib/python3.10/socketserver.py", line 360, in finish_request
    self.RequestHandlerClass(request, client_address, self)
  File "/usr/lib/python3.10/socketserver.py", line 360, in finish_request
    self.RequestHandlerClass(request, client_address, self)
  File "/usr/lib/python3.10/socketserver.py", line 360, in finish_request
    self.RequestHandlerClass(request, client_address, self)
  File "/usr/lib/python3.10/socketserver.py", line 747, in __init__
    self.handle()
  File "/usr/lib/python3.10/socketserver.py", line 747, in __init__
    self.handle()
  File "/usr/lib/python3.10/socketserver.py", line 683, in process_request_thread
    self.finish_request(request, client_address)
  File "/usr/lib/python3.10/socketserver.py", line 360, in finish_request
    self.RequestHandlerClass(request, client_address, self)
  File "/usr/lib/python3.10/socketserver.py", line 360, in finish_request
    self.RequestHandlerClass(request, client_address, self)
  File "/usr/lib/python3.10/socketserver.py", line 747, in __init__
    self.handle()
  File "/usr/lib/python3.10/socketserver.py", line 360, in finish_request
    self.RequestHandlerClass(request, client_address, self)
  File "/usr/lib/python3.10/socketserver.py", line 747, in __init__
    self.handle()
  File "/usr/lib/python3.10/http/server.py", line 435, in handle
    self.handle_one_request()
  File "/usr/lib/python3.10/socketserver.py", line 747, in __init__
    self.handle()
  File "/usr/lib/python3.10/http/server.py", line 435, in handle
    self.handle_one_request()
  File "/usr/lib/python3.10/http/server.py", line 401, in handle_one_request
    self.raw_requestline = self.rfile.readline(65537)
  File "/usr/lib/python3.10/socketserver.py", line 747, in __init__
    self.handle()
  File "/usr/lib/python3.10/socketserver.py", line 683, in process_request_thread
    self.finish_request(request, client_address)
  File "/usr/lib/python3.10/http/server.py", line 421, in handle_one_request
    method()
  File "/usr/lib/python3.10/socketserver.py", line 747, in __init__
    self.handle()
  File "/usr/lib/python3.10/socketserver.py", line 747, in __init__
    self.handle()
  File "/usr/lib/python3.10/http/server.py", line 435, in handle
    self.handle_one_request()
  File "/usr/lib/python3.10/socketserver.py", line 683, in process_request_thread
    self.finish_request(request, client_address)
  File "/usr/lib/python3.10/http/server.py", line 435, in handle
    self.handle_one_request()
  File "/usr/lib/python3.10/socketserver.py", line 360, in finish_request
    self.RequestHandlerClass(request, client_address, self)
  File "/usr/lib/python3.10/http/server.py", line 435, in handle
    self.handle_one_request()
  File "/usr/lib/python3.10/http/server.py", line 435, in handle
    self.handle_one_request()
  File "/usr/lib/python3.10/socketserver.py", line 360, in finish_request
    self.RequestHandlerClass(request, client_address, self)
  File "/usr/lib/python3.10/socketserver.py", line 747, in __init__
    self.handle()
  File "/usr/lib/python3.10/socketserver.py", line 747, in __init__
    self.handle()
  File "/usr/lib/python3.10/socketserver.py", line 360, in finish_request
    self.RequestHandlerClass(request, client_address, self)
  File "/usr/lib/python3.10/socketserver.py", line 747, in __init__
    self.handle()
  File "/usr/lib/python3.10/http/server.py", line 401, in handle_one_request
    self.raw_requestline = self.rfile.readline(65537)
  File "/usr/lib/python3.10/socketserver.py", line 683, in process_request_thread
    self.finish_request(request, client_address)
  File "/usr/lib/python3.10/socketserver.py", line 360, in finish_request
    self.RequestHandlerClass(request, client_address, self)
  File "/usr/lib/python3.10/http/server.py", line 421, in handle_one_request
    method()
  File "/usr/lib/python3.10/socketserver.py", line 360, in finish_request
    self.RequestHandlerClass(request, client_address, self)
  File "/usr/lib/python3.10/socketserver.py", line 360, in finish_request
    self.RequestHandlerClass(request, client_address, self)
  File "/usr/lib/python3.10/socketserver.py", line 360, in finish_request
    self.RequestHandlerClass(request, client_address, self)
  File "/usr/lib/python3.10/socketserver.py", line 747, in __init__
    self.handle()
  File "/usr/lib/python3.10/socketserver.py", line 360, in finish_request
    self.RequestHandlerClass(request, client_address, self)
  File "/usr/lib/python3.10/socketserver.py", line 747, in __init__
    self.handle()
  File "/usr/lib/python3.10/socketserver.py", line 747, in __init__
    self.handle()
  File "/usr/lib/python3.10/socketserver.py", line 747, in __init__
    self.handle()
  File "/usr/lib/python3.10/http/server.py", line 435, in handle
    self.handle_one_request()
  File "/usr/lib/python3.10/http/server.py", line 401, in handle_one_request
    self.raw_requestline = self.rfile.readline(65537)
  File "/usr/lib/python3.10/socketserver.py", line 360, in finish_request
    self.RequestHandlerClass(request, client_address, self)
  File "/usr/lib/python3.10/http/server.py", line 435, in handle
    self.handle_one_request()
  File "/usr/lib/python3.10/socketserver.py", line 683, in process_request_thread
    self.finish_request(request, client_address)
  File "/usr/lib/python3.10/http/server.py", line 421, in handle_one_request
    method()
  File "/usr/lib/python3.10/http/server.py", line 435, in handle
    self.handle_one_request()
  File "/usr/lib/python3.10/socketserver.py", line 747, in __init__
    self.handle()
  File "/home/udeepa/CLB/scripts/fast_http_server.py", line 15, in do_GET
    self.wfile.write(body)
  File "/usr/lib/python3.10/socketserver.py", line 747, in __init__
    self.handle()
  File "/usr/lib/python3.10/http/server.py", line 435, in handle
    self.handle_one_request()
  File "/usr/lib/python3.10/socketserver.py", line 747, in __init__
    self.handle()
  File "/usr/lib/python3.10/http/server.py", line 435, in handle
    self.handle_one_request()
  File "/usr/lib/python3.10/http/server.py", line 401, in handle_one_request
    self.raw_requestline = self.rfile.readline(65537)
  File "/home/udeepa/CLB/scripts/fast_http_server.py", line 15, in do_GET
    self.wfile.write(body)
  File "/usr/lib/python3.10/http/server.py", line 401, in handle_one_request
    self.raw_requestline = self.rfile.readline(65537)
  File "/usr/lib/python3.10/http/server.py", line 401, in handle_one_request
    self.raw_requestline = self.rfile.readline(65537)
  File "/usr/lib/python3.10/socketserver.py", line 747, in __init__
    self.handle()
  File "/usr/lib/python3.10/http/server.py", line 435, in handle
    self.handle_one_request()
  File "/usr/lib/python3.10/http/server.py", line 401, in handle_one_request
    self.raw_requestline = self.rfile.readline(65537)
  File "/usr/lib/python3.10/http/server.py", line 401, in handle_one_request
    self.raw_requestline = self.rfile.readline(65537)
  File "/usr/lib/python3.10/socket.py", line 705, in readinto
    return self._sock.recv_into(b)
  File "/usr/lib/python3.10/socketserver.py", line 747, in __init__
    self.handle()
  File "/usr/lib/python3.10/http/server.py", line 435, in handle
    self.handle_one_request()
  File "/usr/lib/python3.10/http/server.py", line 401, in handle_one_request
    self.raw_requestline = self.rfile.readline(65537)
  File "/usr/lib/python3.10/http/server.py", line 401, in handle_one_request
    self.raw_requestline = self.rfile.readline(65537)
  File "/home/udeepa/CLB/scripts/fast_http_server.py", line 15, in do_GET
    self.wfile.write(body)
  File "/usr/lib/python3.10/socketserver.py", line 826, in write
    self._sock.sendall(b)
  File "/usr/lib/python3.10/socket.py", line 705, in readinto
    return self._sock.recv_into(b)
  File "/usr/lib/python3.10/socket.py", line 705, in readinto
    return self._sock.recv_into(b)
  File "/usr/lib/python3.10/http/server.py", line 435, in handle
    self.handle_one_request()
  File "/usr/lib/python3.10/socketserver.py", line 826, in write
    self._sock.sendall(b)
  File "/usr/lib/python3.10/http/server.py", line 435, in handle
    self.handle_one_request()
  File "/usr/lib/python3.10/http/server.py", line 435, in handle
    self.handle_one_request()
  File "/usr/lib/python3.10/http/server.py", line 401, in handle_one_request
    self.raw_requestline = self.rfile.readline(65537)
  File "/usr/lib/python3.10/socketserver.py", line 360, in finish_request
    self.RequestHandlerClass(request, client_address, self)
  File "/usr/lib/python3.10/socketserver.py", line 747, in __init__
    self.handle()
  File "/usr/lib/python3.10/http/server.py", line 435, in handle
    self.handle_one_request()
  File "/usr/lib/python3.10/socket.py", line 705, in readinto
    return self._sock.recv_into(b)
  File "/usr/lib/python3.10/http/server.py", line 435, in handle
    self.handle_one_request()
  File "/usr/lib/python3.10/http/server.py", line 435, in handle
    self.handle_one_request()
  File "/usr/lib/python3.10/socket.py", line 705, in readinto
    return self._sock.recv_into(b)
  File "/usr/lib/python3.10/socket.py", line 705, in readinto
    return self._sock.recv_into(b)
ConnectionResetError: [Errno 104] Connection reset by peer
  File "/usr/lib/python3.10/http/server.py", line 435, in handle
    self.handle_one_request()
  File "/usr/lib/python3.10/socketserver.py", line 747, in __init__
    self.handle()
  File "/usr/lib/python3.10/http/server.py", line 435, in handle
    self.handle_one_request()
  File "/usr/lib/python3.10/socket.py", line 705, in readinto
    return self._sock.recv_into(b)
  File "/usr/lib/python3.10/http/server.py", line 421, in handle_one_request
    method()
  File "/usr/lib/python3.10/socketserver.py", line 747, in __init__
    self.handle()
  File "/usr/lib/python3.10/socketserver.py", line 747, in __init__
    self.handle()
  File "/home/udeepa/CLB/scripts/fast_http_server.py", line 15, in do_GET
    self.wfile.write(body)
  File "/usr/lib/python3.10/socketserver.py", line 826, in write
    self._sock.sendall(b)
  File "/usr/lib/python3.10/http/server.py", line 401, in handle_one_request
    self.raw_requestline = self.rfile.readline(65537)
  File "/usr/lib/python3.10/socketserver.py", line 747, in __init__
    self.handle()
Traceback (most recent call last):
  File "/usr/lib/python3.10/socketserver.py", line 747, in __init__
    self.handle()
  File "/usr/lib/python3.10/http/server.py", line 435, in handle
    self.handle_one_request()
  File "/usr/lib/python3.10/http/server.py", line 401, in handle_one_request
    self.raw_requestline = self.rfile.readline(65537)
  File "/usr/lib/python3.10/socket.py", line 705, in readinto
    return self._sock.recv_into(b)
  File "/usr/lib/python3.10/http/server.py", line 401, in handle_one_request
    self.raw_requestline = self.rfile.readline(65537)
  File "/usr/lib/python3.10/http/server.py", line 401, in handle_one_request
    self.raw_requestline = self.rfile.readline(65537)
ConnectionResetError: [Errno 104] Connection reset by peer
ConnectionResetError: [Errno 104] Connection reset by peer
----------------------------------------
  File "/usr/lib/python3.10/http/server.py", line 401, in handle_one_request
    self.raw_requestline = self.rfile.readline(65537)
  File "/usr/lib/python3.10/socketserver.py", line 360, in finish_request
    self.RequestHandlerClass(request, client_address, self)
  File "/usr/lib/python3.10/socketserver.py", line 747, in __init__
    self.handle()
  File "/usr/lib/python3.10/http/server.py", line 435, in handle
    self.handle_one_request()
ConnectionResetError: [Errno 104] Connection reset by peer
  File "/home/udeepa/CLB/scripts/fast_http_server.py", line 15, in do_GET
    self.wfile.write(body)
  File "/usr/lib/python3.10/socketserver.py", line 826, in write
    self._sock.sendall(b)
  File "/usr/lib/python3.10/http/server.py", line 435, in handle
    self.handle_one_request()
ConnectionResetError: [Errno 104] Connection reset by peer
  File "/usr/lib/python3.10/http/server.py", line 435, in handle
    self.handle_one_request()
  File "/usr/lib/python3.10/socket.py", line 705, in readinto
    return self._sock.recv_into(b)
  File "/usr/lib/python3.10/http/server.py", line 435, in handle
    self.handle_one_request()
  File "/usr/lib/python3.10/http/server.py", line 401, in handle_one_request
    self.raw_requestline = self.rfile.readline(65537)
  File "/usr/lib/python3.10/http/server.py", line 401, in handle_one_request
    self.raw_requestline = self.rfile.readline(65537)
  File "/usr/lib/python3.10/http/server.py", line 401, in handle_one_request
    self.raw_requestline = self.rfile.readline(65537)
ConnectionResetError: [Errno 104] Connection reset by peer
ConnectionResetError: [Errno 104] Connection reset by peer
  File "/usr/lib/python3.10/socket.py", line 705, in readinto
    return self._sock.recv_into(b)
  File "/usr/lib/python3.10/socket.py", line 705, in readinto
    return self._sock.recv_into(b)
----------------------------------------
----------------------------------------
  File "/usr/lib/python3.10/socket.py", line 705, in readinto
    return self._sock.recv_into(b)
  File "/usr/lib/python3.10/socketserver.py", line 360, in finish_request
    self.RequestHandlerClass(request, client_address, self)
ConnectionResetError: [Errno 104] Connection reset by peer
ConnectionResetError: [Errno 104] Connection reset by peer
ConnectionResetError: [Errno 104] Connection reset by peer
  File "/usr/lib/python3.10/http/server.py", line 421, in handle_one_request
    method()
  File "/usr/lib/python3.10/http/server.py", line 401, in handle_one_request
    self.raw_requestline = self.rfile.readline(65537)
----------------------------------------
  File "/usr/lib/python3.10/http/server.py", line 401, in handle_one_request
    self.raw_requestline = self.rfile.readline(65537)
  File "/usr/lib/python3.10/socket.py", line 705, in readinto
    return self._sock.recv_into(b)
ConnectionResetError: [Errno 104] Connection reset by peer
  File "/usr/lib/python3.10/socket.py", line 705, in readinto
    return self._sock.recv_into(b)
  File "/usr/lib/python3.10/socket.py", line 705, in readinto
    return self._sock.recv_into(b)
  File "/usr/lib/python3.10/socket.py", line 705, in readinto
    return self._sock.recv_into(b)
----------------------------------------
----------------------------------------
ConnectionResetError: [Errno 104] Connection reset by peer
----------------------------------------
  File "/usr/lib/python3.10/http/server.py", line 401, in handle_one_request
    self.raw_requestline = self.rfile.readline(65537)
ConnectionResetError: [Errno 104] Connection reset by peer
  File "/usr/lib/python3.10/http/server.py", line 435, in handle
    self.handle_one_request()
  File "/usr/lib/python3.10/socketserver.py", line 747, in __init__
    self.handle()
  File "/usr/lib/python3.10/http/server.py", line 401, in handle_one_request
    self.raw_requestline = self.rfile.readline(65537)
----------------------------------------
----------------------------------------
  File "/home/udeepa/CLB/scripts/fast_http_server.py", line 15, in do_GET
    self.wfile.write(body)
  File "/usr/lib/python3.10/socketserver.py", line 826, in write
    self._sock.sendall(b)
  File "/usr/lib/python3.10/socket.py", line 705, in readinto
    return self._sock.recv_into(b)
  File "/usr/lib/python3.10/socketserver.py", line 683, in process_request_thread
    self.finish_request(request, client_address)
  File "/usr/lib/python3.10/socketserver.py", line 826, in write
    self._sock.sendall(b)
  File "/usr/lib/python3.10/http/server.py", line 435, in handle
    self.handle_one_request()
----------------------------------------
ConnectionResetError: [Errno 104] Connection reset by peer
ConnectionResetError: [Errno 104] Connection reset by peer
  File "/usr/lib/python3.10/socketserver.py", line 360, in finish_request
    self.RequestHandlerClass(request, client_address, self)
ConnectionResetError: [Errno 104] Connection reset by peer
  File "/usr/lib/python3.10/socket.py", line 705, in readinto
    return self._sock.recv_into(b)
----------------------------------------
  File "/usr/lib/python3.10/http/server.py", line 435, in handle
    self.handle_one_request()
  File "/usr/lib/python3.10/socket.py", line 705, in readinto
    return self._sock.recv_into(b)
----------------------------------------
  File "/usr/lib/python3.10/http/server.py", line 401, in handle_one_request
    self.raw_requestline = self.rfile.readline(65537)
ConnectionResetError: [Errno 104] Connection reset by peer
ConnectionResetError: [Errno 104] Connection reset by peer
  File "/usr/lib/python3.10/socketserver.py", line 360, in finish_request
    self.RequestHandlerClass(request, client_address, self)
ConnectionResetError: [Errno 104] Connection reset by peer
  File "/usr/lib/python3.10/http/server.py", line 401, in handle_one_request
    self.raw_requestline = self.rfile.readline(65537)
----------------------------------------
  File "/usr/lib/python3.10/http/server.py", line 435, in handle
    self.handle_one_request()
  File "/usr/lib/python3.10/http/server.py", line 435, in handle
    self.handle_one_request()
----------------------------------------
ConnectionResetError: [Errno 104] Connection reset by peer
----------------------------------------
  File "/usr/lib/python3.10/http/server.py", line 435, in handle
    self.handle_one_request()
  File "/usr/lib/python3.10/http/server.py", line 401, in handle_one_request
    self.raw_requestline = self.rfile.readline(65537)
  File "/usr/lib/python3.10/socket.py", line 705, in readinto
    return self._sock.recv_into(b)
----------------------------------------
----------------------------------------
  File "/usr/lib/python3.10/socketserver.py", line 747, in __init__
    self.handle()
----------------------------------------
  File "/usr/lib/python3.10/http/server.py", line 435, in handle
    self.handle_one_request()
  File "/usr/lib/python3.10/http/server.py", line 401, in handle_one_request
    self.raw_requestline = self.rfile.readline(65537)
  File "/usr/lib/python3.10/http/server.py", line 401, in handle_one_request
    self.raw_requestline = self.rfile.readline(65537)
  File "/usr/lib/python3.10/http/server.py", line 401, in handle_one_request
    self.raw_requestline = self.rfile.readline(65537)
  File "/usr/lib/python3.10/http/server.py", line 401, in handle_one_request
    self.raw_requestline = self.rfile.readline(65537)
  File "/usr/lib/python3.10/socket.py", line 705, in readinto
    return self._sock.recv_into(b)
ConnectionResetError: [Errno 104] Connection reset by peer
ConnectionResetError: [Errno 104] Connection reset by peer
ConnectionResetError: [Errno 104] Connection reset by peer
  File "/usr/lib/python3.10/http/server.py", line 435, in handle
    self.handle_one_request()
  File "/usr/lib/python3.10/socketserver.py", line 747, in __init__
    self.handle()
  File "/usr/lib/python3.10/socket.py", line 705, in readinto
    return self._sock.recv_into(b)
  File "/usr/lib/python3.10/http/server.py", line 401, in handle_one_request
    self.raw_requestline = self.rfile.readline(65537)
----------------------------------------
ConnectionResetError: [Errno 104] Connection reset by peer
ConnectionResetError: [Errno 104] Connection reset by peer
ConnectionResetError: [Errno 104] Connection reset by peer
  File "/usr/lib/python3.10/socket.py", line 705, in readinto
    return self._sock.recv_into(b)
ConnectionResetError: [Errno 104] Connection reset by peer
  File "/usr/lib/python3.10/http/server.py", line 401, in handle_one_request
    self.raw_requestline = self.rfile.readline(65537)
----------------------------------------
  File "/usr/lib/python3.10/socket.py", line 705, in readinto
    return self._sock.recv_into(b)
  File "/usr/lib/python3.10/http/server.py", line 435, in handle
    self.handle_one_request()
ConnectionResetError: [Errno 104] Connection reset by peer
  File "/usr/lib/python3.10/socket.py", line 705, in readinto
    return self._sock.recv_into(b)
  File "/usr/lib/python3.10/http/server.py", line 401, in handle_one_request
    self.raw_requestline = self.rfile.readline(65537)
  File "/usr/lib/python3.10/socket.py", line 705, in readinto
    return self._sock.recv_into(b)
  File "/usr/lib/python3.10/socket.py", line 705, in readinto
    return self._sock.recv_into(b)
----------------------------------------
----------------------------------------
  File "/usr/lib/python3.10/socket.py", line 705, in readinto
    return self._sock.recv_into(b)
ConnectionResetError: [Errno 104] Connection reset by peer
ConnectionResetError: [Errno 104] Connection reset by peer
  File "/usr/lib/python3.10/http/server.py", line 401, in handle_one_request
    self.raw_requestline = self.rfile.readline(65537)
----------------------------------------
ConnectionResetError: [Errno 104] Connection reset by peer
----------------------------------------
----------------------------------------
ConnectionResetError: [Errno 104] Connection reset by peer
  File "/usr/lib/python3.10/socket.py", line 705, in readinto
    return self._sock.recv_into(b)
----------------------------------------
  File "/usr/lib/python3.10/socket.py", line 705, in readinto
    return self._sock.recv_into(b)
----------------------------------------
  File "/usr/lib/python3.10/socket.py", line 705, in readinto
    return self._sock.recv_into(b)
----------------------------------------
  File "/usr/lib/python3.10/socket.py", line 705, in readinto
    return self._sock.recv_into(b)
ConnectionResetError: [Errno 104] Connection reset by peer
----------------------------------------
ConnectionResetError: [Errno 104] Connection reset by peer
  File "/usr/lib/python3.10/socket.py", line 705, in readinto
    return self._sock.recv_into(b)
----------------------------------------
ConnectionResetError: [Errno 104] Connection reset by peer
----------------------------------------
----------------------------------------
  File "/usr/lib/python3.10/http/server.py", line 401, in handle_one_request
    self.raw_requestline = self.rfile.readline(65537)
----------------------------------------
ConnectionResetError: [Errno 104] Connection reset by peer
ConnectionResetError: [Errno 104] Connection reset by peer
----------------------------------------
ConnectionResetError: [Errno 104] Connection reset by peer
ConnectionResetError: [Errno 104] Connection reset by peer
----------------------------------------
  File "/usr/lib/python3.10/socket.py", line 705, in readinto
    return self._sock.recv_into(b)
----------------------------------------
----------------------------------------
  File "/usr/lib/python3.10/socket.py", line 705, in readinto
    return self._sock.recv_into(b)
----------------------------------------
ConnectionResetError: [Errno 104] Connection reset by peer
----------------------------------------
----------------------------------------
ConnectionResetError: [Errno 104] Connection reset by peer
----------------------------------------
----------------------------------------
Exception occurred during processing of request from ('10.200.2.1', 39086)
----------------------------------------
Exception occurred during processing of request from ('10.200.2.1', 39024)
----------------------------------------
Exception occurred during processing of request from ('10.200.2.1', 38990)
----------------------------------------
----------------------------------------
----------------------------------------
Exception occurred during processing of request from ('10.200.2.1', 39134)
----------------------------------------
----------------------------------------
Exception occurred during processing of request from ('10.200.2.1', 39000)
----------------------------------------
Exception occurred during processing of request from ('10.200.2.1', 38998)
----------------------------------------
----------------------------------------
Exception occurred during processing of request from ('10.200.2.1', 39106)
----------------------------------------
----------------------------------------
----------------------------------------
Exception occurred during processing of request from ('10.200.2.1', 39252)
----------------------------------------
Exception occurred during processing of request from ('10.200.2.1', 39034)
Exception occurred during processing of request from ('10.200.2.1', 39016)
----------------------------------------
Exception occurred during processing of request from ('10.200.2.1', 39026)
Exception occurred during processing of request from ('10.200.2.1', 39078)
----------------------------------------
Exception occurred during processing of request from ('10.200.2.1', 38984)
Exception occurred during processing of request from ('10.200.2.1', 39044)
Exception occurred during processing of request from ('10.200.2.1', 39118)
Exception occurred during processing of request from ('10.200.2.1', 39046)
Exception occurred during processing of request from ('10.200.2.1', 39036)
Traceback (most recent call last):
  File "/usr/lib/python3.10/socketserver.py", line 683, in process_request_thread
    self.finish_request(request, client_address)
  File "/usr/lib/python3.10/socketserver.py", line 360, in finish_request
    self.RequestHandlerClass(request, client_address, self)
  File "/usr/lib/python3.10/socketserver.py", line 747, in __init__
    self.handle()
  File "/usr/lib/python3.10/http/server.py", line 435, in handle
    self.handle_one_request()
  File "/usr/lib/python3.10/http/server.py", line 401, in handle_one_request
    self.raw_requestline = self.rfile.readline(65537)
  File "/usr/lib/python3.10/socket.py", line 705, in readinto
    return self._sock.recv_into(b)
Traceback (most recent call last):
Traceback (most recent call last):
ConnectionResetError: [Errno 104] Connection reset by peer
Traceback (most recent call last):
Traceback (most recent call last):
Traceback (most recent call last):
Traceback (most recent call last):
Traceback (most recent call last):
Traceback (most recent call last):
Traceback (most recent call last):
  File "/usr/lib/python3.10/socketserver.py", line 683, in process_request_thread
    self.finish_request(request, client_address)
----------------------------------------
  File "/usr/lib/python3.10/socketserver.py", line 683, in process_request_thread
    self.finish_request(request, client_address)
  File "/usr/lib/python3.10/socketserver.py", line 683, in process_request_thread
    self.finish_request(request, client_address)
Traceback (most recent call last):
  File "/usr/lib/python3.10/socketserver.py", line 683, in process_request_thread
    self.finish_request(request, client_address)
  File "/usr/lib/python3.10/socketserver.py", line 360, in finish_request
    self.RequestHandlerClass(request, client_address, self)
  File "/usr/lib/python3.10/socketserver.py", line 683, in process_request_thread
    self.finish_request(request, client_address)
  File "/usr/lib/python3.10/socketserver.py", line 360, in finish_request
    self.RequestHandlerClass(request, client_address, self)
Traceback (most recent call last):
  File "/usr/lib/python3.10/socketserver.py", line 360, in finish_request
    self.RequestHandlerClass(request, client_address, self)
Traceback (most recent call last):
  File "/usr/lib/python3.10/socketserver.py", line 360, in finish_request
    self.RequestHandlerClass(request, client_address, self)
  File "/usr/lib/python3.10/socketserver.py", line 683, in process_request_thread
    self.finish_request(request, client_address)
  File "/usr/lib/python3.10/socketserver.py", line 683, in process_request_thread
    self.finish_request(request, client_address)
Traceback (most recent call last):
  File "/usr/lib/python3.10/socketserver.py", line 747, in __init__
    self.handle()
  File "/usr/lib/python3.10/socketserver.py", line 683, in process_request_thread
    self.finish_request(request, client_address)
Traceback (most recent call last):
  File "/usr/lib/python3.10/socketserver.py", line 747, in __init__
    self.handle()
  File "/usr/lib/python3.10/socketserver.py", line 683, in process_request_thread
    self.finish_request(request, client_address)
  File "/usr/lib/python3.10/socketserver.py", line 747, in __init__
    self.handle()
  File "/usr/lib/python3.10/socketserver.py", line 360, in finish_request
    self.RequestHandlerClass(request, client_address, self)
  File "/usr/lib/python3.10/socketserver.py", line 747, in __init__
    self.handle()
  File "/usr/lib/python3.10/http/server.py", line 435, in handle
    self.handle_one_request()
  File "/usr/lib/python3.10/socketserver.py", line 683, in process_request_thread
    self.finish_request(request, client_address)
  File "/usr/lib/python3.10/socketserver.py", line 360, in finish_request
    self.RequestHandlerClass(request, client_address, self)
  File "/usr/lib/python3.10/socketserver.py", line 683, in process_request_thread
    self.finish_request(request, client_address)
Traceback (most recent call last):
  File "/usr/lib/python3.10/socketserver.py", line 683, in process_request_thread
    self.finish_request(request, client_address)
  File "/usr/lib/python3.10/socketserver.py", line 360, in finish_request
    self.RequestHandlerClass(request, client_address, self)
  File "/usr/lib/python3.10/http/server.py", line 435, in handle
    self.handle_one_request()
  File "/usr/lib/python3.10/socketserver.py", line 360, in finish_request
    self.RequestHandlerClass(request, client_address, self)
  File "/usr/lib/python3.10/socketserver.py", line 747, in __init__
    self.handle()
  File "/usr/lib/python3.10/http/server.py", line 435, in handle
    self.handle_one_request()
  File "/usr/lib/python3.10/http/server.py", line 401, in handle_one_request
    self.raw_requestline = self.rfile.readline(65537)
  File "/usr/lib/python3.10/socketserver.py", line 683, in process_request_thread
    self.finish_request(request, client_address)
Traceback (most recent call last):
  File "/usr/lib/python3.10/http/server.py", line 401, in handle_one_request
    self.raw_requestline = self.rfile.readline(65537)
  File "/usr/lib/python3.10/socketserver.py", line 747, in __init__
    self.handle()
  File "/usr/lib/python3.10/socket.py", line 705, in readinto
    return self._sock.recv_into(b)
  File "/usr/lib/python3.10/socketserver.py", line 747, in __init__
    self.handle()
  File "/usr/lib/python3.10/socketserver.py", line 747, in __init__
    self.handle()
  File "/usr/lib/python3.10/socketserver.py", line 360, in finish_request
    self.RequestHandlerClass(request, client_address, self)
  File "/usr/lib/python3.10/socketserver.py", line 683, in process_request_thread
    self.finish_request(request, client_address)
  File "/usr/lib/python3.10/socketserver.py", line 360, in finish_request
    self.RequestHandlerClass(request, client_address, self)
  File "/usr/lib/python3.10/socketserver.py", line 747, in __init__
    self.handle()
  File "/usr/lib/python3.10/http/server.py", line 435, in handle
    self.handle_one_request()
ConnectionResetError: [Errno 104] Connection reset by peer
  File "/usr/lib/python3.10/socketserver.py", line 360, in finish_request
    self.RequestHandlerClass(request, client_address, self)
  File "/usr/lib/python3.10/http/server.py", line 435, in handle
    self.handle_one_request()
  File "/usr/lib/python3.10/http/server.py", line 435, in handle
    self.handle_one_request()
  File "/usr/lib/python3.10/socketserver.py", line 683, in process_request_thread
    self.finish_request(request, client_address)
  File "/usr/lib/python3.10/socketserver.py", line 360, in finish_request
    self.RequestHandlerClass(request, client_address, self)
  File "/usr/lib/python3.10/socketserver.py", line 747, in __init__
    self.handle()
  File "/usr/lib/python3.10/http/server.py", line 435, in handle
    self.handle_one_request()
  File "/usr/lib/python3.10/http/server.py", line 435, in handle
    self.handle_one_request()
  File "/usr/lib/python3.10/socketserver.py", line 683, in process_request_thread
    self.finish_request(request, client_address)
  File "/usr/lib/python3.10/socketserver.py", line 747, in __init__
    self.handle()
  File "/usr/lib/python3.10/http/server.py", line 401, in handle_one_request
    self.raw_requestline = self.rfile.readline(65537)
  File "/usr/lib/python3.10/socketserver.py", line 747, in __init__
    self.handle()
  File "/usr/lib/python3.10/socketserver.py", line 360, in finish_request
    self.RequestHandlerClass(request, client_address, self)
  File "/usr/lib/python3.10/socketserver.py", line 747, in __init__
    self.handle()
  File "/usr/lib/python3.10/socketserver.py", line 360, in finish_request
    self.RequestHandlerClass(request, client_address, self)
  File "/usr/lib/python3.10/socketserver.py", line 747, in __init__
    self.handle()
  File "/usr/lib/python3.10/http/server.py", line 401, in handle_one_request
    self.raw_requestline = self.rfile.readline(65537)
  File "/usr/lib/python3.10/socketserver.py", line 360, in finish_request
    self.RequestHandlerClass(request, client_address, self)
  File "/usr/lib/python3.10/socketserver.py", line 747, in __init__
    self.handle()
  File "/usr/lib/python3.10/http/server.py", line 435, in handle
    self.handle_one_request()
  File "/usr/lib/python3.10/socket.py", line 705, in readinto
    return self._sock.recv_into(b)
  File "/usr/lib/python3.10/socket.py", line 705, in readinto
    return self._sock.recv_into(b)
  File "/usr/lib/python3.10/http/server.py", line 401, in handle_one_request
    self.raw_requestline = self.rfile.readline(65537)
----------------------------------------
  File "/usr/lib/python3.10/http/server.py", line 401, in handle_one_request
    self.raw_requestline = self.rfile.readline(65537)
  File "/usr/lib/python3.10/http/server.py", line 401, in handle_one_request
    self.raw_requestline = self.rfile.readline(65537)
  File "/usr/lib/python3.10/http/server.py", line 435, in handle
    self.handle_one_request()
  File "/usr/lib/python3.10/http/server.py", line 435, in handle
    self.handle_one_request()
  File "/usr/lib/python3.10/socketserver.py", line 360, in finish_request
    self.RequestHandlerClass(request, client_address, self)
  File "/usr/lib/python3.10/socketserver.py", line 747, in __init__
    self.handle()
  File "/usr/lib/python3.10/socket.py", line 705, in readinto
    return self._sock.recv_into(b)
  File "/usr/lib/python3.10/socket.py", line 705, in readinto
    return self._sock.recv_into(b)
  File "/usr/lib/python3.10/http/server.py", line 435, in handle
    self.handle_one_request()
ConnectionResetError: [Errno 104] Connection reset by peer
  File "/usr/lib/python3.10/http/server.py", line 401, in handle_one_request
    self.raw_requestline = self.rfile.readline(65537)
  File "/usr/lib/python3.10/http/server.py", line 401, in handle_one_request
    self.raw_requestline = self.rfile.readline(65537)
  File "/usr/lib/python3.10/http/server.py", line 435, in handle
    self.handle_one_request()
  File "/usr/lib/python3.10/http/server.py", line 435, in handle
    self.handle_one_request()
  File "/usr/lib/python3.10/http/server.py", line 401, in handle_one_request
    self.raw_requestline = self.rfile.readline(65537)
ConnectionResetError: [Errno 104] Connection reset by peer
  File "/usr/lib/python3.10/socket.py", line 705, in readinto
    return self._sock.recv_into(b)
ConnectionResetError: [Errno 104] Connection reset by peer
  File "/usr/lib/python3.10/http/server.py", line 401, in handle_one_request
    self.raw_requestline = self.rfile.readline(65537)
  File "/usr/lib/python3.10/socket.py", line 705, in readinto
    return self._sock.recv_into(b)
  File "/usr/lib/python3.10/http/server.py", line 401, in handle_one_request
    self.raw_requestline = self.rfile.readline(65537)
ConnectionResetError: [Errno 104] Connection reset by peer
----------------------------------------
ConnectionResetError: [Errno 104] Connection reset by peer
----------------------------------------
  File "/usr/lib/python3.10/socket.py", line 705, in readinto
    return self._sock.recv_into(b)
ConnectionResetError: [Errno 104] Connection reset by peer
  File "/usr/lib/python3.10/http/server.py", line 435, in handle
    self.handle_one_request()
  File "/usr/lib/python3.10/socket.py", line 705, in readinto
    return self._sock.recv_into(b)
----------------------------------------
----------------------------------------
  File "/usr/lib/python3.10/socket.py", line 705, in readinto
    return self._sock.recv_into(b)
ConnectionResetError: [Errno 104] Connection reset by peer
----------------------------------------
  File "/usr/lib/python3.10/http/server.py", line 401, in handle_one_request
    self.raw_requestline = self.rfile.readline(65537)
ConnectionResetError: [Errno 104] Connection reset by peer
----------------------------------------
ConnectionResetError: [Errno 104] Connection reset by peer
----------------------------------------
  File "/usr/lib/python3.10/http/server.py", line 401, in handle_one_request
    self.raw_requestline = self.rfile.readline(65537)
  File "/usr/lib/python3.10/http/server.py", line 401, in handle_one_request
    self.raw_requestline = self.rfile.readline(65537)
  File "/usr/lib/python3.10/socket.py", line 705, in readinto
    return self._sock.recv_into(b)
  File "/usr/lib/python3.10/socket.py", line 705, in readinto
    return self._sock.recv_into(b)
  File "/usr/lib/python3.10/http/server.py", line 435, in handle
    self.handle_one_request()
  File "/usr/lib/python3.10/socket.py", line 705, in readinto
    return self._sock.recv_into(b)
----------------------------------------
  File "/usr/lib/python3.10/socket.py", line 705, in readinto
    return self._sock.recv_into(b)
  File "/usr/lib/python3.10/socket.py", line 705, in readinto
    return self._sock.recv_into(b)
----------------------------------------
ConnectionResetError: [Errno 104] Connection reset by peer
ConnectionResetError: [Errno 104] Connection reset by peer
ConnectionResetError: [Errno 104] Connection reset by peer
  File "/usr/lib/python3.10/http/server.py", line 401, in handle_one_request
    self.raw_requestline = self.rfile.readline(65537)
ConnectionResetError: [Errno 104] Connection reset by peer
ConnectionResetError: [Errno 104] Connection reset by peer
----------------------------------------
----------------------------------------
----------------------------------------
  File "/usr/lib/python3.10/socket.py", line 705, in readinto
    return self._sock.recv_into(b)
----------------------------------------
ConnectionResetError: [Errno 104] Connection reset by peer
----------------------------------------
----------------------------------------
----------------------------------------
Exception occurred during processing of request from ('10.200.2.1', 58912)
----------------------------------------
----------------------------------------
----------------------------------------
----------------------------------------
----------------------------------------
----------------------------------------
----------------------------------------
----------------------------------------
----------------------------------------
Exception occurred during processing of request from ('10.200.2.1', 58962)
Traceback (most recent call last):
Exception occurred during processing of request from ('10.200.2.1', 59038)
Exception occurred during processing of request from ('10.200.2.1', 58924)
Exception occurred during processing of request from ('10.200.2.1', 59054)
Exception occurred during processing of request from ('10.200.2.1', 59050)
Exception occurred during processing of request from ('10.200.2.1', 58512)
Traceback (most recent call last):
Exception occurred during processing of request from ('10.200.2.1', 58976)
Exception occurred during processing of request from ('10.200.2.1', 59062)
----------------------------------------
Traceback (most recent call last):
----------------------------------------
Traceback (most recent call last):
Traceback (most recent call last):
----------------------------------------
Exception occurred during processing of request from ('10.200.2.1', 58952)
----------------------------------------
Traceback (most recent call last):
----------------------------------------
  File "/usr/lib/python3.10/socketserver.py", line 683, in process_request_thread
    self.finish_request(request, client_address)
----------------------------------------
----------------------------------------
Traceback (most recent call last):
----------------------------------------
  File "/usr/lib/python3.10/socketserver.py", line 683, in process_request_thread
    self.finish_request(request, client_address)
Traceback (most recent call last):
Traceback (most recent call last):
Traceback (most recent call last):
Exception occurred during processing of request from ('10.200.2.1', 58930)
  File "/usr/lib/python3.10/socketserver.py", line 360, in finish_request
    self.RequestHandlerClass(request, client_address, self)
Exception occurred during processing of request from ('10.200.2.1', 59058)
Exception occurred during processing of request from ('10.200.2.1', 59002)
  File "/usr/lib/python3.10/socketserver.py", line 683, in process_request_thread
    self.finish_request(request, client_address)
Exception occurred during processing of request from ('10.200.2.1', 58970)
  File "/usr/lib/python3.10/socketserver.py", line 360, in finish_request
    self.RequestHandlerClass(request, client_address, self)
  File "/usr/lib/python3.10/socketserver.py", line 683, in process_request_thread
    self.finish_request(request, client_address)
  File "/usr/lib/python3.10/socketserver.py", line 683, in process_request_thread
    self.finish_request(request, client_address)
  File "/usr/lib/python3.10/socketserver.py", line 360, in finish_request
    self.RequestHandlerClass(request, client_address, self)
  File "/usr/lib/python3.10/socketserver.py", line 683, in process_request_thread
    self.finish_request(request, client_address)
  File "/usr/lib/python3.10/socketserver.py", line 683, in process_request_thread
    self.finish_request(request, client_address)
  File "/usr/lib/python3.10/socketserver.py", line 747, in __init__
    self.handle()
  File "/usr/lib/python3.10/socketserver.py", line 683, in process_request_thread
    self.finish_request(request, client_address)
Exception occurred during processing of request from ('10.200.2.1', 59076)
  File "/usr/lib/python3.10/socketserver.py", line 360, in finish_request
    self.RequestHandlerClass(request, client_address, self)
Exception occurred during processing of request from ('10.200.2.1', 59026)
  File "/usr/lib/python3.10/socketserver.py", line 747, in __init__
    self.handle()
  File "/usr/lib/python3.10/http/server.py", line 435, in handle
    self.handle_one_request()
  File "/usr/lib/python3.10/http/server.py", line 401, in handle_one_request
    self.raw_requestline = self.rfile.readline(65537)
  File "/usr/lib/python3.10/socketserver.py", line 360, in finish_request
    self.RequestHandlerClass(request, client_address, self)
  File "/usr/lib/python3.10/socketserver.py", line 747, in __init__
    self.handle()
  File "/usr/lib/python3.10/socketserver.py", line 360, in finish_request
    self.RequestHandlerClass(request, client_address, self)
Traceback (most recent call last):
Traceback (most recent call last):
----------------------------------------
Traceback (most recent call last):
  File "/usr/lib/python3.10/socketserver.py", line 683, in process_request_thread
    self.finish_request(request, client_address)
Exception occurred during processing of request from ('10.200.2.1', 58990)
  File "/usr/lib/python3.10/socketserver.py", line 747, in __init__
    self.handle()
  File "/usr/lib/python3.10/http/server.py", line 435, in handle
    self.handle_one_request()
  File "/usr/lib/python3.10/socketserver.py", line 683, in process_request_thread
    self.finish_request(request, client_address)
  File "/usr/lib/python3.10/socketserver.py", line 360, in finish_request
    self.RequestHandlerClass(request, client_address, self)
Traceback (most recent call last):
  File "/usr/lib/python3.10/socketserver.py", line 747, in __init__
    self.handle()
Exception occurred during processing of request from ('10.200.2.1', 59010)
Traceback (most recent call last):
  File "/usr/lib/python3.10/socket.py", line 705, in readinto
    return self._sock.recv_into(b)
Traceback (most recent call last):
Traceback (most recent call last):
  File "/usr/lib/python3.10/http/server.py", line 435, in handle
    self.handle_one_request()
  File "/usr/lib/python3.10/socketserver.py", line 360, in finish_request
    self.RequestHandlerClass(request, client_address, self)
  File "/usr/lib/python3.10/socketserver.py", line 747, in __init__
    self.handle()
  File "/usr/lib/python3.10/socketserver.py", line 683, in process_request_thread
    self.finish_request(request, client_address)
  File "/usr/lib/python3.10/http/server.py", line 435, in handle
    self.handle_one_request()
  File "/usr/lib/python3.10/socketserver.py", line 360, in finish_request
    self.RequestHandlerClass(request, client_address, self)
  File "/usr/lib/python3.10/socketserver.py", line 683, in process_request_thread
    self.finish_request(request, client_address)
  File "/usr/lib/python3.10/socketserver.py", line 360, in finish_request
    self.RequestHandlerClass(request, client_address, self)
ConnectionResetError: [Errno 104] Connection reset by peer
  File "/usr/lib/python3.10/http/server.py", line 401, in handle_one_request
    self.raw_requestline = self.rfile.readline(65537)
  File "/usr/lib/python3.10/socketserver.py", line 683, in process_request_thread
    self.finish_request(request, client_address)
  File "/usr/lib/python3.10/socketserver.py", line 747, in __init__
    self.handle()
  File "/usr/lib/python3.10/socketserver.py", line 747, in __init__
    self.handle()
  File "/usr/lib/python3.10/http/server.py", line 435, in handle
    self.handle_one_request()
  File "/usr/lib/python3.10/http/server.py", line 401, in handle_one_request
    self.raw_requestline = self.rfile.readline(65537)
  File "/usr/lib/python3.10/socketserver.py", line 360, in finish_request
    self.RequestHandlerClass(request, client_address, self)
Traceback (most recent call last):
  File "/usr/lib/python3.10/socketserver.py", line 747, in __init__
    self.handle()
  File "/usr/lib/python3.10/http/server.py", line 435, in handle
    self.handle_one_request()
----------------------------------------
  File "/usr/lib/python3.10/http/server.py", line 401, in handle_one_request
    self.raw_requestline = self.rfile.readline(65537)
  File "/usr/lib/python3.10/http/server.py", line 435, in handle
    self.handle_one_request()
  File "/usr/lib/python3.10/http/server.py", line 435, in handle
    self.handle_one_request()
Exception occurred during processing of request from ('10.200.2.1', 58926)
  File "/usr/lib/python3.10/socketserver.py", line 747, in __init__
    self.handle()
  File "/usr/lib/python3.10/socketserver.py", line 683, in process_request_thread
    self.finish_request(request, client_address)
  File "/usr/lib/python3.10/socketserver.py", line 360, in finish_request
    self.RequestHandlerClass(request, client_address, self)
  File "/usr/lib/python3.10/socketserver.py", line 683, in process_request_thread
    self.finish_request(request, client_address)
  File "/usr/lib/python3.10/socketserver.py", line 360, in finish_request
    self.RequestHandlerClass(request, client_address, self)
  File "/usr/lib/python3.10/socketserver.py", line 747, in __init__
    self.handle()
  File "/usr/lib/python3.10/socketserver.py", line 683, in process_request_thread
    self.finish_request(request, client_address)
  File "/usr/lib/python3.10/http/server.py", line 401, in handle_one_request
    self.raw_requestline = self.rfile.readline(65537)
  File "/usr/lib/python3.10/socket.py", line 705, in readinto
    return self._sock.recv_into(b)
  File "/usr/lib/python3.10/socket.py", line 705, in readinto
    return self._sock.recv_into(b)
ConnectionResetError: [Errno 104] Connection reset by peer
  File "/usr/lib/python3.10/http/server.py", line 435, in handle
    self.handle_one_request()
  File "/usr/lib/python3.10/socketserver.py", line 747, in __init__
    self.handle()
  File "/usr/lib/python3.10/socketserver.py", line 683, in process_request_thread
    self.finish_request(request, client_address)
  File "/usr/lib/python3.10/socketserver.py", line 360, in finish_request
    self.RequestHandlerClass(request, client_address, self)
  File "/usr/lib/python3.10/socketserver.py", line 747, in __init__
    self.handle()
  File "/usr/lib/python3.10/http/server.py", line 401, in handle_one_request
    self.raw_requestline = self.rfile.readline(65537)
  File "/usr/lib/python3.10/socketserver.py", line 360, in finish_request
    self.RequestHandlerClass(request, client_address, self)
  File "/usr/lib/python3.10/socketserver.py", line 747, in __init__
    self.handle()
----------------------------------------
  File "/usr/lib/python3.10/http/server.py", line 401, in handle_one_request
    self.raw_requestline = self.rfile.readline(65537)
  File "/usr/lib/python3.10/http/server.py", line 401, in handle_one_request
    self.raw_requestline = self.rfile.readline(65537)
  File "/usr/lib/python3.10/socket.py", line 705, in readinto
    return self._sock.recv_into(b)
ConnectionResetError: [Errno 104] Connection reset by peer
  File "/usr/lib/python3.10/http/server.py", line 435, in handle
    self.handle_one_request()
Traceback (most recent call last):
  File "/usr/lib/python3.10/http/server.py", line 401, in handle_one_request
    self.raw_requestline = self.rfile.readline(65537)
  File "/usr/lib/python3.10/http/server.py", line 435, in handle
    self.handle_one_request()
  File "/usr/lib/python3.10/socketserver.py", line 747, in __init__
    self.handle()
  File "/usr/lib/python3.10/socket.py", line 705, in readinto
    return self._sock.recv_into(b)
  File "/usr/lib/python3.10/socketserver.py", line 360, in finish_request
    self.RequestHandlerClass(request, client_address, self)
  File "/usr/lib/python3.10/socket.py", line 705, in readinto
    return self._sock.recv_into(b)
  File "/usr/lib/python3.10/http/server.py", line 401, in handle_one_request
    self.raw_requestline = self.rfile.readline(65537)
  File "/usr/lib/python3.10/socket.py", line 705, in readinto
    return self._sock.recv_into(b)
  File "/usr/lib/python3.10/socketserver.py", line 683, in process_request_thread
    self.finish_request(request, client_address)
  File "/usr/lib/python3.10/socketserver.py", line 360, in finish_request
    self.RequestHandlerClass(request, client_address, self)
  File "/usr/lib/python3.10/http/server.py", line 401, in handle_one_request
    self.raw_requestline = self.rfile.readline(65537)
  File "/usr/lib/python3.10/socketserver.py", line 683, in process_request_thread
    self.finish_request(request, client_address)
  File "/usr/lib/python3.10/http/server.py", line 435, in handle
    self.handle_one_request()
  File "/usr/lib/python3.10/socketserver.py", line 747, in __init__
    self.handle()
  File "/usr/lib/python3.10/socket.py", line 705, in readinto
    return self._sock.recv_into(b)
  File "/usr/lib/python3.10/http/server.py", line 435, in handle
    self.handle_one_request()
  File "/usr/lib/python3.10/socket.py", line 705, in readinto
    return self._sock.recv_into(b)
  File "/usr/lib/python3.10/http/server.py", line 435, in handle
    self.handle_one_request()
ConnectionResetError: [Errno 104] Connection reset by peer
  File "/usr/lib/python3.10/http/server.py", line 401, in handle_one_request
    self.raw_requestline = self.rfile.readline(65537)
ConnectionResetError: [Errno 104] Connection reset by peer
ConnectionResetError: [Errno 104] Connection reset by peer
ConnectionResetError: [Errno 104] Connection reset by peer
ConnectionResetError: [Errno 104] Connection reset by peer
  File "/usr/lib/python3.10/http/server.py", line 435, in handle
    self.handle_one_request()
  File "/usr/lib/python3.10/http/server.py", line 401, in handle_one_request
    self.raw_requestline = self.rfile.readline(65537)
  File "/usr/lib/python3.10/http/server.py", line 401, in handle_one_request
    self.raw_requestline = self.rfile.readline(65537)
  File "/usr/lib/python3.10/http/server.py", line 435, in handle
    self.handle_one_request()
  File "/usr/lib/python3.10/socket.py", line 705, in readinto
    return self._sock.recv_into(b)
  File "/usr/lib/python3.10/http/server.py", line 401, in handle_one_request
    self.raw_requestline = self.rfile.readline(65537)
----------------------------------------
ConnectionResetError: [Errno 104] Connection reset by peer
----------------------------------------
  File "/usr/lib/python3.10/socketserver.py", line 360, in finish_request
    self.RequestHandlerClass(request, client_address, self)
  File "/usr/lib/python3.10/socket.py", line 705, in readinto
    return self._sock.recv_into(b)
  File "/usr/lib/python3.10/socket.py", line 705, in readinto
    return self._sock.recv_into(b)
  File "/usr/lib/python3.10/http/server.py", line 401, in handle_one_request
    self.raw_requestline = self.rfile.readline(65537)
ConnectionResetError: [Errno 104] Connection reset by peer
----------------------------------------
----------------------------------------
----------------------------------------
----------------------------------------
  File "/usr/lib/python3.10/socket.py", line 705, in readinto
    return self._sock.recv_into(b)
----------------------------------------
  File "/usr/lib/python3.10/socketserver.py", line 360, in finish_request
    self.RequestHandlerClass(request, client_address, self)
  File "/usr/lib/python3.10/socket.py", line 705, in readinto
    return self._sock.recv_into(b)
  File "/usr/lib/python3.10/socket.py", line 705, in readinto
    return self._sock.recv_into(b)
ConnectionResetError: [Errno 104] Connection reset by peer
ConnectionResetError: [Errno 104] Connection reset by peer
----------------------------------------
  File "/usr/lib/python3.10/socketserver.py", line 747, in __init__
    self.handle()
  File "/usr/lib/python3.10/http/server.py", line 435, in handle
    self.handle_one_request()
  File "/usr/lib/python3.10/socketserver.py", line 747, in __init__
    self.handle()
ConnectionResetError: [Errno 104] Connection reset by peer
  File "/usr/lib/python3.10/socket.py", line 705, in readinto
    return self._sock.recv_into(b)
  File "/usr/lib/python3.10/socketserver.py", line 747, in __init__
    self.handle()
ConnectionResetError: [Errno 104] Connection reset by peer
----------------------------------------
ConnectionResetError: [Errno 104] Connection reset by peer
  File "/usr/lib/python3.10/http/server.py", line 435, in handle
    self.handle_one_request()
  File "/usr/lib/python3.10/http/server.py", line 435, in handle
    self.handle_one_request()
----------------------------------------
ConnectionResetError: [Errno 104] Connection reset by peer
  File "/usr/lib/python3.10/http/server.py", line 401, in handle_one_request
    self.raw_requestline = self.rfile.readline(65537)
----------------------------------------
----------------------------------------
----------------------------------------
  File "/usr/lib/python3.10/socket.py", line 705, in readinto
    return self._sock.recv_into(b)
----------------------------------------
ConnectionResetError: [Errno 104] Connection reset by peer
  File "/usr/lib/python3.10/http/server.py", line 401, in handle_one_request
    self.raw_requestline = self.rfile.readline(65537)
----------------------------------------
  File "/usr/lib/python3.10/socket.py", line 705, in readinto
    return self._sock.recv_into(b)
  File "/usr/lib/python3.10/http/server.py", line 401, in handle_one_request
    self.raw_requestline = self.rfile.readline(65537)
ConnectionResetError: [Errno 104] Connection reset by peer
  File "/usr/lib/python3.10/socket.py", line 705, in readinto
    return self._sock.recv_into(b)
----------------------------------------
ConnectionResetError: [Errno 104] Connection reset by peer
----------------------------------------
